ISO-10303-21;
HEADER;
FILE_DESCRIPTION(('Open CASCADE Model'),'2;1');
FILE_NAME('Open CASCADE Shape Model','2026-05-23T11:04:56',('Author'),(
    'Open CASCADE'),'Open CASCADE STEP processor 7.8','Open CASCADE 7.8'
  ,'Unknown');
FILE_SCHEMA(('AUTOMOTIVE_DESIGN { 1 0 10303 214 1 1 1 1 }'));
ENDSEC;
DATA;
#1 = APPLICATION_PROTOCOL_DEFINITION('international standard',
  'automotive_design',2000,#2);
#2 = APPLICATION_CONTEXT(
  'core data for automotive mechanical design processes');
#3 = SHAPE_DEFINITION_REPRESENTATION(#4,#10);
#4 = PRODUCT_DEFINITION_SHAPE('','',#5);
#5 = PRODUCT_DEFINITION('design','',#6,#9);
#6 = PRODUCT_DEFINITION_FORMATION('','',#7);
#7 = PRODUCT('Open CASCADE STEP translator 7.8 12',
  'Open CASCADE STEP translator 7.8 12','',(#8));
#8 = PRODUCT_CONTEXT('',#2,'mechanical');
#9 = PRODUCT_DEFINITION_CONTEXT('part definition',#2,'design');
#10 = SHAPE_REPRESENTATION('',(#11,#15,#19,#23,#27,#31,#35,#39,#43,#47,
    #51,#55,#59,#63,#67,#71,#75,#79,#83,#87,#91,#95,#99,#103,#107,#111,
    #115,#119),#123);
#11 = AXIS2_PLACEMENT_3D('',#12,#13,#14);
#12 = CARTESIAN_POINT('',(0.,0.,0.));
#13 = DIRECTION('',(0.,0.,1.));
#14 = DIRECTION('',(1.,0.,-0.));
#15 = AXIS2_PLACEMENT_3D('',#16,#17,#18);
#16 = CARTESIAN_POINT('',(0.,266.5,20.));
#17 = DIRECTION('',(0.,0.,1.));
#18 = DIRECTION('',(1.,0.,-0.));
#19 = AXIS2_PLACEMENT_3D('',#20,#21,#22);
#20 = CARTESIAN_POINT('',(0.,799.5,20.));
#21 = DIRECTION('',(0.,0.,1.));
#22 = DIRECTION('',(1.,0.,-0.));
#23 = AXIS2_PLACEMENT_3D('',#24,#25,#26);
#24 = CARTESIAN_POINT('',(0.,1.3325E+03,20.));
#25 = DIRECTION('',(0.,0.,1.));
#26 = DIRECTION('',(1.,0.,-0.));
#27 = AXIS2_PLACEMENT_3D('',#28,#29,#30);
#28 = CARTESIAN_POINT('',(0.,1.8655E+03,20.));
#29 = DIRECTION('',(0.,0.,1.));
#30 = DIRECTION('',(1.,0.,-0.));
#31 = AXIS2_PLACEMENT_3D('',#32,#33,#34);
#32 = CARTESIAN_POINT('',(-1.318E+03,0.,16.));
#33 = DIRECTION('',(-0.,1.,1.110223024625E-16));
#34 = DIRECTION('',(1.,0.,0.));
#35 = AXIS2_PLACEMENT_3D('',#36,#37,#38);
#36 = CARTESIAN_POINT('',(1.318E+03,0.,16.));
#37 = DIRECTION('',(-0.,1.,1.110223024625E-16));
#38 = DIRECTION('',(1.,0.,0.));
#39 = AXIS2_PLACEMENT_3D('',#40,#41,#42);
#40 = CARTESIAN_POINT('',(-1.28E+03,2.1E+03,0.));
#41 = DIRECTION('',(0.,0.,1.));
#42 = DIRECTION('',(1.,0.,0.));
#43 = AXIS2_PLACEMENT_3D('',#44,#45,#46);
#44 = CARTESIAN_POINT('',(1.28E+03,2.1E+03,0.));
#45 = DIRECTION('',(0.,0.,1.));
#46 = DIRECTION('',(-1.,1.224646799147E-16,0.));
#47 = AXIS2_PLACEMENT_3D('',#48,#49,#50);
#48 = CARTESIAN_POINT('',(-1.318E+03,2.405E+03,305.));
#49 = DIRECTION('',(0.,0.,1.));
#50 = DIRECTION('',(1.,0.,-0.));
#51 = AXIS2_PLACEMENT_3D('',#52,#53,#54);
#52 = CARTESIAN_POINT('',(1.318E+03,2.405E+03,305.));
#53 = DIRECTION('',(0.,0.,1.));
#54 = DIRECTION('',(1.,0.,-0.));
#55 = AXIS2_PLACEMENT_3D('',#56,#57,#58);
#56 = CARTESIAN_POINT('',(-800.,2.175E+03,32.));
#57 = DIRECTION('',(1.,-0.,1.110223024625E-16));
#58 = DIRECTION('',(1.110223024625E-16,0.,-1.));
#59 = AXIS2_PLACEMENT_3D('',#60,#61,#62);
#60 = CARTESIAN_POINT('',(0.,2.175E+03,0.));
#61 = DIRECTION('',(0.,0.,1.));
#62 = DIRECTION('',(1.,0.,-0.));
#63 = AXIS2_PLACEMENT_3D('',#64,#65,#66);
#64 = CARTESIAN_POINT('',(-1.318E+03,600.,0.));
#65 = DIRECTION('',(0.,0.,1.));
#66 = DIRECTION('',(1.,0.,-0.));
#67 = AXIS2_PLACEMENT_3D('',#68,#69,#70);
#68 = CARTESIAN_POINT('',(-1.318E+03,1.2E+03,0.));
#69 = DIRECTION('',(0.,0.,1.));
#70 = DIRECTION('',(1.,0.,-0.));
#71 = AXIS2_PLACEMENT_3D('',#72,#73,#74);
#72 = CARTESIAN_POINT('',(-1.318E+03,1.8E+03,0.));
#73 = DIRECTION('',(0.,0.,1.));
#74 = DIRECTION('',(1.,0.,-0.));
#75 = AXIS2_PLACEMENT_3D('',#76,#77,#78);
#76 = CARTESIAN_POINT('',(1.318E+03,600.,0.));
#77 = DIRECTION('',(0.,0.,1.));
#78 = DIRECTION('',(1.,0.,-0.));
#79 = AXIS2_PLACEMENT_3D('',#80,#81,#82);
#80 = CARTESIAN_POINT('',(1.318E+03,1.2E+03,0.));
#81 = DIRECTION('',(0.,0.,1.));
#82 = DIRECTION('',(1.,0.,-0.));
#83 = AXIS2_PLACEMENT_3D('',#84,#85,#86);
#84 = CARTESIAN_POINT('',(1.318E+03,1.8E+03,0.));
#85 = DIRECTION('',(0.,0.,1.));
#86 = DIRECTION('',(1.,0.,-0.));
#87 = AXIS2_PLACEMENT_3D('',#88,#89,#90);
#88 = CARTESIAN_POINT('',(0.,2.225E+03,0.));
#89 = DIRECTION('',(0.,0.,1.));
#90 = DIRECTION('',(1.,0.,-0.));
#91 = AXIS2_PLACEMENT_3D('',#92,#93,#94);
#92 = CARTESIAN_POINT('',(0.,2.225E+03,200.));
#93 = DIRECTION('',(0.,0.,1.));
#94 = DIRECTION('',(1.,0.,-0.));
#95 = AXIS2_PLACEMENT_3D('',#96,#97,#98);
#96 = CARTESIAN_POINT('',(-1.27E+03,-10.,20.));
#97 = DIRECTION('',(0.,-0.,1.));
#98 = DIRECTION('',(1.110223024625E-16,1.,0.));
#99 = AXIS2_PLACEMENT_3D('',#100,#101,#102);
#100 = CARTESIAN_POINT('',(-1.195E+03,533.,20.));
#101 = DIRECTION('',(0.,-0.,1.));
#102 = DIRECTION('',(1.110223024625E-16,1.,0.));
#103 = AXIS2_PLACEMENT_3D('',#104,#105,#106);
#104 = CARTESIAN_POINT('',(1.195E+03,533.,20.));
#105 = DIRECTION('',(0.,-0.,1.));
#106 = DIRECTION('',(1.110223024625E-16,1.,0.));
#107 = AXIS2_PLACEMENT_3D('',#108,#109,#110);
#108 = CARTESIAN_POINT('',(-1.195E+03,1.066E+03,20.));
#109 = DIRECTION('',(0.,-0.,1.));
#110 = DIRECTION('',(1.110223024625E-16,1.,0.));
#111 = AXIS2_PLACEMENT_3D('',#112,#113,#114);
#112 = CARTESIAN_POINT('',(1.195E+03,1.066E+03,20.));
#113 = DIRECTION('',(0.,-0.,1.));
#114 = DIRECTION('',(1.110223024625E-16,1.,0.));
#115 = AXIS2_PLACEMENT_3D('',#116,#117,#118);
#116 = CARTESIAN_POINT('',(-1.195E+03,1.599E+03,20.));
#117 = DIRECTION('',(0.,-0.,1.));
#118 = DIRECTION('',(1.110223024625E-16,1.,0.));
#119 = AXIS2_PLACEMENT_3D('',#120,#121,#122);
#120 = CARTESIAN_POINT('',(1.195E+03,1.599E+03,20.));
#121 = DIRECTION('',(0.,-0.,1.));
#122 = DIRECTION('',(1.110223024625E-16,1.,0.));
#123 = ( GEOMETRIC_REPRESENTATION_CONTEXT(3) 
GLOBAL_UNCERTAINTY_ASSIGNED_CONTEXT((#127)) GLOBAL_UNIT_ASSIGNED_CONTEXT
((#124,#125,#126)) REPRESENTATION_CONTEXT('Context #1',
  '3D Context with UNIT and UNCERTAINTY') );
#124 = ( LENGTH_UNIT() NAMED_UNIT(*) SI_UNIT(.MILLI.,.METRE.) );
#125 = ( NAMED_UNIT(*) PLANE_ANGLE_UNIT() SI_UNIT($,.RADIAN.) );
#126 = ( NAMED_UNIT(*) SI_UNIT($,.STERADIAN.) SOLID_ANGLE_UNIT() );
#127 = UNCERTAINTY_MEASURE_WITH_UNIT(LENGTH_MEASURE(1.E-07),#124,
  'distance_accuracy_value','confusion accuracy');
#128 = PRODUCT_RELATED_PRODUCT_CATEGORY('part',$,(#7));
#129 = SHAPE_DEFINITION_REPRESENTATION(#130,#136);
#130 = PRODUCT_DEFINITION_SHAPE('','',#131);
#131 = PRODUCT_DEFINITION('design','',#132,#135);
#132 = PRODUCT_DEFINITION_FORMATION('','',#133);
#133 = PRODUCT('Open CASCADE STEP translator 7.8 12.1',
  'Open CASCADE STEP translator 7.8 12.1','',(#134));
#134 = PRODUCT_CONTEXT('',#2,'mechanical');
#135 = PRODUCT_DEFINITION_CONTEXT('part definition',#2,'design');
#136 = SHAPE_REPRESENTATION('',(#11,#137),#141);
#137 = AXIS2_PLACEMENT_3D('',#138,#139,#140);
#138 = CARTESIAN_POINT('',(0.,0.,0.));
#139 = DIRECTION('',(0.,0.,1.));
#140 = DIRECTION('',(1.,0.,-0.));
#141 = ( GEOMETRIC_REPRESENTATION_CONTEXT(3) 
GLOBAL_UNCERTAINTY_ASSIGNED_CONTEXT((#145)) GLOBAL_UNIT_ASSIGNED_CONTEXT
((#142,#143,#144)) REPRESENTATION_CONTEXT('Context #1',
  '3D Context with UNIT and UNCERTAINTY') );
#142 = ( LENGTH_UNIT() NAMED_UNIT(*) SI_UNIT(.MILLI.,.METRE.) );
#143 = ( NAMED_UNIT(*) PLANE_ANGLE_UNIT() SI_UNIT($,.RADIAN.) );
#144 = ( NAMED_UNIT(*) SI_UNIT($,.STERADIAN.) SOLID_ANGLE_UNIT() );
#145 = UNCERTAINTY_MEASURE_WITH_UNIT(LENGTH_MEASURE(1.E-07),#142,
  'distance_accuracy_value','confusion accuracy');
#146 = CONTEXT_DEPENDENT_SHAPE_REPRESENTATION(#147,#149);
#147 = ( REPRESENTATION_RELATIONSHIP('','',#136,#10) 
REPRESENTATION_RELATIONSHIP_WITH_TRANSFORMATION(#148) 
SHAPE_REPRESENTATION_RELATIONSHIP() );
#148 = ITEM_DEFINED_TRANSFORMATION('','',#11,#15);
#149 = PRODUCT_DEFINITION_SHAPE('Placement','Placement of an item',#150
  );
#150 = NEXT_ASSEMBLY_USAGE_OCCURRENCE('9','','',#5,#131,$);
#151 = PRODUCT_RELATED_PRODUCT_CATEGORY('part',$,(#133));
#152 = SHAPE_DEFINITION_REPRESENTATION(#153,#159);
#153 = PRODUCT_DEFINITION_SHAPE('','',#154);
#154 = PRODUCT_DEFINITION('design','',#155,#158);
#155 = PRODUCT_DEFINITION_FORMATION('','',#156);
#156 = PRODUCT('Open CASCADE STEP translator 7.8 12.1.1',
  'Open CASCADE STEP translator 7.8 12.1.1','',(#157));
#157 = PRODUCT_CONTEXT('',#2,'mechanical');
#158 = PRODUCT_DEFINITION_CONTEXT('part definition',#2,'design');
#159 = SHAPE_REPRESENTATION('',(#11,#160,#164),#168);
#160 = AXIS2_PLACEMENT_3D('',#161,#162,#163);
#161 = CARTESIAN_POINT('',(0.,0.,0.));
#162 = DIRECTION('',(0.,0.,1.));
#163 = DIRECTION('',(1.,0.,0.));
#164 = AXIS2_PLACEMENT_3D('',#165,#166,#167);
#165 = CARTESIAN_POINT('',(0.,0.,0.));
#166 = DIRECTION('',(0.,0.,1.));
#167 = DIRECTION('',(1.,0.,0.));
#168 = ( GEOMETRIC_REPRESENTATION_CONTEXT(3) 
GLOBAL_UNCERTAINTY_ASSIGNED_CONTEXT((#172)) GLOBAL_UNIT_ASSIGNED_CONTEXT
((#169,#170,#171)) REPRESENTATION_CONTEXT('Context #1',
  '3D Context with UNIT and UNCERTAINTY') );
#169 = ( LENGTH_UNIT() NAMED_UNIT(*) SI_UNIT(.MILLI.,.METRE.) );
#170 = ( NAMED_UNIT(*) PLANE_ANGLE_UNIT() SI_UNIT($,.RADIAN.) );
#171 = ( NAMED_UNIT(*) SI_UNIT($,.STERADIAN.) SOLID_ANGLE_UNIT() );
#172 = UNCERTAINTY_MEASURE_WITH_UNIT(LENGTH_MEASURE(1.E-07),#169,
  'distance_accuracy_value','confusion accuracy');
#173 = CONTEXT_DEPENDENT_SHAPE_REPRESENTATION(#174,#176);
#174 = ( REPRESENTATION_RELATIONSHIP('','',#159,#136) 
REPRESENTATION_RELATIONSHIP_WITH_TRANSFORMATION(#175) 
SHAPE_REPRESENTATION_RELATIONSHIP() );
#175 = ITEM_DEFINED_TRANSFORMATION('','',#11,#137);
#176 = PRODUCT_DEFINITION_SHAPE('Placement','Placement of an item',#177
  );
#177 = NEXT_ASSEMBLY_USAGE_OCCURRENCE('8','','',#131,#154,$);
#178 = PRODUCT_RELATED_PRODUCT_CATEGORY('part',$,(#156));
#179 = SHAPE_DEFINITION_REPRESENTATION(#180,#186);
#180 = PRODUCT_DEFINITION_SHAPE('','',#181);
#181 = PRODUCT_DEFINITION('design','',#182,#185);
#182 = PRODUCT_DEFINITION_FORMATION('','',#183);
#183 = PRODUCT('Open CASCADE STEP translator 7.8 12.1.1.1',
  'Open CASCADE STEP translator 7.8 12.1.1.1','',(#184));
#184 = PRODUCT_CONTEXT('',#2,'mechanical');
#185 = PRODUCT_DEFINITION_CONTEXT('part definition',#2,'design');
#186 = ADVANCED_BREP_SHAPE_REPRESENTATION('',(#11,#187),#517);
#187 = MANIFOLD_SOLID_BREP('',#188);
#188 = CLOSED_SHELL('',(#189,#309,#409,#456,#503,#510));
#189 = ADVANCED_FACE('',(#190),#204,.F.);
#190 = FACE_BOUND('',#191,.F.);
#191 = EDGE_LOOP('',(#192,#227,#255,#283));
#192 = ORIENTED_EDGE('',*,*,#193,.F.);
#193 = EDGE_CURVE('',#194,#196,#198,.T.);
#194 = VERTEX_POINT('',#195);
#195 = CARTESIAN_POINT('',(-1.27E+03,-266.5,-20.));
#196 = VERTEX_POINT('',#197);
#197 = CARTESIAN_POINT('',(-1.27E+03,-266.5,20.));
#198 = SURFACE_CURVE('',#199,(#203,#215),.PCURVE_S1.);
#199 = LINE('',#200,#201);
#200 = CARTESIAN_POINT('',(-1.27E+03,-266.5,-20.));
#201 = VECTOR('',#202,1.);
#202 = DIRECTION('',(0.,0.,1.));
#203 = PCURVE('',#204,#209);
#204 = PLANE('',#205);
#205 = AXIS2_PLACEMENT_3D('',#206,#207,#208);
#206 = CARTESIAN_POINT('',(-1.27E+03,-266.5,-20.));
#207 = DIRECTION('',(1.,0.,-0.));
#208 = DIRECTION('',(0.,0.,1.));
#209 = DEFINITIONAL_REPRESENTATION('',(#210),#214);
#210 = LINE('',#211,#212);
#211 = CARTESIAN_POINT('',(0.,0.));
#212 = VECTOR('',#213,1.);
#213 = DIRECTION('',(1.,0.));
#214 = ( GEOMETRIC_REPRESENTATION_CONTEXT(2) 
PARAMETRIC_REPRESENTATION_CONTEXT() REPRESENTATION_CONTEXT('2D SPACE',''
  ) );
#215 = PCURVE('',#216,#221);
#216 = PLANE('',#217);
#217 = AXIS2_PLACEMENT_3D('',#218,#219,#220);
#218 = CARTESIAN_POINT('',(-1.27E+03,-266.5,-20.));
#219 = DIRECTION('',(-0.,1.,0.));
#220 = DIRECTION('',(0.,0.,1.));
#221 = DEFINITIONAL_REPRESENTATION('',(#222),#226);
#222 = LINE('',#223,#224);
#223 = CARTESIAN_POINT('',(0.,0.));
#224 = VECTOR('',#225,1.);
#225 = DIRECTION('',(1.,0.));
#226 = ( GEOMETRIC_REPRESENTATION_CONTEXT(2) 
PARAMETRIC_REPRESENTATION_CONTEXT() REPRESENTATION_CONTEXT('2D SPACE',''
  ) );
#227 = ORIENTED_EDGE('',*,*,#228,.T.);
#228 = EDGE_CURVE('',#194,#229,#231,.T.);
#229 = VERTEX_POINT('',#230);
#230 = CARTESIAN_POINT('',(-1.27E+03,266.5,-20.));
#231 = SURFACE_CURVE('',#232,(#236,#243),.PCURVE_S1.);
#232 = LINE('',#233,#234);
#233 = CARTESIAN_POINT('',(-1.27E+03,-266.5,-20.));
#234 = VECTOR('',#235,1.);
#235 = DIRECTION('',(-0.,1.,0.));
#236 = PCURVE('',#204,#237);
#237 = DEFINITIONAL_REPRESENTATION('',(#238),#242);
#238 = LINE('',#239,#240);
#239 = CARTESIAN_POINT('',(0.,0.));
#240 = VECTOR('',#241,1.);
#241 = DIRECTION('',(0.,-1.));
#242 = ( GEOMETRIC_REPRESENTATION_CONTEXT(2) 
PARAMETRIC_REPRESENTATION_CONTEXT() REPRESENTATION_CONTEXT('2D SPACE',''
  ) );
#243 = PCURVE('',#244,#249);
#244 = PLANE('',#245);
#245 = AXIS2_PLACEMENT_3D('',#246,#247,#248);
#246 = CARTESIAN_POINT('',(-1.27E+03,-266.5,-20.));
#247 = DIRECTION('',(0.,0.,1.));
#248 = DIRECTION('',(1.,0.,-0.));
#249 = DEFINITIONAL_REPRESENTATION('',(#250),#254);
#250 = LINE('',#251,#252);
#251 = CARTESIAN_POINT('',(0.,0.));
#252 = VECTOR('',#253,1.);
#253 = DIRECTION('',(0.,1.));
#254 = ( GEOMETRIC_REPRESENTATION_CONTEXT(2) 
PARAMETRIC_REPRESENTATION_CONTEXT() REPRESENTATION_CONTEXT('2D SPACE',''
  ) );
#255 = ORIENTED_EDGE('',*,*,#256,.T.);
#256 = EDGE_CURVE('',#229,#257,#259,.T.);
#257 = VERTEX_POINT('',#258);
#258 = CARTESIAN_POINT('',(-1.27E+03,266.5,20.));
#259 = SURFACE_CURVE('',#260,(#264,#271),.PCURVE_S1.);
#260 = LINE('',#261,#262);
#261 = CARTESIAN_POINT('',(-1.27E+03,266.5,-20.));
#262 = VECTOR('',#263,1.);
#263 = DIRECTION('',(0.,0.,1.));
#264 = PCURVE('',#204,#265);
#265 = DEFINITIONAL_REPRESENTATION('',(#266),#270);
#266 = LINE('',#267,#268);
#267 = CARTESIAN_POINT('',(0.,-533.));
#268 = VECTOR('',#269,1.);
#269 = DIRECTION('',(1.,0.));
#270 = ( GEOMETRIC_REPRESENTATION_CONTEXT(2) 
PARAMETRIC_REPRESENTATION_CONTEXT() REPRESENTATION_CONTEXT('2D SPACE',''
  ) );
#271 = PCURVE('',#272,#277);
#272 = PLANE('',#273);
#273 = AXIS2_PLACEMENT_3D('',#274,#275,#276);
#274 = CARTESIAN_POINT('',(-1.27E+03,266.5,-20.));
#275 = DIRECTION('',(-0.,1.,0.));
#276 = DIRECTION('',(0.,0.,1.));
#277 = DEFINITIONAL_REPRESENTATION('',(#278),#282);
#278 = LINE('',#279,#280);
#279 = CARTESIAN_POINT('',(0.,0.));
#280 = VECTOR('',#281,1.);
#281 = DIRECTION('',(1.,0.));
#282 = ( GEOMETRIC_REPRESENTATION_CONTEXT(2) 
PARAMETRIC_REPRESENTATION_CONTEXT() REPRESENTATION_CONTEXT('2D SPACE',''
  ) );
#283 = ORIENTED_EDGE('',*,*,#284,.F.);
#284 = EDGE_CURVE('',#196,#257,#285,.T.);
#285 = SURFACE_CURVE('',#286,(#290,#297),.PCURVE_S1.);
#286 = LINE('',#287,#288);
#287 = CARTESIAN_POINT('',(-1.27E+03,-266.5,20.));
#288 = VECTOR('',#289,1.);
#289 = DIRECTION('',(-0.,1.,0.));
#290 = PCURVE('',#204,#291);
#291 = DEFINITIONAL_REPRESENTATION('',(#292),#296);
#292 = LINE('',#293,#294);
#293 = CARTESIAN_POINT('',(40.,0.));
#294 = VECTOR('',#295,1.);
#295 = DIRECTION('',(0.,-1.));
#296 = ( GEOMETRIC_REPRESENTATION_CONTEXT(2) 
PARAMETRIC_REPRESENTATION_CONTEXT() REPRESENTATION_CONTEXT('2D SPACE',''
  ) );
#297 = PCURVE('',#298,#303);
#298 = PLANE('',#299);
#299 = AXIS2_PLACEMENT_3D('',#300,#301,#302);
#300 = CARTESIAN_POINT('',(-1.27E+03,-266.5,20.));
#301 = DIRECTION('',(0.,0.,1.));
#302 = DIRECTION('',(1.,0.,-0.));
#303 = DEFINITIONAL_REPRESENTATION('',(#304),#308);
#304 = LINE('',#305,#306);
#305 = CARTESIAN_POINT('',(0.,0.));
#306 = VECTOR('',#307,1.);
#307 = DIRECTION('',(0.,1.));
#308 = ( GEOMETRIC_REPRESENTATION_CONTEXT(2) 
PARAMETRIC_REPRESENTATION_CONTEXT() REPRESENTATION_CONTEXT('2D SPACE',''
  ) );
#309 = ADVANCED_FACE('',(#310),#324,.T.);
#310 = FACE_BOUND('',#311,.T.);
#311 = EDGE_LOOP('',(#312,#342,#365,#388));
#312 = ORIENTED_EDGE('',*,*,#313,.F.);
#313 = EDGE_CURVE('',#314,#316,#318,.T.);
#314 = VERTEX_POINT('',#315);
#315 = CARTESIAN_POINT('',(1.27E+03,-266.5,-20.));
#316 = VERTEX_POINT('',#317);
#317 = CARTESIAN_POINT('',(1.27E+03,-266.5,20.));
#318 = SURFACE_CURVE('',#319,(#323,#335),.PCURVE_S1.);
#319 = LINE('',#320,#321);
#320 = CARTESIAN_POINT('',(1.27E+03,-266.5,-20.));
#321 = VECTOR('',#322,1.);
#322 = DIRECTION('',(0.,0.,1.));
#323 = PCURVE('',#324,#329);
#324 = PLANE('',#325);
#325 = AXIS2_PLACEMENT_3D('',#326,#327,#328);
#326 = CARTESIAN_POINT('',(1.27E+03,-266.5,-20.));
#327 = DIRECTION('',(1.,0.,-0.));
#328 = DIRECTION('',(0.,0.,1.));
#329 = DEFINITIONAL_REPRESENTATION('',(#330),#334);
#330 = LINE('',#331,#332);
#331 = CARTESIAN_POINT('',(0.,0.));
#332 = VECTOR('',#333,1.);
#333 = DIRECTION('',(1.,0.));
#334 = ( GEOMETRIC_REPRESENTATION_CONTEXT(2) 
PARAMETRIC_REPRESENTATION_CONTEXT() REPRESENTATION_CONTEXT('2D SPACE',''
  ) );
#335 = PCURVE('',#216,#336);
#336 = DEFINITIONAL_REPRESENTATION('',(#337),#341);
#337 = LINE('',#338,#339);
#338 = CARTESIAN_POINT('',(0.,2.54E+03));
#339 = VECTOR('',#340,1.);
#340 = DIRECTION('',(1.,0.));
#341 = ( GEOMETRIC_REPRESENTATION_CONTEXT(2) 
PARAMETRIC_REPRESENTATION_CONTEXT() REPRESENTATION_CONTEXT('2D SPACE',''
  ) );
#342 = ORIENTED_EDGE('',*,*,#343,.T.);
#343 = EDGE_CURVE('',#314,#344,#346,.T.);
#344 = VERTEX_POINT('',#345);
#345 = CARTESIAN_POINT('',(1.27E+03,266.5,-20.));
#346 = SURFACE_CURVE('',#347,(#351,#358),.PCURVE_S1.);
#347 = LINE('',#348,#349);
#348 = CARTESIAN_POINT('',(1.27E+03,-266.5,-20.));
#349 = VECTOR('',#350,1.);
#350 = DIRECTION('',(-0.,1.,0.));
#351 = PCURVE('',#324,#352);
#352 = DEFINITIONAL_REPRESENTATION('',(#353),#357);
#353 = LINE('',#354,#355);
#354 = CARTESIAN_POINT('',(0.,0.));
#355 = VECTOR('',#356,1.);
#356 = DIRECTION('',(0.,-1.));
#357 = ( GEOMETRIC_REPRESENTATION_CONTEXT(2) 
PARAMETRIC_REPRESENTATION_CONTEXT() REPRESENTATION_CONTEXT('2D SPACE',''
  ) );
#358 = PCURVE('',#244,#359);
#359 = DEFINITIONAL_REPRESENTATION('',(#360),#364);
#360 = LINE('',#361,#362);
#361 = CARTESIAN_POINT('',(2.54E+03,0.));
#362 = VECTOR('',#363,1.);
#363 = DIRECTION('',(0.,1.));
#364 = ( GEOMETRIC_REPRESENTATION_CONTEXT(2) 
PARAMETRIC_REPRESENTATION_CONTEXT() REPRESENTATION_CONTEXT('2D SPACE',''
  ) );
#365 = ORIENTED_EDGE('',*,*,#366,.T.);
#366 = EDGE_CURVE('',#344,#367,#369,.T.);
#367 = VERTEX_POINT('',#368);
#368 = CARTESIAN_POINT('',(1.27E+03,266.5,20.));
#369 = SURFACE_CURVE('',#370,(#374,#381),.PCURVE_S1.);
#370 = LINE('',#371,#372);
#371 = CARTESIAN_POINT('',(1.27E+03,266.5,-20.));
#372 = VECTOR('',#373,1.);
#373 = DIRECTION('',(0.,0.,1.));
#374 = PCURVE('',#324,#375);
#375 = DEFINITIONAL_REPRESENTATION('',(#376),#380);
#376 = LINE('',#377,#378);
#377 = CARTESIAN_POINT('',(0.,-533.));
#378 = VECTOR('',#379,1.);
#379 = DIRECTION('',(1.,0.));
#380 = ( GEOMETRIC_REPRESENTATION_CONTEXT(2) 
PARAMETRIC_REPRESENTATION_CONTEXT() REPRESENTATION_CONTEXT('2D SPACE',''
  ) );
#381 = PCURVE('',#272,#382);
#382 = DEFINITIONAL_REPRESENTATION('',(#383),#387);
#383 = LINE('',#384,#385);
#384 = CARTESIAN_POINT('',(0.,2.54E+03));
#385 = VECTOR('',#386,1.);
#386 = DIRECTION('',(1.,0.));
#387 = ( GEOMETRIC_REPRESENTATION_CONTEXT(2) 
PARAMETRIC_REPRESENTATION_CONTEXT() REPRESENTATION_CONTEXT('2D SPACE',''
  ) );
#388 = ORIENTED_EDGE('',*,*,#389,.F.);
#389 = EDGE_CURVE('',#316,#367,#390,.T.);
#390 = SURFACE_CURVE('',#391,(#395,#402),.PCURVE_S1.);
#391 = LINE('',#392,#393);
#392 = CARTESIAN_POINT('',(1.27E+03,-266.5,20.));
#393 = VECTOR('',#394,1.);
#394 = DIRECTION('',(-0.,1.,0.));
#395 = PCURVE('',#324,#396);
#396 = DEFINITIONAL_REPRESENTATION('',(#397),#401);
#397 = LINE('',#398,#399);
#398 = CARTESIAN_POINT('',(40.,0.));
#399 = VECTOR('',#400,1.);
#400 = DIRECTION('',(0.,-1.));
#401 = ( GEOMETRIC_REPRESENTATION_CONTEXT(2) 
PARAMETRIC_REPRESENTATION_CONTEXT() REPRESENTATION_CONTEXT('2D SPACE',''
  ) );
#402 = PCURVE('',#298,#403);
#403 = DEFINITIONAL_REPRESENTATION('',(#404),#408);
#404 = LINE('',#405,#406);
#405 = CARTESIAN_POINT('',(2.54E+03,0.));
#406 = VECTOR('',#407,1.);
#407 = DIRECTION('',(0.,1.));
#408 = ( GEOMETRIC_REPRESENTATION_CONTEXT(2) 
PARAMETRIC_REPRESENTATION_CONTEXT() REPRESENTATION_CONTEXT('2D SPACE',''
  ) );
#409 = ADVANCED_FACE('',(#410),#216,.F.);
#410 = FACE_BOUND('',#411,.F.);
#411 = EDGE_LOOP('',(#412,#433,#434,#455));
#412 = ORIENTED_EDGE('',*,*,#413,.F.);
#413 = EDGE_CURVE('',#194,#314,#414,.T.);
#414 = SURFACE_CURVE('',#415,(#419,#426),.PCURVE_S1.);
#415 = LINE('',#416,#417);
#416 = CARTESIAN_POINT('',(-1.27E+03,-266.5,-20.));
#417 = VECTOR('',#418,1.);
#418 = DIRECTION('',(1.,0.,-0.));
#419 = PCURVE('',#216,#420);
#420 = DEFINITIONAL_REPRESENTATION('',(#421),#425);
#421 = LINE('',#422,#423);
#422 = CARTESIAN_POINT('',(0.,0.));
#423 = VECTOR('',#424,1.);
#424 = DIRECTION('',(0.,1.));
#425 = ( GEOMETRIC_REPRESENTATION_CONTEXT(2) 
PARAMETRIC_REPRESENTATION_CONTEXT() REPRESENTATION_CONTEXT('2D SPACE',''
  ) );
#426 = PCURVE('',#244,#427);
#427 = DEFINITIONAL_REPRESENTATION('',(#428),#432);
#428 = LINE('',#429,#430);
#429 = CARTESIAN_POINT('',(0.,0.));
#430 = VECTOR('',#431,1.);
#431 = DIRECTION('',(1.,0.));
#432 = ( GEOMETRIC_REPRESENTATION_CONTEXT(2) 
PARAMETRIC_REPRESENTATION_CONTEXT() REPRESENTATION_CONTEXT('2D SPACE',''
  ) );
#433 = ORIENTED_EDGE('',*,*,#193,.T.);
#434 = ORIENTED_EDGE('',*,*,#435,.T.);
#435 = EDGE_CURVE('',#196,#316,#436,.T.);
#436 = SURFACE_CURVE('',#437,(#441,#448),.PCURVE_S1.);
#437 = LINE('',#438,#439);
#438 = CARTESIAN_POINT('',(-1.27E+03,-266.5,20.));
#439 = VECTOR('',#440,1.);
#440 = DIRECTION('',(1.,0.,-0.));
#441 = PCURVE('',#216,#442);
#442 = DEFINITIONAL_REPRESENTATION('',(#443),#447);
#443 = LINE('',#444,#445);
#444 = CARTESIAN_POINT('',(40.,0.));
#445 = VECTOR('',#446,1.);
#446 = DIRECTION('',(0.,1.));
#447 = ( GEOMETRIC_REPRESENTATION_CONTEXT(2) 
PARAMETRIC_REPRESENTATION_CONTEXT() REPRESENTATION_CONTEXT('2D SPACE',''
  ) );
#448 = PCURVE('',#298,#449);
#449 = DEFINITIONAL_REPRESENTATION('',(#450),#454);
#450 = LINE('',#451,#452);
#451 = CARTESIAN_POINT('',(0.,0.));
#452 = VECTOR('',#453,1.);
#453 = DIRECTION('',(1.,0.));
#454 = ( GEOMETRIC_REPRESENTATION_CONTEXT(2) 
PARAMETRIC_REPRESENTATION_CONTEXT() REPRESENTATION_CONTEXT('2D SPACE',''
  ) );
#455 = ORIENTED_EDGE('',*,*,#313,.F.);
#456 = ADVANCED_FACE('',(#457),#272,.T.);
#457 = FACE_BOUND('',#458,.T.);
#458 = EDGE_LOOP('',(#459,#480,#481,#502));
#459 = ORIENTED_EDGE('',*,*,#460,.F.);
#460 = EDGE_CURVE('',#229,#344,#461,.T.);
#461 = SURFACE_CURVE('',#462,(#466,#473),.PCURVE_S1.);
#462 = LINE('',#463,#464);
#463 = CARTESIAN_POINT('',(-1.27E+03,266.5,-20.));
#464 = VECTOR('',#465,1.);
#465 = DIRECTION('',(1.,0.,-0.));
#466 = PCURVE('',#272,#467);
#467 = DEFINITIONAL_REPRESENTATION('',(#468),#472);
#468 = LINE('',#469,#470);
#469 = CARTESIAN_POINT('',(0.,0.));
#470 = VECTOR('',#471,1.);
#471 = DIRECTION('',(0.,1.));
#472 = ( GEOMETRIC_REPRESENTATION_CONTEXT(2) 
PARAMETRIC_REPRESENTATION_CONTEXT() REPRESENTATION_CONTEXT('2D SPACE',''
  ) );
#473 = PCURVE('',#244,#474);
#474 = DEFINITIONAL_REPRESENTATION('',(#475),#479);
#475 = LINE('',#476,#477);
#476 = CARTESIAN_POINT('',(0.,533.));
#477 = VECTOR('',#478,1.);
#478 = DIRECTION('',(1.,0.));
#479 = ( GEOMETRIC_REPRESENTATION_CONTEXT(2) 
PARAMETRIC_REPRESENTATION_CONTEXT() REPRESENTATION_CONTEXT('2D SPACE',''
  ) );
#480 = ORIENTED_EDGE('',*,*,#256,.T.);
#481 = ORIENTED_EDGE('',*,*,#482,.T.);
#482 = EDGE_CURVE('',#257,#367,#483,.T.);
#483 = SURFACE_CURVE('',#484,(#488,#495),.PCURVE_S1.);
#484 = LINE('',#485,#486);
#485 = CARTESIAN_POINT('',(-1.27E+03,266.5,20.));
#486 = VECTOR('',#487,1.);
#487 = DIRECTION('',(1.,0.,-0.));
#488 = PCURVE('',#272,#489);
#489 = DEFINITIONAL_REPRESENTATION('',(#490),#494);
#490 = LINE('',#491,#492);
#491 = CARTESIAN_POINT('',(40.,0.));
#492 = VECTOR('',#493,1.);
#493 = DIRECTION('',(0.,1.));
#494 = ( GEOMETRIC_REPRESENTATION_CONTEXT(2) 
PARAMETRIC_REPRESENTATION_CONTEXT() REPRESENTATION_CONTEXT('2D SPACE',''
  ) );
#495 = PCURVE('',#298,#496);
#496 = DEFINITIONAL_REPRESENTATION('',(#497),#501);
#497 = LINE('',#498,#499);
#498 = CARTESIAN_POINT('',(0.,533.));
#499 = VECTOR('',#500,1.);
#500 = DIRECTION('',(1.,0.));
#501 = ( GEOMETRIC_REPRESENTATION_CONTEXT(2) 
PARAMETRIC_REPRESENTATION_CONTEXT() REPRESENTATION_CONTEXT('2D SPACE',''
  ) );
#502 = ORIENTED_EDGE('',*,*,#366,.F.);
#503 = ADVANCED_FACE('',(#504),#244,.F.);
#504 = FACE_BOUND('',#505,.F.);
#505 = EDGE_LOOP('',(#506,#507,#508,#509));
#506 = ORIENTED_EDGE('',*,*,#228,.F.);
#507 = ORIENTED_EDGE('',*,*,#413,.T.);
#508 = ORIENTED_EDGE('',*,*,#343,.T.);
#509 = ORIENTED_EDGE('',*,*,#460,.F.);
#510 = ADVANCED_FACE('',(#511),#298,.T.);
#511 = FACE_BOUND('',#512,.T.);
#512 = EDGE_LOOP('',(#513,#514,#515,#516));
#513 = ORIENTED_EDGE('',*,*,#284,.F.);
#514 = ORIENTED_EDGE('',*,*,#435,.T.);
#515 = ORIENTED_EDGE('',*,*,#389,.T.);
#516 = ORIENTED_EDGE('',*,*,#482,.F.);
#517 = ( GEOMETRIC_REPRESENTATION_CONTEXT(3) 
GLOBAL_UNCERTAINTY_ASSIGNED_CONTEXT((#521)) GLOBAL_UNIT_ASSIGNED_CONTEXT
((#518,#519,#520)) REPRESENTATION_CONTEXT('Context #1',
  '3D Context with UNIT and UNCERTAINTY') );
#518 = ( LENGTH_UNIT() NAMED_UNIT(*) SI_UNIT(.MILLI.,.METRE.) );
#519 = ( NAMED_UNIT(*) PLANE_ANGLE_UNIT() SI_UNIT($,.RADIAN.) );
#520 = ( NAMED_UNIT(*) SI_UNIT($,.STERADIAN.) SOLID_ANGLE_UNIT() );
#521 = UNCERTAINTY_MEASURE_WITH_UNIT(LENGTH_MEASURE(1.E-07),#518,
  'distance_accuracy_value','confusion accuracy');
#522 = CONTEXT_DEPENDENT_SHAPE_REPRESENTATION(#523,#525);
#523 = ( REPRESENTATION_RELATIONSHIP('','',#186,#159) 
REPRESENTATION_RELATIONSHIP_WITH_TRANSFORMATION(#524) 
SHAPE_REPRESENTATION_RELATIONSHIP() );
#524 = ITEM_DEFINED_TRANSFORMATION('','',#11,#160);
#525 = PRODUCT_DEFINITION_SHAPE('Placement','Placement of an item',#526
  );
#526 = NEXT_ASSEMBLY_USAGE_OCCURRENCE('6','','',#154,#181,$);
#527 = PRODUCT_RELATED_PRODUCT_CATEGORY('part',$,(#183));
#528 = SHAPE_DEFINITION_REPRESENTATION(#529,#535);
#529 = PRODUCT_DEFINITION_SHAPE('','',#530);
#530 = PRODUCT_DEFINITION('design','',#531,#534);
#531 = PRODUCT_DEFINITION_FORMATION('','',#532);
#532 = PRODUCT('Open CASCADE STEP translator 7.8 12.1.1.2',
  'Open CASCADE STEP translator 7.8 12.1.1.2','',(#533));
#533 = PRODUCT_CONTEXT('',#2,'mechanical');
#534 = PRODUCT_DEFINITION_CONTEXT('part definition',#2,'design');
#535 = ADVANCED_BREP_SHAPE_REPRESENTATION('',(#11,#536),#866);
#536 = MANIFOLD_SOLID_BREP('',#537);
#537 = CLOSED_SHELL('',(#538,#658,#758,#805,#852,#859));
#538 = ADVANCED_FACE('',(#539),#553,.F.);
#539 = FACE_BOUND('',#540,.F.);
#540 = EDGE_LOOP('',(#541,#576,#604,#632));
#541 = ORIENTED_EDGE('',*,*,#542,.F.);
#542 = EDGE_CURVE('',#543,#545,#547,.T.);
#543 = VERTEX_POINT('',#544);
#544 = CARTESIAN_POINT('',(-1.27E+03,-5.,266.5));
#545 = VERTEX_POINT('',#546);
#546 = CARTESIAN_POINT('',(-1.27E+03,-5.,274.5));
#547 = SURFACE_CURVE('',#548,(#552,#564),.PCURVE_S1.);
#548 = LINE('',#549,#550);
#549 = CARTESIAN_POINT('',(-1.27E+03,-5.,266.5));
#550 = VECTOR('',#551,1.);
#551 = DIRECTION('',(0.,0.,1.));
#552 = PCURVE('',#553,#558);
#553 = PLANE('',#554);
#554 = AXIS2_PLACEMENT_3D('',#555,#556,#557);
#555 = CARTESIAN_POINT('',(-1.27E+03,-5.,266.5));
#556 = DIRECTION('',(1.,0.,0.));
#557 = DIRECTION('',(0.,0.,1.));
#558 = DEFINITIONAL_REPRESENTATION('',(#559),#563);
#559 = LINE('',#560,#561);
#560 = CARTESIAN_POINT('',(0.,0.));
#561 = VECTOR('',#562,1.);
#562 = DIRECTION('',(1.,0.));
#563 = ( GEOMETRIC_REPRESENTATION_CONTEXT(2) 
PARAMETRIC_REPRESENTATION_CONTEXT() REPRESENTATION_CONTEXT('2D SPACE',''
  ) );
#564 = PCURVE('',#565,#570);
#565 = PLANE('',#566);
#566 = AXIS2_PLACEMENT_3D('',#567,#568,#569);
#567 = CARTESIAN_POINT('',(-1.27E+03,-5.,266.5));
#568 = DIRECTION('',(0.,1.,0.));
#569 = DIRECTION('',(0.,0.,1.));
#570 = DEFINITIONAL_REPRESENTATION('',(#571),#575);
#571 = LINE('',#572,#573);
#572 = CARTESIAN_POINT('',(0.,0.));
#573 = VECTOR('',#574,1.);
#574 = DIRECTION('',(1.,0.));
#575 = ( GEOMETRIC_REPRESENTATION_CONTEXT(2) 
PARAMETRIC_REPRESENTATION_CONTEXT() REPRESENTATION_CONTEXT('2D SPACE',''
  ) );
#576 = ORIENTED_EDGE('',*,*,#577,.T.);
#577 = EDGE_CURVE('',#543,#578,#580,.T.);
#578 = VERTEX_POINT('',#579);
#579 = CARTESIAN_POINT('',(-1.27E+03,5.,266.5));
#580 = SURFACE_CURVE('',#581,(#585,#592),.PCURVE_S1.);
#581 = LINE('',#582,#583);
#582 = CARTESIAN_POINT('',(-1.27E+03,-5.,266.5));
#583 = VECTOR('',#584,1.);
#584 = DIRECTION('',(0.,1.,0.));
#585 = PCURVE('',#553,#586);
#586 = DEFINITIONAL_REPRESENTATION('',(#587),#591);
#587 = LINE('',#588,#589);
#588 = CARTESIAN_POINT('',(0.,0.));
#589 = VECTOR('',#590,1.);
#590 = DIRECTION('',(0.,-1.));
#591 = ( GEOMETRIC_REPRESENTATION_CONTEXT(2) 
PARAMETRIC_REPRESENTATION_CONTEXT() REPRESENTATION_CONTEXT('2D SPACE',''
  ) );
#592 = PCURVE('',#593,#598);
#593 = PLANE('',#594);
#594 = AXIS2_PLACEMENT_3D('',#595,#596,#597);
#595 = CARTESIAN_POINT('',(-1.27E+03,-5.,266.5));
#596 = DIRECTION('',(0.,0.,1.));
#597 = DIRECTION('',(1.,0.,0.));
#598 = DEFINITIONAL_REPRESENTATION('',(#599),#603);
#599 = LINE('',#600,#601);
#600 = CARTESIAN_POINT('',(0.,0.));
#601 = VECTOR('',#602,1.);
#602 = DIRECTION('',(0.,1.));
#603 = ( GEOMETRIC_REPRESENTATION_CONTEXT(2) 
PARAMETRIC_REPRESENTATION_CONTEXT() REPRESENTATION_CONTEXT('2D SPACE',''
  ) );
#604 = ORIENTED_EDGE('',*,*,#605,.T.);
#605 = EDGE_CURVE('',#578,#606,#608,.T.);
#606 = VERTEX_POINT('',#607);
#607 = CARTESIAN_POINT('',(-1.27E+03,5.,274.5));
#608 = SURFACE_CURVE('',#609,(#613,#620),.PCURVE_S1.);
#609 = LINE('',#610,#611);
#610 = CARTESIAN_POINT('',(-1.27E+03,5.,266.5));
#611 = VECTOR('',#612,1.);
#612 = DIRECTION('',(0.,0.,1.));
#613 = PCURVE('',#553,#614);
#614 = DEFINITIONAL_REPRESENTATION('',(#615),#619);
#615 = LINE('',#616,#617);
#616 = CARTESIAN_POINT('',(0.,-10.));
#617 = VECTOR('',#618,1.);
#618 = DIRECTION('',(1.,0.));
#619 = ( GEOMETRIC_REPRESENTATION_CONTEXT(2) 
PARAMETRIC_REPRESENTATION_CONTEXT() REPRESENTATION_CONTEXT('2D SPACE',''
  ) );
#620 = PCURVE('',#621,#626);
#621 = PLANE('',#622);
#622 = AXIS2_PLACEMENT_3D('',#623,#624,#625);
#623 = CARTESIAN_POINT('',(-1.27E+03,5.,266.5));
#624 = DIRECTION('',(0.,1.,0.));
#625 = DIRECTION('',(0.,0.,1.));
#626 = DEFINITIONAL_REPRESENTATION('',(#627),#631);
#627 = LINE('',#628,#629);
#628 = CARTESIAN_POINT('',(0.,0.));
#629 = VECTOR('',#630,1.);
#630 = DIRECTION('',(1.,0.));
#631 = ( GEOMETRIC_REPRESENTATION_CONTEXT(2) 
PARAMETRIC_REPRESENTATION_CONTEXT() REPRESENTATION_CONTEXT('2D SPACE',''
  ) );
#632 = ORIENTED_EDGE('',*,*,#633,.F.);
#633 = EDGE_CURVE('',#545,#606,#634,.T.);
#634 = SURFACE_CURVE('',#635,(#639,#646),.PCURVE_S1.);
#635 = LINE('',#636,#637);
#636 = CARTESIAN_POINT('',(-1.27E+03,-5.,274.5));
#637 = VECTOR('',#638,1.);
#638 = DIRECTION('',(0.,1.,0.));
#639 = PCURVE('',#553,#640);
#640 = DEFINITIONAL_REPRESENTATION('',(#641),#645);
#641 = LINE('',#642,#643);
#642 = CARTESIAN_POINT('',(8.,0.));
#643 = VECTOR('',#644,1.);
#644 = DIRECTION('',(0.,-1.));
#645 = ( GEOMETRIC_REPRESENTATION_CONTEXT(2) 
PARAMETRIC_REPRESENTATION_CONTEXT() REPRESENTATION_CONTEXT('2D SPACE',''
  ) );
#646 = PCURVE('',#647,#652);
#647 = PLANE('',#648);
#648 = AXIS2_PLACEMENT_3D('',#649,#650,#651);
#649 = CARTESIAN_POINT('',(-1.27E+03,-5.,274.5));
#650 = DIRECTION('',(0.,0.,1.));
#651 = DIRECTION('',(1.,0.,0.));
#652 = DEFINITIONAL_REPRESENTATION('',(#653),#657);
#653 = LINE('',#654,#655);
#654 = CARTESIAN_POINT('',(0.,0.));
#655 = VECTOR('',#656,1.);
#656 = DIRECTION('',(0.,1.));
#657 = ( GEOMETRIC_REPRESENTATION_CONTEXT(2) 
PARAMETRIC_REPRESENTATION_CONTEXT() REPRESENTATION_CONTEXT('2D SPACE',''
  ) );
#658 = ADVANCED_FACE('',(#659),#673,.T.);
#659 = FACE_BOUND('',#660,.T.);
#660 = EDGE_LOOP('',(#661,#691,#714,#737));
#661 = ORIENTED_EDGE('',*,*,#662,.F.);
#662 = EDGE_CURVE('',#663,#665,#667,.T.);
#663 = VERTEX_POINT('',#664);
#664 = CARTESIAN_POINT('',(1.27E+03,-5.,266.5));
#665 = VERTEX_POINT('',#666);
#666 = CARTESIAN_POINT('',(1.27E+03,-5.,274.5));
#667 = SURFACE_CURVE('',#668,(#672,#684),.PCURVE_S1.);
#668 = LINE('',#669,#670);
#669 = CARTESIAN_POINT('',(1.27E+03,-5.,266.5));
#670 = VECTOR('',#671,1.);
#671 = DIRECTION('',(0.,0.,1.));
#672 = PCURVE('',#673,#678);
#673 = PLANE('',#674);
#674 = AXIS2_PLACEMENT_3D('',#675,#676,#677);
#675 = CARTESIAN_POINT('',(1.27E+03,-5.,266.5));
#676 = DIRECTION('',(1.,0.,0.));
#677 = DIRECTION('',(0.,0.,1.));
#678 = DEFINITIONAL_REPRESENTATION('',(#679),#683);
#679 = LINE('',#680,#681);
#680 = CARTESIAN_POINT('',(0.,0.));
#681 = VECTOR('',#682,1.);
#682 = DIRECTION('',(1.,0.));
#683 = ( GEOMETRIC_REPRESENTATION_CONTEXT(2) 
PARAMETRIC_REPRESENTATION_CONTEXT() REPRESENTATION_CONTEXT('2D SPACE',''
  ) );
#684 = PCURVE('',#565,#685);
#685 = DEFINITIONAL_REPRESENTATION('',(#686),#690);
#686 = LINE('',#687,#688);
#687 = CARTESIAN_POINT('',(0.,2.54E+03));
#688 = VECTOR('',#689,1.);
#689 = DIRECTION('',(1.,0.));
#690 = ( GEOMETRIC_REPRESENTATION_CONTEXT(2) 
PARAMETRIC_REPRESENTATION_CONTEXT() REPRESENTATION_CONTEXT('2D SPACE',''
  ) );
#691 = ORIENTED_EDGE('',*,*,#692,.T.);
#692 = EDGE_CURVE('',#663,#693,#695,.T.);
#693 = VERTEX_POINT('',#694);
#694 = CARTESIAN_POINT('',(1.27E+03,5.,266.5));
#695 = SURFACE_CURVE('',#696,(#700,#707),.PCURVE_S1.);
#696 = LINE('',#697,#698);
#697 = CARTESIAN_POINT('',(1.27E+03,-5.,266.5));
#698 = VECTOR('',#699,1.);
#699 = DIRECTION('',(0.,1.,0.));
#700 = PCURVE('',#673,#701);
#701 = DEFINITIONAL_REPRESENTATION('',(#702),#706);
#702 = LINE('',#703,#704);
#703 = CARTESIAN_POINT('',(0.,0.));
#704 = VECTOR('',#705,1.);
#705 = DIRECTION('',(0.,-1.));
#706 = ( GEOMETRIC_REPRESENTATION_CONTEXT(2) 
PARAMETRIC_REPRESENTATION_CONTEXT() REPRESENTATION_CONTEXT('2D SPACE',''
  ) );
#707 = PCURVE('',#593,#708);
#708 = DEFINITIONAL_REPRESENTATION('',(#709),#713);
#709 = LINE('',#710,#711);
#710 = CARTESIAN_POINT('',(2.54E+03,0.));
#711 = VECTOR('',#712,1.);
#712 = DIRECTION('',(0.,1.));
#713 = ( GEOMETRIC_REPRESENTATION_CONTEXT(2) 
PARAMETRIC_REPRESENTATION_CONTEXT() REPRESENTATION_CONTEXT('2D SPACE',''
  ) );
#714 = ORIENTED_EDGE('',*,*,#715,.T.);
#715 = EDGE_CURVE('',#693,#716,#718,.T.);
#716 = VERTEX_POINT('',#717);
#717 = CARTESIAN_POINT('',(1.27E+03,5.,274.5));
#718 = SURFACE_CURVE('',#719,(#723,#730),.PCURVE_S1.);
#719 = LINE('',#720,#721);
#720 = CARTESIAN_POINT('',(1.27E+03,5.,266.5));
#721 = VECTOR('',#722,1.);
#722 = DIRECTION('',(0.,0.,1.));
#723 = PCURVE('',#673,#724);
#724 = DEFINITIONAL_REPRESENTATION('',(#725),#729);
#725 = LINE('',#726,#727);
#726 = CARTESIAN_POINT('',(0.,-10.));
#727 = VECTOR('',#728,1.);
#728 = DIRECTION('',(1.,0.));
#729 = ( GEOMETRIC_REPRESENTATION_CONTEXT(2) 
PARAMETRIC_REPRESENTATION_CONTEXT() REPRESENTATION_CONTEXT('2D SPACE',''
  ) );
#730 = PCURVE('',#621,#731);
#731 = DEFINITIONAL_REPRESENTATION('',(#732),#736);
#732 = LINE('',#733,#734);
#733 = CARTESIAN_POINT('',(0.,2.54E+03));
#734 = VECTOR('',#735,1.);
#735 = DIRECTION('',(1.,0.));
#736 = ( GEOMETRIC_REPRESENTATION_CONTEXT(2) 
PARAMETRIC_REPRESENTATION_CONTEXT() REPRESENTATION_CONTEXT('2D SPACE',''
  ) );
#737 = ORIENTED_EDGE('',*,*,#738,.F.);
#738 = EDGE_CURVE('',#665,#716,#739,.T.);
#739 = SURFACE_CURVE('',#740,(#744,#751),.PCURVE_S1.);
#740 = LINE('',#741,#742);
#741 = CARTESIAN_POINT('',(1.27E+03,-5.,274.5));
#742 = VECTOR('',#743,1.);
#743 = DIRECTION('',(0.,1.,0.));
#744 = PCURVE('',#673,#745);
#745 = DEFINITIONAL_REPRESENTATION('',(#746),#750);
#746 = LINE('',#747,#748);
#747 = CARTESIAN_POINT('',(8.,0.));
#748 = VECTOR('',#749,1.);
#749 = DIRECTION('',(0.,-1.));
#750 = ( GEOMETRIC_REPRESENTATION_CONTEXT(2) 
PARAMETRIC_REPRESENTATION_CONTEXT() REPRESENTATION_CONTEXT('2D SPACE',''
  ) );
#751 = PCURVE('',#647,#752);
#752 = DEFINITIONAL_REPRESENTATION('',(#753),#757);
#753 = LINE('',#754,#755);
#754 = CARTESIAN_POINT('',(2.54E+03,0.));
#755 = VECTOR('',#756,1.);
#756 = DIRECTION('',(0.,1.));
#757 = ( GEOMETRIC_REPRESENTATION_CONTEXT(2) 
PARAMETRIC_REPRESENTATION_CONTEXT() REPRESENTATION_CONTEXT('2D SPACE',''
  ) );
#758 = ADVANCED_FACE('',(#759),#565,.F.);
#759 = FACE_BOUND('',#760,.F.);
#760 = EDGE_LOOP('',(#761,#782,#783,#804));
#761 = ORIENTED_EDGE('',*,*,#762,.F.);
#762 = EDGE_CURVE('',#543,#663,#763,.T.);
#763 = SURFACE_CURVE('',#764,(#768,#775),.PCURVE_S1.);
#764 = LINE('',#765,#766);
#765 = CARTESIAN_POINT('',(-1.27E+03,-5.,266.5));
#766 = VECTOR('',#767,1.);
#767 = DIRECTION('',(1.,0.,0.));
#768 = PCURVE('',#565,#769);
#769 = DEFINITIONAL_REPRESENTATION('',(#770),#774);
#770 = LINE('',#771,#772);
#771 = CARTESIAN_POINT('',(0.,0.));
#772 = VECTOR('',#773,1.);
#773 = DIRECTION('',(0.,1.));
#774 = ( GEOMETRIC_REPRESENTATION_CONTEXT(2) 
PARAMETRIC_REPRESENTATION_CONTEXT() REPRESENTATION_CONTEXT('2D SPACE',''
  ) );
#775 = PCURVE('',#593,#776);
#776 = DEFINITIONAL_REPRESENTATION('',(#777),#781);
#777 = LINE('',#778,#779);
#778 = CARTESIAN_POINT('',(0.,0.));
#779 = VECTOR('',#780,1.);
#780 = DIRECTION('',(1.,0.));
#781 = ( GEOMETRIC_REPRESENTATION_CONTEXT(2) 
PARAMETRIC_REPRESENTATION_CONTEXT() REPRESENTATION_CONTEXT('2D SPACE',''
  ) );
#782 = ORIENTED_EDGE('',*,*,#542,.T.);
#783 = ORIENTED_EDGE('',*,*,#784,.T.);
#784 = EDGE_CURVE('',#545,#665,#785,.T.);
#785 = SURFACE_CURVE('',#786,(#790,#797),.PCURVE_S1.);
#786 = LINE('',#787,#788);
#787 = CARTESIAN_POINT('',(-1.27E+03,-5.,274.5));
#788 = VECTOR('',#789,1.);
#789 = DIRECTION('',(1.,0.,0.));
#790 = PCURVE('',#565,#791);
#791 = DEFINITIONAL_REPRESENTATION('',(#792),#796);
#792 = LINE('',#793,#794);
#793 = CARTESIAN_POINT('',(8.,0.));
#794 = VECTOR('',#795,1.);
#795 = DIRECTION('',(0.,1.));
#796 = ( GEOMETRIC_REPRESENTATION_CONTEXT(2) 
PARAMETRIC_REPRESENTATION_CONTEXT() REPRESENTATION_CONTEXT('2D SPACE',''
  ) );
#797 = PCURVE('',#647,#798);
#798 = DEFINITIONAL_REPRESENTATION('',(#799),#803);
#799 = LINE('',#800,#801);
#800 = CARTESIAN_POINT('',(0.,0.));
#801 = VECTOR('',#802,1.);
#802 = DIRECTION('',(1.,0.));
#803 = ( GEOMETRIC_REPRESENTATION_CONTEXT(2) 
PARAMETRIC_REPRESENTATION_CONTEXT() REPRESENTATION_CONTEXT('2D SPACE',''
  ) );
#804 = ORIENTED_EDGE('',*,*,#662,.F.);
#805 = ADVANCED_FACE('',(#806),#621,.T.);
#806 = FACE_BOUND('',#807,.T.);
#807 = EDGE_LOOP('',(#808,#829,#830,#851));
#808 = ORIENTED_EDGE('',*,*,#809,.F.);
#809 = EDGE_CURVE('',#578,#693,#810,.T.);
#810 = SURFACE_CURVE('',#811,(#815,#822),.PCURVE_S1.);
#811 = LINE('',#812,#813);
#812 = CARTESIAN_POINT('',(-1.27E+03,5.,266.5));
#813 = VECTOR('',#814,1.);
#814 = DIRECTION('',(1.,0.,0.));
#815 = PCURVE('',#621,#816);
#816 = DEFINITIONAL_REPRESENTATION('',(#817),#821);
#817 = LINE('',#818,#819);
#818 = CARTESIAN_POINT('',(0.,0.));
#819 = VECTOR('',#820,1.);
#820 = DIRECTION('',(0.,1.));
#821 = ( GEOMETRIC_REPRESENTATION_CONTEXT(2) 
PARAMETRIC_REPRESENTATION_CONTEXT() REPRESENTATION_CONTEXT('2D SPACE',''
  ) );
#822 = PCURVE('',#593,#823);
#823 = DEFINITIONAL_REPRESENTATION('',(#824),#828);
#824 = LINE('',#825,#826);
#825 = CARTESIAN_POINT('',(0.,10.));
#826 = VECTOR('',#827,1.);
#827 = DIRECTION('',(1.,0.));
#828 = ( GEOMETRIC_REPRESENTATION_CONTEXT(2) 
PARAMETRIC_REPRESENTATION_CONTEXT() REPRESENTATION_CONTEXT('2D SPACE',''
  ) );
#829 = ORIENTED_EDGE('',*,*,#605,.T.);
#830 = ORIENTED_EDGE('',*,*,#831,.T.);
#831 = EDGE_CURVE('',#606,#716,#832,.T.);
#832 = SURFACE_CURVE('',#833,(#837,#844),.PCURVE_S1.);
#833 = LINE('',#834,#835);
#834 = CARTESIAN_POINT('',(-1.27E+03,5.,274.5));
#835 = VECTOR('',#836,1.);
#836 = DIRECTION('',(1.,0.,0.));
#837 = PCURVE('',#621,#838);
#838 = DEFINITIONAL_REPRESENTATION('',(#839),#843);
#839 = LINE('',#840,#841);
#840 = CARTESIAN_POINT('',(8.,0.));
#841 = VECTOR('',#842,1.);
#842 = DIRECTION('',(0.,1.));
#843 = ( GEOMETRIC_REPRESENTATION_CONTEXT(2) 
PARAMETRIC_REPRESENTATION_CONTEXT() REPRESENTATION_CONTEXT('2D SPACE',''
  ) );
#844 = PCURVE('',#647,#845);
#845 = DEFINITIONAL_REPRESENTATION('',(#846),#850);
#846 = LINE('',#847,#848);
#847 = CARTESIAN_POINT('',(0.,10.));
#848 = VECTOR('',#849,1.);
#849 = DIRECTION('',(1.,0.));
#850 = ( GEOMETRIC_REPRESENTATION_CONTEXT(2) 
PARAMETRIC_REPRESENTATION_CONTEXT() REPRESENTATION_CONTEXT('2D SPACE',''
  ) );
#851 = ORIENTED_EDGE('',*,*,#715,.F.);
#852 = ADVANCED_FACE('',(#853),#593,.F.);
#853 = FACE_BOUND('',#854,.F.);
#854 = EDGE_LOOP('',(#855,#856,#857,#858));
#855 = ORIENTED_EDGE('',*,*,#577,.F.);
#856 = ORIENTED_EDGE('',*,*,#762,.T.);
#857 = ORIENTED_EDGE('',*,*,#692,.T.);
#858 = ORIENTED_EDGE('',*,*,#809,.F.);
#859 = ADVANCED_FACE('',(#860),#647,.T.);
#860 = FACE_BOUND('',#861,.T.);
#861 = EDGE_LOOP('',(#862,#863,#864,#865));
#862 = ORIENTED_EDGE('',*,*,#633,.F.);
#863 = ORIENTED_EDGE('',*,*,#784,.T.);
#864 = ORIENTED_EDGE('',*,*,#738,.T.);
#865 = ORIENTED_EDGE('',*,*,#831,.F.);
#866 = ( GEOMETRIC_REPRESENTATION_CONTEXT(3) 
GLOBAL_UNCERTAINTY_ASSIGNED_CONTEXT((#870)) GLOBAL_UNIT_ASSIGNED_CONTEXT
((#867,#868,#869)) REPRESENTATION_CONTEXT('Context #1',
  '3D Context with UNIT and UNCERTAINTY') );
#867 = ( LENGTH_UNIT() NAMED_UNIT(*) SI_UNIT(.MILLI.,.METRE.) );
#868 = ( NAMED_UNIT(*) PLANE_ANGLE_UNIT() SI_UNIT($,.RADIAN.) );
#869 = ( NAMED_UNIT(*) SI_UNIT($,.STERADIAN.) SOLID_ANGLE_UNIT() );
#870 = UNCERTAINTY_MEASURE_WITH_UNIT(LENGTH_MEASURE(1.E-07),#867,
  'distance_accuracy_value','confusion accuracy');
#871 = CONTEXT_DEPENDENT_SHAPE_REPRESENTATION(#872,#874);
#872 = ( REPRESENTATION_RELATIONSHIP('','',#535,#159) 
REPRESENTATION_RELATIONSHIP_WITH_TRANSFORMATION(#873) 
SHAPE_REPRESENTATION_RELATIONSHIP() );
#873 = ITEM_DEFINED_TRANSFORMATION('','',#11,#164);
#874 = PRODUCT_DEFINITION_SHAPE('Placement','Placement of an item',#875
  );
#875 = NEXT_ASSEMBLY_USAGE_OCCURRENCE('7','','',#154,#530,$);
#876 = PRODUCT_RELATED_PRODUCT_CATEGORY('part',$,(#532));
#877 = SHAPE_DEFINITION_REPRESENTATION(#878,#884);
#878 = PRODUCT_DEFINITION_SHAPE('','',#879);
#879 = PRODUCT_DEFINITION('design','',#880,#883);
#880 = PRODUCT_DEFINITION_FORMATION('','',#881);
#881 = PRODUCT('Open CASCADE STEP translator 7.8 12.2',
  'Open CASCADE STEP translator 7.8 12.2','',(#882));
#882 = PRODUCT_CONTEXT('',#2,'mechanical');
#883 = PRODUCT_DEFINITION_CONTEXT('part definition',#2,'design');
#884 = SHAPE_REPRESENTATION('',(#11,#885),#889);
#885 = AXIS2_PLACEMENT_3D('',#886,#887,#888);
#886 = CARTESIAN_POINT('',(0.,0.,0.));
#887 = DIRECTION('',(0.,0.,1.));
#888 = DIRECTION('',(1.,0.,-0.));
#889 = ( GEOMETRIC_REPRESENTATION_CONTEXT(3) 
GLOBAL_UNCERTAINTY_ASSIGNED_CONTEXT((#893)) GLOBAL_UNIT_ASSIGNED_CONTEXT
((#890,#891,#892)) REPRESENTATION_CONTEXT('Context #1',
  '3D Context with UNIT and UNCERTAINTY') );
#890 = ( LENGTH_UNIT() NAMED_UNIT(*) SI_UNIT(.MILLI.,.METRE.) );
#891 = ( NAMED_UNIT(*) PLANE_ANGLE_UNIT() SI_UNIT($,.RADIAN.) );
#892 = ( NAMED_UNIT(*) SI_UNIT($,.STERADIAN.) SOLID_ANGLE_UNIT() );
#893 = UNCERTAINTY_MEASURE_WITH_UNIT(LENGTH_MEASURE(1.E-07),#890,
  'distance_accuracy_value','confusion accuracy');
#894 = CONTEXT_DEPENDENT_SHAPE_REPRESENTATION(#895,#897);
#895 = ( REPRESENTATION_RELATIONSHIP('','',#884,#10) 
REPRESENTATION_RELATIONSHIP_WITH_TRANSFORMATION(#896) 
SHAPE_REPRESENTATION_RELATIONSHIP() );
#896 = ITEM_DEFINED_TRANSFORMATION('','',#11,#19);
#897 = PRODUCT_DEFINITION_SHAPE('Placement','Placement of an item',#898
  );
#898 = NEXT_ASSEMBLY_USAGE_OCCURRENCE('11','','',#5,#879,$);
#899 = PRODUCT_RELATED_PRODUCT_CATEGORY('part',$,(#881));
#900 = CONTEXT_DEPENDENT_SHAPE_REPRESENTATION(#901,#903);
#901 = ( REPRESENTATION_RELATIONSHIP('','',#159,#884) 
REPRESENTATION_RELATIONSHIP_WITH_TRANSFORMATION(#902) 
SHAPE_REPRESENTATION_RELATIONSHIP() );
#902 = ITEM_DEFINED_TRANSFORMATION('','',#11,#885);
#903 = PRODUCT_DEFINITION_SHAPE('Placement','Placement of an item',#904
  );
#904 = NEXT_ASSEMBLY_USAGE_OCCURRENCE('10','','',#879,#154,$);
#905 = SHAPE_DEFINITION_REPRESENTATION(#906,#912);
#906 = PRODUCT_DEFINITION_SHAPE('','',#907);
#907 = PRODUCT_DEFINITION('design','',#908,#911);
#908 = PRODUCT_DEFINITION_FORMATION('','',#909);
#909 = PRODUCT('Open CASCADE STEP translator 7.8 12.3',
  'Open CASCADE STEP translator 7.8 12.3','',(#910));
#910 = PRODUCT_CONTEXT('',#2,'mechanical');
#911 = PRODUCT_DEFINITION_CONTEXT('part definition',#2,'design');
#912 = SHAPE_REPRESENTATION('',(#11,#913),#917);
#913 = AXIS2_PLACEMENT_3D('',#914,#915,#916);
#914 = CARTESIAN_POINT('',(0.,0.,0.));
#915 = DIRECTION('',(0.,0.,1.));
#916 = DIRECTION('',(1.,0.,-0.));
#917 = ( GEOMETRIC_REPRESENTATION_CONTEXT(3) 
GLOBAL_UNCERTAINTY_ASSIGNED_CONTEXT((#921)) GLOBAL_UNIT_ASSIGNED_CONTEXT
((#918,#919,#920)) REPRESENTATION_CONTEXT('Context #1',
  '3D Context with UNIT and UNCERTAINTY') );
#918 = ( LENGTH_UNIT() NAMED_UNIT(*) SI_UNIT(.MILLI.,.METRE.) );
#919 = ( NAMED_UNIT(*) PLANE_ANGLE_UNIT() SI_UNIT($,.RADIAN.) );
#920 = ( NAMED_UNIT(*) SI_UNIT($,.STERADIAN.) SOLID_ANGLE_UNIT() );
#921 = UNCERTAINTY_MEASURE_WITH_UNIT(LENGTH_MEASURE(1.E-07),#918,
  'distance_accuracy_value','confusion accuracy');
#922 = CONTEXT_DEPENDENT_SHAPE_REPRESENTATION(#923,#925);
#923 = ( REPRESENTATION_RELATIONSHIP('','',#912,#10) 
REPRESENTATION_RELATIONSHIP_WITH_TRANSFORMATION(#924) 
SHAPE_REPRESENTATION_RELATIONSHIP() );
#924 = ITEM_DEFINED_TRANSFORMATION('','',#11,#23);
#925 = PRODUCT_DEFINITION_SHAPE('Placement','Placement of an item',#926
  );
#926 = NEXT_ASSEMBLY_USAGE_OCCURRENCE('13','','',#5,#907,$);
#927 = PRODUCT_RELATED_PRODUCT_CATEGORY('part',$,(#909));
#928 = CONTEXT_DEPENDENT_SHAPE_REPRESENTATION(#929,#931);
#929 = ( REPRESENTATION_RELATIONSHIP('','',#159,#912) 
REPRESENTATION_RELATIONSHIP_WITH_TRANSFORMATION(#930) 
SHAPE_REPRESENTATION_RELATIONSHIP() );
#930 = ITEM_DEFINED_TRANSFORMATION('','',#11,#913);
#931 = PRODUCT_DEFINITION_SHAPE('Placement','Placement of an item',#932
  );
#932 = NEXT_ASSEMBLY_USAGE_OCCURRENCE('12','','',#907,#154,$);
#933 = SHAPE_DEFINITION_REPRESENTATION(#934,#940);
#934 = PRODUCT_DEFINITION_SHAPE('','',#935);
#935 = PRODUCT_DEFINITION('design','',#936,#939);
#936 = PRODUCT_DEFINITION_FORMATION('','',#937);
#937 = PRODUCT('Open CASCADE STEP translator 7.8 12.4',
  'Open CASCADE STEP translator 7.8 12.4','',(#938));
#938 = PRODUCT_CONTEXT('',#2,'mechanical');
#939 = PRODUCT_DEFINITION_CONTEXT('part definition',#2,'design');
#940 = SHAPE_REPRESENTATION('',(#11,#941),#945);
#941 = AXIS2_PLACEMENT_3D('',#942,#943,#944);
#942 = CARTESIAN_POINT('',(0.,0.,0.));
#943 = DIRECTION('',(0.,0.,1.));
#944 = DIRECTION('',(1.,0.,-0.));
#945 = ( GEOMETRIC_REPRESENTATION_CONTEXT(3) 
GLOBAL_UNCERTAINTY_ASSIGNED_CONTEXT((#949)) GLOBAL_UNIT_ASSIGNED_CONTEXT
((#946,#947,#948)) REPRESENTATION_CONTEXT('Context #1',
  '3D Context with UNIT and UNCERTAINTY') );
#946 = ( LENGTH_UNIT() NAMED_UNIT(*) SI_UNIT(.MILLI.,.METRE.) );
#947 = ( NAMED_UNIT(*) PLANE_ANGLE_UNIT() SI_UNIT($,.RADIAN.) );
#948 = ( NAMED_UNIT(*) SI_UNIT($,.STERADIAN.) SOLID_ANGLE_UNIT() );
#949 = UNCERTAINTY_MEASURE_WITH_UNIT(LENGTH_MEASURE(1.E-07),#946,
  'distance_accuracy_value','confusion accuracy');
#950 = CONTEXT_DEPENDENT_SHAPE_REPRESENTATION(#951,#953);
#951 = ( REPRESENTATION_RELATIONSHIP('','',#940,#10) 
REPRESENTATION_RELATIONSHIP_WITH_TRANSFORMATION(#952) 
SHAPE_REPRESENTATION_RELATIONSHIP() );
#952 = ITEM_DEFINED_TRANSFORMATION('','',#11,#27);
#953 = PRODUCT_DEFINITION_SHAPE('Placement','Placement of an item',#954
  );
#954 = NEXT_ASSEMBLY_USAGE_OCCURRENCE('15','','',#5,#935,$);
#955 = PRODUCT_RELATED_PRODUCT_CATEGORY('part',$,(#937));
#956 = CONTEXT_DEPENDENT_SHAPE_REPRESENTATION(#957,#959);
#957 = ( REPRESENTATION_RELATIONSHIP('','',#159,#940) 
REPRESENTATION_RELATIONSHIP_WITH_TRANSFORMATION(#958) 
SHAPE_REPRESENTATION_RELATIONSHIP() );
#958 = ITEM_DEFINED_TRANSFORMATION('','',#11,#941);
#959 = PRODUCT_DEFINITION_SHAPE('Placement','Placement of an item',#960
  );
#960 = NEXT_ASSEMBLY_USAGE_OCCURRENCE('14','','',#935,#154,$);
#961 = SHAPE_DEFINITION_REPRESENTATION(#962,#968);
#962 = PRODUCT_DEFINITION_SHAPE('','',#963);
#963 = PRODUCT_DEFINITION('design','',#964,#967);
#964 = PRODUCT_DEFINITION_FORMATION('','',#965);
#965 = PRODUCT('Open CASCADE STEP translator 7.8 12.5',
  'Open CASCADE STEP translator 7.8 12.5','',(#966));
#966 = PRODUCT_CONTEXT('',#2,'mechanical');
#967 = PRODUCT_DEFINITION_CONTEXT('part definition',#2,'design');
#968 = ADVANCED_BREP_SHAPE_REPRESENTATION('',(#11,#969),#1611);
#969 = MANIFOLD_SOLID_BREP('',#970);
#970 = CLOSED_SHELL('',(#971,#1091,#1167,#1243,#1319,#1395,#1471,#1542,
    #1589,#1600));
#971 = ADVANCED_FACE('',(#972),#986,.F.);
#972 = FACE_BOUND('',#973,.F.);
#973 = EDGE_LOOP('',(#974,#1009,#1037,#1065));
#974 = ORIENTED_EDGE('',*,*,#975,.T.);
#975 = EDGE_CURVE('',#976,#978,#980,.T.);
#976 = VERTEX_POINT('',#977);
#977 = CARTESIAN_POINT('',(0.,0.,0.));
#978 = VERTEX_POINT('',#979);
#979 = CARTESIAN_POINT('',(0.,0.,2.285E+03));
#980 = SURFACE_CURVE('',#981,(#985,#997),.PCURVE_S1.);
#981 = LINE('',#982,#983);
#982 = CARTESIAN_POINT('',(0.,0.,0.));
#983 = VECTOR('',#984,1.);
#984 = DIRECTION('',(0.,0.,1.));
#985 = PCURVE('',#986,#991);
#986 = PLANE('',#987);
#987 = AXIS2_PLACEMENT_3D('',#988,#989,#990);
#988 = CARTESIAN_POINT('',(0.,0.,0.));
#989 = DIRECTION('',(0.,1.,0.));
#990 = DIRECTION('',(1.,0.,0.));
#991 = DEFINITIONAL_REPRESENTATION('',(#992),#996);
#992 = LINE('',#993,#994);
#993 = CARTESIAN_POINT('',(0.,0.));
#994 = VECTOR('',#995,1.);
#995 = DIRECTION('',(0.,-1.));
#996 = ( GEOMETRIC_REPRESENTATION_CONTEXT(2) 
PARAMETRIC_REPRESENTATION_CONTEXT() REPRESENTATION_CONTEXT('2D SPACE',''
  ) );
#997 = PCURVE('',#998,#1003);
#998 = PLANE('',#999);
#999 = AXIS2_PLACEMENT_3D('',#1000,#1001,#1002);
#1000 = CARTESIAN_POINT('',(0.,32.,0.));
#1001 = DIRECTION('',(1.,0.,-0.));
#1002 = DIRECTION('',(0.,-1.,0.));
#1003 = DEFINITIONAL_REPRESENTATION('',(#1004),#1008);
#1004 = LINE('',#1005,#1006);
#1005 = CARTESIAN_POINT('',(32.,0.));
#1006 = VECTOR('',#1007,1.);
#1007 = DIRECTION('',(0.,-1.));
#1008 = ( GEOMETRIC_REPRESENTATION_CONTEXT(2) 
PARAMETRIC_REPRESENTATION_CONTEXT() REPRESENTATION_CONTEXT('2D SPACE',''
  ) );
#1009 = ORIENTED_EDGE('',*,*,#1010,.T.);
#1010 = EDGE_CURVE('',#978,#1011,#1013,.T.);
#1011 = VERTEX_POINT('',#1012);
#1012 = CARTESIAN_POINT('',(76.,0.,2.285E+03));
#1013 = SURFACE_CURVE('',#1014,(#1018,#1025),.PCURVE_S1.);
#1014 = LINE('',#1015,#1016);
#1015 = CARTESIAN_POINT('',(0.,0.,2.285E+03));
#1016 = VECTOR('',#1017,1.);
#1017 = DIRECTION('',(1.,0.,0.));
#1018 = PCURVE('',#986,#1019);
#1019 = DEFINITIONAL_REPRESENTATION('',(#1020),#1024);
#1020 = LINE('',#1021,#1022);
#1021 = CARTESIAN_POINT('',(0.,-2.285E+03));
#1022 = VECTOR('',#1023,1.);
#1023 = DIRECTION('',(1.,0.));
#1024 = ( GEOMETRIC_REPRESENTATION_CONTEXT(2) 
PARAMETRIC_REPRESENTATION_CONTEXT() REPRESENTATION_CONTEXT('2D SPACE',''
  ) );
#1025 = PCURVE('',#1026,#1031);
#1026 = PLANE('',#1027);
#1027 = AXIS2_PLACEMENT_3D('',#1028,#1029,#1030);
#1028 = CARTESIAN_POINT('',(33.361878453039,16.,2.285E+03));
#1029 = DIRECTION('',(0.,0.,1.));
#1030 = DIRECTION('',(1.,0.,-0.));
#1031 = DEFINITIONAL_REPRESENTATION('',(#1032),#1036);
#1032 = LINE('',#1033,#1034);
#1033 = CARTESIAN_POINT('',(-33.36187845303,-16.));
#1034 = VECTOR('',#1035,1.);
#1035 = DIRECTION('',(1.,0.));
#1036 = ( GEOMETRIC_REPRESENTATION_CONTEXT(2) 
PARAMETRIC_REPRESENTATION_CONTEXT() REPRESENTATION_CONTEXT('2D SPACE',''
  ) );
#1037 = ORIENTED_EDGE('',*,*,#1038,.F.);
#1038 = EDGE_CURVE('',#1039,#1011,#1041,.T.);
#1039 = VERTEX_POINT('',#1040);
#1040 = CARTESIAN_POINT('',(76.,0.,0.));
#1041 = SURFACE_CURVE('',#1042,(#1046,#1053),.PCURVE_S1.);
#1042 = LINE('',#1043,#1044);
#1043 = CARTESIAN_POINT('',(76.,0.,0.));
#1044 = VECTOR('',#1045,1.);
#1045 = DIRECTION('',(0.,0.,1.));
#1046 = PCURVE('',#986,#1047);
#1047 = DEFINITIONAL_REPRESENTATION('',(#1048),#1052);
#1048 = LINE('',#1049,#1050);
#1049 = CARTESIAN_POINT('',(76.,0.));
#1050 = VECTOR('',#1051,1.);
#1051 = DIRECTION('',(0.,-1.));
#1052 = ( GEOMETRIC_REPRESENTATION_CONTEXT(2) 
PARAMETRIC_REPRESENTATION_CONTEXT() REPRESENTATION_CONTEXT('2D SPACE',''
  ) );
#1053 = PCURVE('',#1054,#1059);
#1054 = PLANE('',#1055);
#1055 = AXIS2_PLACEMENT_3D('',#1056,#1057,#1058);
#1056 = CARTESIAN_POINT('',(76.,0.,0.));
#1057 = DIRECTION('',(-1.,0.,0.));
#1058 = DIRECTION('',(0.,1.,0.));
#1059 = DEFINITIONAL_REPRESENTATION('',(#1060),#1064);
#1060 = LINE('',#1061,#1062);
#1061 = CARTESIAN_POINT('',(0.,0.));
#1062 = VECTOR('',#1063,1.);
#1063 = DIRECTION('',(0.,-1.));
#1064 = ( GEOMETRIC_REPRESENTATION_CONTEXT(2) 
PARAMETRIC_REPRESENTATION_CONTEXT() REPRESENTATION_CONTEXT('2D SPACE',''
  ) );
#1065 = ORIENTED_EDGE('',*,*,#1066,.F.);
#1066 = EDGE_CURVE('',#976,#1039,#1067,.T.);
#1067 = SURFACE_CURVE('',#1068,(#1072,#1079),.PCURVE_S1.);
#1068 = LINE('',#1069,#1070);
#1069 = CARTESIAN_POINT('',(0.,0.,0.));
#1070 = VECTOR('',#1071,1.);
#1071 = DIRECTION('',(1.,0.,0.));
#1072 = PCURVE('',#986,#1073);
#1073 = DEFINITIONAL_REPRESENTATION('',(#1074),#1078);
#1074 = LINE('',#1075,#1076);
#1075 = CARTESIAN_POINT('',(0.,0.));
#1076 = VECTOR('',#1077,1.);
#1077 = DIRECTION('',(1.,0.));
#1078 = ( GEOMETRIC_REPRESENTATION_CONTEXT(2) 
PARAMETRIC_REPRESENTATION_CONTEXT() REPRESENTATION_CONTEXT('2D SPACE',''
  ) );
#1079 = PCURVE('',#1080,#1085);
#1080 = PLANE('',#1081);
#1081 = AXIS2_PLACEMENT_3D('',#1082,#1083,#1084);
#1082 = CARTESIAN_POINT('',(33.361878453039,16.,0.));
#1083 = DIRECTION('',(0.,0.,1.));
#1084 = DIRECTION('',(1.,0.,-0.));
#1085 = DEFINITIONAL_REPRESENTATION('',(#1086),#1090);
#1086 = LINE('',#1087,#1088);
#1087 = CARTESIAN_POINT('',(-33.36187845303,-16.));
#1088 = VECTOR('',#1089,1.);
#1089 = DIRECTION('',(1.,0.));
#1090 = ( GEOMETRIC_REPRESENTATION_CONTEXT(2) 
PARAMETRIC_REPRESENTATION_CONTEXT() REPRESENTATION_CONTEXT('2D SPACE',''
  ) );
#1091 = ADVANCED_FACE('',(#1092),#1054,.F.);
#1092 = FACE_BOUND('',#1093,.F.);
#1093 = EDGE_LOOP('',(#1094,#1095,#1118,#1146));
#1094 = ORIENTED_EDGE('',*,*,#1038,.T.);
#1095 = ORIENTED_EDGE('',*,*,#1096,.T.);
#1096 = EDGE_CURVE('',#1011,#1097,#1099,.T.);
#1097 = VERTEX_POINT('',#1098);
#1098 = CARTESIAN_POINT('',(76.,3.,2.285E+03));
#1099 = SURFACE_CURVE('',#1100,(#1104,#1111),.PCURVE_S1.);
#1100 = LINE('',#1101,#1102);
#1101 = CARTESIAN_POINT('',(76.,0.,2.285E+03));
#1102 = VECTOR('',#1103,1.);
#1103 = DIRECTION('',(0.,1.,0.));
#1104 = PCURVE('',#1054,#1105);
#1105 = DEFINITIONAL_REPRESENTATION('',(#1106),#1110);
#1106 = LINE('',#1107,#1108);
#1107 = CARTESIAN_POINT('',(0.,-2.285E+03));
#1108 = VECTOR('',#1109,1.);
#1109 = DIRECTION('',(1.,0.));
#1110 = ( GEOMETRIC_REPRESENTATION_CONTEXT(2) 
PARAMETRIC_REPRESENTATION_CONTEXT() REPRESENTATION_CONTEXT('2D SPACE',''
  ) );
#1111 = PCURVE('',#1026,#1112);
#1112 = DEFINITIONAL_REPRESENTATION('',(#1113),#1117);
#1113 = LINE('',#1114,#1115);
#1114 = CARTESIAN_POINT('',(42.638121546961,-16.));
#1115 = VECTOR('',#1116,1.);
#1116 = DIRECTION('',(0.,1.));
#1117 = ( GEOMETRIC_REPRESENTATION_CONTEXT(2) 
PARAMETRIC_REPRESENTATION_CONTEXT() REPRESENTATION_CONTEXT('2D SPACE',''
  ) );
#1118 = ORIENTED_EDGE('',*,*,#1119,.F.);
#1119 = EDGE_CURVE('',#1120,#1097,#1122,.T.);
#1120 = VERTEX_POINT('',#1121);
#1121 = CARTESIAN_POINT('',(76.,3.,0.));
#1122 = SURFACE_CURVE('',#1123,(#1127,#1134),.PCURVE_S1.);
#1123 = LINE('',#1124,#1125);
#1124 = CARTESIAN_POINT('',(76.,3.,0.));
#1125 = VECTOR('',#1126,1.);
#1126 = DIRECTION('',(0.,0.,1.));
#1127 = PCURVE('',#1054,#1128);
#1128 = DEFINITIONAL_REPRESENTATION('',(#1129),#1133);
#1129 = LINE('',#1130,#1131);
#1130 = CARTESIAN_POINT('',(3.,0.));
#1131 = VECTOR('',#1132,1.);
#1132 = DIRECTION('',(0.,-1.));
#1133 = ( GEOMETRIC_REPRESENTATION_CONTEXT(2) 
PARAMETRIC_REPRESENTATION_CONTEXT() REPRESENTATION_CONTEXT('2D SPACE',''
  ) );
#1134 = PCURVE('',#1135,#1140);
#1135 = PLANE('',#1136);
#1136 = AXIS2_PLACEMENT_3D('',#1137,#1138,#1139);
#1137 = CARTESIAN_POINT('',(76.,3.,0.));
#1138 = DIRECTION('',(0.,-1.,0.));
#1139 = DIRECTION('',(-1.,0.,0.));
#1140 = DEFINITIONAL_REPRESENTATION('',(#1141),#1145);
#1141 = LINE('',#1142,#1143);
#1142 = CARTESIAN_POINT('',(0.,-0.));
#1143 = VECTOR('',#1144,1.);
#1144 = DIRECTION('',(0.,-1.));
#1145 = ( GEOMETRIC_REPRESENTATION_CONTEXT(2) 
PARAMETRIC_REPRESENTATION_CONTEXT() REPRESENTATION_CONTEXT('2D SPACE',''
  ) );
#1146 = ORIENTED_EDGE('',*,*,#1147,.F.);
#1147 = EDGE_CURVE('',#1039,#1120,#1148,.T.);
#1148 = SURFACE_CURVE('',#1149,(#1153,#1160),.PCURVE_S1.);
#1149 = LINE('',#1150,#1151);
#1150 = CARTESIAN_POINT('',(76.,0.,0.));
#1151 = VECTOR('',#1152,1.);
#1152 = DIRECTION('',(0.,1.,0.));
#1153 = PCURVE('',#1054,#1154);
#1154 = DEFINITIONAL_REPRESENTATION('',(#1155),#1159);
#1155 = LINE('',#1156,#1157);
#1156 = CARTESIAN_POINT('',(0.,0.));
#1157 = VECTOR('',#1158,1.);
#1158 = DIRECTION('',(1.,0.));
#1159 = ( GEOMETRIC_REPRESENTATION_CONTEXT(2) 
PARAMETRIC_REPRESENTATION_CONTEXT() REPRESENTATION_CONTEXT('2D SPACE',''
  ) );
#1160 = PCURVE('',#1080,#1161);
#1161 = DEFINITIONAL_REPRESENTATION('',(#1162),#1166);
#1162 = LINE('',#1163,#1164);
#1163 = CARTESIAN_POINT('',(42.638121546961,-16.));
#1164 = VECTOR('',#1165,1.);
#1165 = DIRECTION('',(0.,1.));
#1166 = ( GEOMETRIC_REPRESENTATION_CONTEXT(2) 
PARAMETRIC_REPRESENTATION_CONTEXT() REPRESENTATION_CONTEXT('2D SPACE',''
  ) );
#1167 = ADVANCED_FACE('',(#1168),#1135,.F.);
#1168 = FACE_BOUND('',#1169,.F.);
#1169 = EDGE_LOOP('',(#1170,#1171,#1194,#1222));
#1170 = ORIENTED_EDGE('',*,*,#1119,.T.);
#1171 = ORIENTED_EDGE('',*,*,#1172,.T.);
#1172 = EDGE_CURVE('',#1097,#1173,#1175,.T.);
#1173 = VERTEX_POINT('',#1174);
#1174 = CARTESIAN_POINT('',(3.,3.,2.285E+03));
#1175 = SURFACE_CURVE('',#1176,(#1180,#1187),.PCURVE_S1.);
#1176 = LINE('',#1177,#1178);
#1177 = CARTESIAN_POINT('',(76.,3.,2.285E+03));
#1178 = VECTOR('',#1179,1.);
#1179 = DIRECTION('',(-1.,0.,0.));
#1180 = PCURVE('',#1135,#1181);
#1181 = DEFINITIONAL_REPRESENTATION('',(#1182),#1186);
#1182 = LINE('',#1183,#1184);
#1183 = CARTESIAN_POINT('',(0.,-2.285E+03));
#1184 = VECTOR('',#1185,1.);
#1185 = DIRECTION('',(1.,0.));
#1186 = ( GEOMETRIC_REPRESENTATION_CONTEXT(2) 
PARAMETRIC_REPRESENTATION_CONTEXT() REPRESENTATION_CONTEXT('2D SPACE',''
  ) );
#1187 = PCURVE('',#1026,#1188);
#1188 = DEFINITIONAL_REPRESENTATION('',(#1189),#1193);
#1189 = LINE('',#1190,#1191);
#1190 = CARTESIAN_POINT('',(42.638121546961,-13.));
#1191 = VECTOR('',#1192,1.);
#1192 = DIRECTION('',(-1.,0.));
#1193 = ( GEOMETRIC_REPRESENTATION_CONTEXT(2) 
PARAMETRIC_REPRESENTATION_CONTEXT() REPRESENTATION_CONTEXT('2D SPACE',''
  ) );
#1194 = ORIENTED_EDGE('',*,*,#1195,.F.);
#1195 = EDGE_CURVE('',#1196,#1173,#1198,.T.);
#1196 = VERTEX_POINT('',#1197);
#1197 = CARTESIAN_POINT('',(3.,3.,0.));
#1198 = SURFACE_CURVE('',#1199,(#1203,#1210),.PCURVE_S1.);
#1199 = LINE('',#1200,#1201);
#1200 = CARTESIAN_POINT('',(3.,3.,0.));
#1201 = VECTOR('',#1202,1.);
#1202 = DIRECTION('',(0.,0.,1.));
#1203 = PCURVE('',#1135,#1204);
#1204 = DEFINITIONAL_REPRESENTATION('',(#1205),#1209);
#1205 = LINE('',#1206,#1207);
#1206 = CARTESIAN_POINT('',(73.,0.));
#1207 = VECTOR('',#1208,1.);
#1208 = DIRECTION('',(0.,-1.));
#1209 = ( GEOMETRIC_REPRESENTATION_CONTEXT(2) 
PARAMETRIC_REPRESENTATION_CONTEXT() REPRESENTATION_CONTEXT('2D SPACE',''
  ) );
#1210 = PCURVE('',#1211,#1216);
#1211 = PLANE('',#1212);
#1212 = AXIS2_PLACEMENT_3D('',#1213,#1214,#1215);
#1213 = CARTESIAN_POINT('',(3.,3.,0.));
#1214 = DIRECTION('',(-1.,0.,0.));
#1215 = DIRECTION('',(0.,1.,0.));
#1216 = DEFINITIONAL_REPRESENTATION('',(#1217),#1221);
#1217 = LINE('',#1218,#1219);
#1218 = CARTESIAN_POINT('',(0.,0.));
#1219 = VECTOR('',#1220,1.);
#1220 = DIRECTION('',(0.,-1.));
#1221 = ( GEOMETRIC_REPRESENTATION_CONTEXT(2) 
PARAMETRIC_REPRESENTATION_CONTEXT() REPRESENTATION_CONTEXT('2D SPACE',''
  ) );
#1222 = ORIENTED_EDGE('',*,*,#1223,.F.);
#1223 = EDGE_CURVE('',#1120,#1196,#1224,.T.);
#1224 = SURFACE_CURVE('',#1225,(#1229,#1236),.PCURVE_S1.);
#1225 = LINE('',#1226,#1227);
#1226 = CARTESIAN_POINT('',(76.,3.,0.));
#1227 = VECTOR('',#1228,1.);
#1228 = DIRECTION('',(-1.,0.,0.));
#1229 = PCURVE('',#1135,#1230);
#1230 = DEFINITIONAL_REPRESENTATION('',(#1231),#1235);
#1231 = LINE('',#1232,#1233);
#1232 = CARTESIAN_POINT('',(0.,-0.));
#1233 = VECTOR('',#1234,1.);
#1234 = DIRECTION('',(1.,0.));
#1235 = ( GEOMETRIC_REPRESENTATION_CONTEXT(2) 
PARAMETRIC_REPRESENTATION_CONTEXT() REPRESENTATION_CONTEXT('2D SPACE',''
  ) );
#1236 = PCURVE('',#1080,#1237);
#1237 = DEFINITIONAL_REPRESENTATION('',(#1238),#1242);
#1238 = LINE('',#1239,#1240);
#1239 = CARTESIAN_POINT('',(42.638121546961,-13.));
#1240 = VECTOR('',#1241,1.);
#1241 = DIRECTION('',(-1.,0.));
#1242 = ( GEOMETRIC_REPRESENTATION_CONTEXT(2) 
PARAMETRIC_REPRESENTATION_CONTEXT() REPRESENTATION_CONTEXT('2D SPACE',''
  ) );
#1243 = ADVANCED_FACE('',(#1244),#1211,.F.);
#1244 = FACE_BOUND('',#1245,.F.);
#1245 = EDGE_LOOP('',(#1246,#1247,#1270,#1298));
#1246 = ORIENTED_EDGE('',*,*,#1195,.T.);
#1247 = ORIENTED_EDGE('',*,*,#1248,.T.);
#1248 = EDGE_CURVE('',#1173,#1249,#1251,.T.);
#1249 = VERTEX_POINT('',#1250);
#1250 = CARTESIAN_POINT('',(3.,29.,2.285E+03));
#1251 = SURFACE_CURVE('',#1252,(#1256,#1263),.PCURVE_S1.);
#1252 = LINE('',#1253,#1254);
#1253 = CARTESIAN_POINT('',(3.,3.,2.285E+03));
#1254 = VECTOR('',#1255,1.);
#1255 = DIRECTION('',(0.,1.,0.));
#1256 = PCURVE('',#1211,#1257);
#1257 = DEFINITIONAL_REPRESENTATION('',(#1258),#1262);
#1258 = LINE('',#1259,#1260);
#1259 = CARTESIAN_POINT('',(0.,-2.285E+03));
#1260 = VECTOR('',#1261,1.);
#1261 = DIRECTION('',(1.,0.));
#1262 = ( GEOMETRIC_REPRESENTATION_CONTEXT(2) 
PARAMETRIC_REPRESENTATION_CONTEXT() REPRESENTATION_CONTEXT('2D SPACE',''
  ) );
#1263 = PCURVE('',#1026,#1264);
#1264 = DEFINITIONAL_REPRESENTATION('',(#1265),#1269);
#1265 = LINE('',#1266,#1267);
#1266 = CARTESIAN_POINT('',(-30.36187845303,-13.));
#1267 = VECTOR('',#1268,1.);
#1268 = DIRECTION('',(0.,1.));
#1269 = ( GEOMETRIC_REPRESENTATION_CONTEXT(2) 
PARAMETRIC_REPRESENTATION_CONTEXT() REPRESENTATION_CONTEXT('2D SPACE',''
  ) );
#1270 = ORIENTED_EDGE('',*,*,#1271,.F.);
#1271 = EDGE_CURVE('',#1272,#1249,#1274,.T.);
#1272 = VERTEX_POINT('',#1273);
#1273 = CARTESIAN_POINT('',(3.,29.,0.));
#1274 = SURFACE_CURVE('',#1275,(#1279,#1286),.PCURVE_S1.);
#1275 = LINE('',#1276,#1277);
#1276 = CARTESIAN_POINT('',(3.,29.,0.));
#1277 = VECTOR('',#1278,1.);
#1278 = DIRECTION('',(0.,0.,1.));
#1279 = PCURVE('',#1211,#1280);
#1280 = DEFINITIONAL_REPRESENTATION('',(#1281),#1285);
#1281 = LINE('',#1282,#1283);
#1282 = CARTESIAN_POINT('',(26.,0.));
#1283 = VECTOR('',#1284,1.);
#1284 = DIRECTION('',(0.,-1.));
#1285 = ( GEOMETRIC_REPRESENTATION_CONTEXT(2) 
PARAMETRIC_REPRESENTATION_CONTEXT() REPRESENTATION_CONTEXT('2D SPACE',''
  ) );
#1286 = PCURVE('',#1287,#1292);
#1287 = PLANE('',#1288);
#1288 = AXIS2_PLACEMENT_3D('',#1289,#1290,#1291);
#1289 = CARTESIAN_POINT('',(3.,29.,0.));
#1290 = DIRECTION('',(0.,1.,0.));
#1291 = DIRECTION('',(1.,0.,0.));
#1292 = DEFINITIONAL_REPRESENTATION('',(#1293),#1297);
#1293 = LINE('',#1294,#1295);
#1294 = CARTESIAN_POINT('',(0.,0.));
#1295 = VECTOR('',#1296,1.);
#1296 = DIRECTION('',(0.,-1.));
#1297 = ( GEOMETRIC_REPRESENTATION_CONTEXT(2) 
PARAMETRIC_REPRESENTATION_CONTEXT() REPRESENTATION_CONTEXT('2D SPACE',''
  ) );
#1298 = ORIENTED_EDGE('',*,*,#1299,.F.);
#1299 = EDGE_CURVE('',#1196,#1272,#1300,.T.);
#1300 = SURFACE_CURVE('',#1301,(#1305,#1312),.PCURVE_S1.);
#1301 = LINE('',#1302,#1303);
#1302 = CARTESIAN_POINT('',(3.,3.,0.));
#1303 = VECTOR('',#1304,1.);
#1304 = DIRECTION('',(0.,1.,0.));
#1305 = PCURVE('',#1211,#1306);
#1306 = DEFINITIONAL_REPRESENTATION('',(#1307),#1311);
#1307 = LINE('',#1308,#1309);
#1308 = CARTESIAN_POINT('',(0.,0.));
#1309 = VECTOR('',#1310,1.);
#1310 = DIRECTION('',(1.,0.));
#1311 = ( GEOMETRIC_REPRESENTATION_CONTEXT(2) 
PARAMETRIC_REPRESENTATION_CONTEXT() REPRESENTATION_CONTEXT('2D SPACE',''
  ) );
#1312 = PCURVE('',#1080,#1313);
#1313 = DEFINITIONAL_REPRESENTATION('',(#1314),#1318);
#1314 = LINE('',#1315,#1316);
#1315 = CARTESIAN_POINT('',(-30.36187845303,-13.));
#1316 = VECTOR('',#1317,1.);
#1317 = DIRECTION('',(0.,1.));
#1318 = ( GEOMETRIC_REPRESENTATION_CONTEXT(2) 
PARAMETRIC_REPRESENTATION_CONTEXT() REPRESENTATION_CONTEXT('2D SPACE',''
  ) );
#1319 = ADVANCED_FACE('',(#1320),#1287,.F.);
#1320 = FACE_BOUND('',#1321,.F.);
#1321 = EDGE_LOOP('',(#1322,#1323,#1346,#1374));
#1322 = ORIENTED_EDGE('',*,*,#1271,.T.);
#1323 = ORIENTED_EDGE('',*,*,#1324,.T.);
#1324 = EDGE_CURVE('',#1249,#1325,#1327,.T.);
#1325 = VERTEX_POINT('',#1326);
#1326 = CARTESIAN_POINT('',(76.,29.,2.285E+03));
#1327 = SURFACE_CURVE('',#1328,(#1332,#1339),.PCURVE_S1.);
#1328 = LINE('',#1329,#1330);
#1329 = CARTESIAN_POINT('',(3.,29.,2.285E+03));
#1330 = VECTOR('',#1331,1.);
#1331 = DIRECTION('',(1.,0.,0.));
#1332 = PCURVE('',#1287,#1333);
#1333 = DEFINITIONAL_REPRESENTATION('',(#1334),#1338);
#1334 = LINE('',#1335,#1336);
#1335 = CARTESIAN_POINT('',(0.,-2.285E+03));
#1336 = VECTOR('',#1337,1.);
#1337 = DIRECTION('',(1.,0.));
#1338 = ( GEOMETRIC_REPRESENTATION_CONTEXT(2) 
PARAMETRIC_REPRESENTATION_CONTEXT() REPRESENTATION_CONTEXT('2D SPACE',''
  ) );
#1339 = PCURVE('',#1026,#1340);
#1340 = DEFINITIONAL_REPRESENTATION('',(#1341),#1345);
#1341 = LINE('',#1342,#1343);
#1342 = CARTESIAN_POINT('',(-30.36187845303,13.));
#1343 = VECTOR('',#1344,1.);
#1344 = DIRECTION('',(1.,0.));
#1345 = ( GEOMETRIC_REPRESENTATION_CONTEXT(2) 
PARAMETRIC_REPRESENTATION_CONTEXT() REPRESENTATION_CONTEXT('2D SPACE',''
  ) );
#1346 = ORIENTED_EDGE('',*,*,#1347,.F.);
#1347 = EDGE_CURVE('',#1348,#1325,#1350,.T.);
#1348 = VERTEX_POINT('',#1349);
#1349 = CARTESIAN_POINT('',(76.,29.,0.));
#1350 = SURFACE_CURVE('',#1351,(#1355,#1362),.PCURVE_S1.);
#1351 = LINE('',#1352,#1353);
#1352 = CARTESIAN_POINT('',(76.,29.,0.));
#1353 = VECTOR('',#1354,1.);
#1354 = DIRECTION('',(0.,0.,1.));
#1355 = PCURVE('',#1287,#1356);
#1356 = DEFINITIONAL_REPRESENTATION('',(#1357),#1361);
#1357 = LINE('',#1358,#1359);
#1358 = CARTESIAN_POINT('',(73.,0.));
#1359 = VECTOR('',#1360,1.);
#1360 = DIRECTION('',(0.,-1.));
#1361 = ( GEOMETRIC_REPRESENTATION_CONTEXT(2) 
PARAMETRIC_REPRESENTATION_CONTEXT() REPRESENTATION_CONTEXT('2D SPACE',''
  ) );
#1362 = PCURVE('',#1363,#1368);
#1363 = PLANE('',#1364);
#1364 = AXIS2_PLACEMENT_3D('',#1365,#1366,#1367);
#1365 = CARTESIAN_POINT('',(76.,29.,0.));
#1366 = DIRECTION('',(-1.,0.,0.));
#1367 = DIRECTION('',(0.,1.,0.));
#1368 = DEFINITIONAL_REPRESENTATION('',(#1369),#1373);
#1369 = LINE('',#1370,#1371);
#1370 = CARTESIAN_POINT('',(0.,0.));
#1371 = VECTOR('',#1372,1.);
#1372 = DIRECTION('',(0.,-1.));
#1373 = ( GEOMETRIC_REPRESENTATION_CONTEXT(2) 
PARAMETRIC_REPRESENTATION_CONTEXT() REPRESENTATION_CONTEXT('2D SPACE',''
  ) );
#1374 = ORIENTED_EDGE('',*,*,#1375,.F.);
#1375 = EDGE_CURVE('',#1272,#1348,#1376,.T.);
#1376 = SURFACE_CURVE('',#1377,(#1381,#1388),.PCURVE_S1.);
#1377 = LINE('',#1378,#1379);
#1378 = CARTESIAN_POINT('',(3.,29.,0.));
#1379 = VECTOR('',#1380,1.);
#1380 = DIRECTION('',(1.,0.,0.));
#1381 = PCURVE('',#1287,#1382);
#1382 = DEFINITIONAL_REPRESENTATION('',(#1383),#1387);
#1383 = LINE('',#1384,#1385);
#1384 = CARTESIAN_POINT('',(0.,0.));
#1385 = VECTOR('',#1386,1.);
#1386 = DIRECTION('',(1.,0.));
#1387 = ( GEOMETRIC_REPRESENTATION_CONTEXT(2) 
PARAMETRIC_REPRESENTATION_CONTEXT() REPRESENTATION_CONTEXT('2D SPACE',''
  ) );
#1388 = PCURVE('',#1080,#1389);
#1389 = DEFINITIONAL_REPRESENTATION('',(#1390),#1394);
#1390 = LINE('',#1391,#1392);
#1391 = CARTESIAN_POINT('',(-30.36187845303,13.));
#1392 = VECTOR('',#1393,1.);
#1393 = DIRECTION('',(1.,0.));
#1394 = ( GEOMETRIC_REPRESENTATION_CONTEXT(2) 
PARAMETRIC_REPRESENTATION_CONTEXT() REPRESENTATION_CONTEXT('2D SPACE',''
  ) );
#1395 = ADVANCED_FACE('',(#1396),#1363,.F.);
#1396 = FACE_BOUND('',#1397,.F.);
#1397 = EDGE_LOOP('',(#1398,#1399,#1422,#1450));
#1398 = ORIENTED_EDGE('',*,*,#1347,.T.);
#1399 = ORIENTED_EDGE('',*,*,#1400,.T.);
#1400 = EDGE_CURVE('',#1325,#1401,#1403,.T.);
#1401 = VERTEX_POINT('',#1402);
#1402 = CARTESIAN_POINT('',(76.,32.,2.285E+03));
#1403 = SURFACE_CURVE('',#1404,(#1408,#1415),.PCURVE_S1.);
#1404 = LINE('',#1405,#1406);
#1405 = CARTESIAN_POINT('',(76.,29.,2.285E+03));
#1406 = VECTOR('',#1407,1.);
#1407 = DIRECTION('',(0.,1.,0.));
#1408 = PCURVE('',#1363,#1409);
#1409 = DEFINITIONAL_REPRESENTATION('',(#1410),#1414);
#1410 = LINE('',#1411,#1412);
#1411 = CARTESIAN_POINT('',(0.,-2.285E+03));
#1412 = VECTOR('',#1413,1.);
#1413 = DIRECTION('',(1.,0.));
#1414 = ( GEOMETRIC_REPRESENTATION_CONTEXT(2) 
PARAMETRIC_REPRESENTATION_CONTEXT() REPRESENTATION_CONTEXT('2D SPACE',''
  ) );
#1415 = PCURVE('',#1026,#1416);
#1416 = DEFINITIONAL_REPRESENTATION('',(#1417),#1421);
#1417 = LINE('',#1418,#1419);
#1418 = CARTESIAN_POINT('',(42.638121546961,13.));
#1419 = VECTOR('',#1420,1.);
#1420 = DIRECTION('',(0.,1.));
#1421 = ( GEOMETRIC_REPRESENTATION_CONTEXT(2) 
PARAMETRIC_REPRESENTATION_CONTEXT() REPRESENTATION_CONTEXT('2D SPACE',''
  ) );
#1422 = ORIENTED_EDGE('',*,*,#1423,.F.);
#1423 = EDGE_CURVE('',#1424,#1401,#1426,.T.);
#1424 = VERTEX_POINT('',#1425);
#1425 = CARTESIAN_POINT('',(76.,32.,0.));
#1426 = SURFACE_CURVE('',#1427,(#1431,#1438),.PCURVE_S1.);
#1427 = LINE('',#1428,#1429);
#1428 = CARTESIAN_POINT('',(76.,32.,0.));
#1429 = VECTOR('',#1430,1.);
#1430 = DIRECTION('',(0.,0.,1.));
#1431 = PCURVE('',#1363,#1432);
#1432 = DEFINITIONAL_REPRESENTATION('',(#1433),#1437);
#1433 = LINE('',#1434,#1435);
#1434 = CARTESIAN_POINT('',(3.,0.));
#1435 = VECTOR('',#1436,1.);
#1436 = DIRECTION('',(0.,-1.));
#1437 = ( GEOMETRIC_REPRESENTATION_CONTEXT(2) 
PARAMETRIC_REPRESENTATION_CONTEXT() REPRESENTATION_CONTEXT('2D SPACE',''
  ) );
#1438 = PCURVE('',#1439,#1444);
#1439 = PLANE('',#1440);
#1440 = AXIS2_PLACEMENT_3D('',#1441,#1442,#1443);
#1441 = CARTESIAN_POINT('',(76.,32.,0.));
#1442 = DIRECTION('',(0.,-1.,0.));
#1443 = DIRECTION('',(-1.,0.,0.));
#1444 = DEFINITIONAL_REPRESENTATION('',(#1445),#1449);
#1445 = LINE('',#1446,#1447);
#1446 = CARTESIAN_POINT('',(0.,-0.));
#1447 = VECTOR('',#1448,1.);
#1448 = DIRECTION('',(0.,-1.));
#1449 = ( GEOMETRIC_REPRESENTATION_CONTEXT(2) 
PARAMETRIC_REPRESENTATION_CONTEXT() REPRESENTATION_CONTEXT('2D SPACE',''
  ) );
#1450 = ORIENTED_EDGE('',*,*,#1451,.F.);
#1451 = EDGE_CURVE('',#1348,#1424,#1452,.T.);
#1452 = SURFACE_CURVE('',#1453,(#1457,#1464),.PCURVE_S1.);
#1453 = LINE('',#1454,#1455);
#1454 = CARTESIAN_POINT('',(76.,29.,0.));
#1455 = VECTOR('',#1456,1.);
#1456 = DIRECTION('',(0.,1.,0.));
#1457 = PCURVE('',#1363,#1458);
#1458 = DEFINITIONAL_REPRESENTATION('',(#1459),#1463);
#1459 = LINE('',#1460,#1461);
#1460 = CARTESIAN_POINT('',(0.,0.));
#1461 = VECTOR('',#1462,1.);
#1462 = DIRECTION('',(1.,0.));
#1463 = ( GEOMETRIC_REPRESENTATION_CONTEXT(2) 
PARAMETRIC_REPRESENTATION_CONTEXT() REPRESENTATION_CONTEXT('2D SPACE',''
  ) );
#1464 = PCURVE('',#1080,#1465);
#1465 = DEFINITIONAL_REPRESENTATION('',(#1466),#1470);
#1466 = LINE('',#1467,#1468);
#1467 = CARTESIAN_POINT('',(42.638121546961,13.));
#1468 = VECTOR('',#1469,1.);
#1469 = DIRECTION('',(0.,1.));
#1470 = ( GEOMETRIC_REPRESENTATION_CONTEXT(2) 
PARAMETRIC_REPRESENTATION_CONTEXT() REPRESENTATION_CONTEXT('2D SPACE',''
  ) );
#1471 = ADVANCED_FACE('',(#1472),#1439,.F.);
#1472 = FACE_BOUND('',#1473,.F.);
#1473 = EDGE_LOOP('',(#1474,#1475,#1498,#1521));
#1474 = ORIENTED_EDGE('',*,*,#1423,.T.);
#1475 = ORIENTED_EDGE('',*,*,#1476,.T.);
#1476 = EDGE_CURVE('',#1401,#1477,#1479,.T.);
#1477 = VERTEX_POINT('',#1478);
#1478 = CARTESIAN_POINT('',(0.,32.,2.285E+03));
#1479 = SURFACE_CURVE('',#1480,(#1484,#1491),.PCURVE_S1.);
#1480 = LINE('',#1481,#1482);
#1481 = CARTESIAN_POINT('',(76.,32.,2.285E+03));
#1482 = VECTOR('',#1483,1.);
#1483 = DIRECTION('',(-1.,0.,0.));
#1484 = PCURVE('',#1439,#1485);
#1485 = DEFINITIONAL_REPRESENTATION('',(#1486),#1490);
#1486 = LINE('',#1487,#1488);
#1487 = CARTESIAN_POINT('',(0.,-2.285E+03));
#1488 = VECTOR('',#1489,1.);
#1489 = DIRECTION('',(1.,0.));
#1490 = ( GEOMETRIC_REPRESENTATION_CONTEXT(2) 
PARAMETRIC_REPRESENTATION_CONTEXT() REPRESENTATION_CONTEXT('2D SPACE',''
  ) );
#1491 = PCURVE('',#1026,#1492);
#1492 = DEFINITIONAL_REPRESENTATION('',(#1493),#1497);
#1493 = LINE('',#1494,#1495);
#1494 = CARTESIAN_POINT('',(42.638121546961,16.));
#1495 = VECTOR('',#1496,1.);
#1496 = DIRECTION('',(-1.,0.));
#1497 = ( GEOMETRIC_REPRESENTATION_CONTEXT(2) 
PARAMETRIC_REPRESENTATION_CONTEXT() REPRESENTATION_CONTEXT('2D SPACE',''
  ) );
#1498 = ORIENTED_EDGE('',*,*,#1499,.F.);
#1499 = EDGE_CURVE('',#1500,#1477,#1502,.T.);
#1500 = VERTEX_POINT('',#1501);
#1501 = CARTESIAN_POINT('',(0.,32.,0.));
#1502 = SURFACE_CURVE('',#1503,(#1507,#1514),.PCURVE_S1.);
#1503 = LINE('',#1504,#1505);
#1504 = CARTESIAN_POINT('',(0.,32.,0.));
#1505 = VECTOR('',#1506,1.);
#1506 = DIRECTION('',(0.,0.,1.));
#1507 = PCURVE('',#1439,#1508);
#1508 = DEFINITIONAL_REPRESENTATION('',(#1509),#1513);
#1509 = LINE('',#1510,#1511);
#1510 = CARTESIAN_POINT('',(76.,0.));
#1511 = VECTOR('',#1512,1.);
#1512 = DIRECTION('',(0.,-1.));
#1513 = ( GEOMETRIC_REPRESENTATION_CONTEXT(2) 
PARAMETRIC_REPRESENTATION_CONTEXT() REPRESENTATION_CONTEXT('2D SPACE',''
  ) );
#1514 = PCURVE('',#998,#1515);
#1515 = DEFINITIONAL_REPRESENTATION('',(#1516),#1520);
#1516 = LINE('',#1517,#1518);
#1517 = CARTESIAN_POINT('',(0.,0.));
#1518 = VECTOR('',#1519,1.);
#1519 = DIRECTION('',(0.,-1.));
#1520 = ( GEOMETRIC_REPRESENTATION_CONTEXT(2) 
PARAMETRIC_REPRESENTATION_CONTEXT() REPRESENTATION_CONTEXT('2D SPACE',''
  ) );
#1521 = ORIENTED_EDGE('',*,*,#1522,.F.);
#1522 = EDGE_CURVE('',#1424,#1500,#1523,.T.);
#1523 = SURFACE_CURVE('',#1524,(#1528,#1535),.PCURVE_S1.);
#1524 = LINE('',#1525,#1526);
#1525 = CARTESIAN_POINT('',(76.,32.,0.));
#1526 = VECTOR('',#1527,1.);
#1527 = DIRECTION('',(-1.,0.,0.));
#1528 = PCURVE('',#1439,#1529);
#1529 = DEFINITIONAL_REPRESENTATION('',(#1530),#1534);
#1530 = LINE('',#1531,#1532);
#1531 = CARTESIAN_POINT('',(0.,-0.));
#1532 = VECTOR('',#1533,1.);
#1533 = DIRECTION('',(1.,0.));
#1534 = ( GEOMETRIC_REPRESENTATION_CONTEXT(2) 
PARAMETRIC_REPRESENTATION_CONTEXT() REPRESENTATION_CONTEXT('2D SPACE',''
  ) );
#1535 = PCURVE('',#1080,#1536);
#1536 = DEFINITIONAL_REPRESENTATION('',(#1537),#1541);
#1537 = LINE('',#1538,#1539);
#1538 = CARTESIAN_POINT('',(42.638121546961,16.));
#1539 = VECTOR('',#1540,1.);
#1540 = DIRECTION('',(-1.,0.));
#1541 = ( GEOMETRIC_REPRESENTATION_CONTEXT(2) 
PARAMETRIC_REPRESENTATION_CONTEXT() REPRESENTATION_CONTEXT('2D SPACE',''
  ) );
#1542 = ADVANCED_FACE('',(#1543),#998,.F.);
#1543 = FACE_BOUND('',#1544,.F.);
#1544 = EDGE_LOOP('',(#1545,#1546,#1567,#1568));
#1545 = ORIENTED_EDGE('',*,*,#1499,.T.);
#1546 = ORIENTED_EDGE('',*,*,#1547,.T.);
#1547 = EDGE_CURVE('',#1477,#978,#1548,.T.);
#1548 = SURFACE_CURVE('',#1549,(#1553,#1560),.PCURVE_S1.);
#1549 = LINE('',#1550,#1551);
#1550 = CARTESIAN_POINT('',(0.,32.,2.285E+03));
#1551 = VECTOR('',#1552,1.);
#1552 = DIRECTION('',(0.,-1.,0.));
#1553 = PCURVE('',#998,#1554);
#1554 = DEFINITIONAL_REPRESENTATION('',(#1555),#1559);
#1555 = LINE('',#1556,#1557);
#1556 = CARTESIAN_POINT('',(0.,-2.285E+03));
#1557 = VECTOR('',#1558,1.);
#1558 = DIRECTION('',(1.,0.));
#1559 = ( GEOMETRIC_REPRESENTATION_CONTEXT(2) 
PARAMETRIC_REPRESENTATION_CONTEXT() REPRESENTATION_CONTEXT('2D SPACE',''
  ) );
#1560 = PCURVE('',#1026,#1561);
#1561 = DEFINITIONAL_REPRESENTATION('',(#1562),#1566);
#1562 = LINE('',#1563,#1564);
#1563 = CARTESIAN_POINT('',(-33.36187845303,16.));
#1564 = VECTOR('',#1565,1.);
#1565 = DIRECTION('',(0.,-1.));
#1566 = ( GEOMETRIC_REPRESENTATION_CONTEXT(2) 
PARAMETRIC_REPRESENTATION_CONTEXT() REPRESENTATION_CONTEXT('2D SPACE',''
  ) );
#1567 = ORIENTED_EDGE('',*,*,#975,.F.);
#1568 = ORIENTED_EDGE('',*,*,#1569,.F.);
#1569 = EDGE_CURVE('',#1500,#976,#1570,.T.);
#1570 = SURFACE_CURVE('',#1571,(#1575,#1582),.PCURVE_S1.);
#1571 = LINE('',#1572,#1573);
#1572 = CARTESIAN_POINT('',(0.,32.,0.));
#1573 = VECTOR('',#1574,1.);
#1574 = DIRECTION('',(0.,-1.,0.));
#1575 = PCURVE('',#998,#1576);
#1576 = DEFINITIONAL_REPRESENTATION('',(#1577),#1581);
#1577 = LINE('',#1578,#1579);
#1578 = CARTESIAN_POINT('',(0.,0.));
#1579 = VECTOR('',#1580,1.);
#1580 = DIRECTION('',(1.,0.));
#1581 = ( GEOMETRIC_REPRESENTATION_CONTEXT(2) 
PARAMETRIC_REPRESENTATION_CONTEXT() REPRESENTATION_CONTEXT('2D SPACE',''
  ) );
#1582 = PCURVE('',#1080,#1583);
#1583 = DEFINITIONAL_REPRESENTATION('',(#1584),#1588);
#1584 = LINE('',#1585,#1586);
#1585 = CARTESIAN_POINT('',(-33.36187845303,16.));
#1586 = VECTOR('',#1587,1.);
#1587 = DIRECTION('',(0.,-1.));
#1588 = ( GEOMETRIC_REPRESENTATION_CONTEXT(2) 
PARAMETRIC_REPRESENTATION_CONTEXT() REPRESENTATION_CONTEXT('2D SPACE',''
  ) );
#1589 = ADVANCED_FACE('',(#1590),#1080,.F.);
#1590 = FACE_BOUND('',#1591,.F.);
#1591 = EDGE_LOOP('',(#1592,#1593,#1594,#1595,#1596,#1597,#1598,#1599));
#1592 = ORIENTED_EDGE('',*,*,#1066,.T.);
#1593 = ORIENTED_EDGE('',*,*,#1147,.T.);
#1594 = ORIENTED_EDGE('',*,*,#1223,.T.);
#1595 = ORIENTED_EDGE('',*,*,#1299,.T.);
#1596 = ORIENTED_EDGE('',*,*,#1375,.T.);
#1597 = ORIENTED_EDGE('',*,*,#1451,.T.);
#1598 = ORIENTED_EDGE('',*,*,#1522,.T.);
#1599 = ORIENTED_EDGE('',*,*,#1569,.T.);
#1600 = ADVANCED_FACE('',(#1601),#1026,.T.);
#1601 = FACE_BOUND('',#1602,.T.);
#1602 = EDGE_LOOP('',(#1603,#1604,#1605,#1606,#1607,#1608,#1609,#1610));
#1603 = ORIENTED_EDGE('',*,*,#1010,.T.);
#1604 = ORIENTED_EDGE('',*,*,#1096,.T.);
#1605 = ORIENTED_EDGE('',*,*,#1172,.T.);
#1606 = ORIENTED_EDGE('',*,*,#1248,.T.);
#1607 = ORIENTED_EDGE('',*,*,#1324,.T.);
#1608 = ORIENTED_EDGE('',*,*,#1400,.T.);
#1609 = ORIENTED_EDGE('',*,*,#1476,.T.);
#1610 = ORIENTED_EDGE('',*,*,#1547,.T.);
#1611 = ( GEOMETRIC_REPRESENTATION_CONTEXT(3) 
GLOBAL_UNCERTAINTY_ASSIGNED_CONTEXT((#1615)) 
GLOBAL_UNIT_ASSIGNED_CONTEXT((#1612,#1613,#1614)) REPRESENTATION_CONTEXT
('Context #1','3D Context with UNIT and UNCERTAINTY') );
#1612 = ( LENGTH_UNIT() NAMED_UNIT(*) SI_UNIT(.MILLI.,.METRE.) );
#1613 = ( NAMED_UNIT(*) PLANE_ANGLE_UNIT() SI_UNIT($,.RADIAN.) );
#1614 = ( NAMED_UNIT(*) SI_UNIT($,.STERADIAN.) SOLID_ANGLE_UNIT() );
#1615 = UNCERTAINTY_MEASURE_WITH_UNIT(LENGTH_MEASURE(1.E-07),#1612,
  'distance_accuracy_value','confusion accuracy');
#1616 = CONTEXT_DEPENDENT_SHAPE_REPRESENTATION(#1617,#1619);
#1617 = ( REPRESENTATION_RELATIONSHIP('','',#968,#10) 
REPRESENTATION_RELATIONSHIP_WITH_TRANSFORMATION(#1618) 
SHAPE_REPRESENTATION_RELATIONSHIP() );
#1618 = ITEM_DEFINED_TRANSFORMATION('','',#11,#31);
#1619 = PRODUCT_DEFINITION_SHAPE('Placement','Placement of an item',
  #1620);
#1620 = NEXT_ASSEMBLY_USAGE_OCCURRENCE('16','','',#5,#963,$);
#1621 = PRODUCT_RELATED_PRODUCT_CATEGORY('part',$,(#965));
#1622 = SHAPE_DEFINITION_REPRESENTATION(#1623,#1629);
#1623 = PRODUCT_DEFINITION_SHAPE('','',#1624);
#1624 = PRODUCT_DEFINITION('design','',#1625,#1628);
#1625 = PRODUCT_DEFINITION_FORMATION('','',#1626);
#1626 = PRODUCT('Open CASCADE STEP translator 7.8 12.6',
  'Open CASCADE STEP translator 7.8 12.6','',(#1627));
#1627 = PRODUCT_CONTEXT('',#2,'mechanical');
#1628 = PRODUCT_DEFINITION_CONTEXT('part definition',#2,'design');
#1629 = ADVANCED_BREP_SHAPE_REPRESENTATION('',(#11,#1630),#2272);
#1630 = MANIFOLD_SOLID_BREP('',#1631);
#1631 = CLOSED_SHELL('',(#1632,#1752,#1828,#1904,#1980,#2056,#2132,#2203
    ,#2250,#2261));
#1632 = ADVANCED_FACE('',(#1633),#1647,.F.);
#1633 = FACE_BOUND('',#1634,.F.);
#1634 = EDGE_LOOP('',(#1635,#1670,#1698,#1726));
#1635 = ORIENTED_EDGE('',*,*,#1636,.T.);
#1636 = EDGE_CURVE('',#1637,#1639,#1641,.T.);
#1637 = VERTEX_POINT('',#1638);
#1638 = CARTESIAN_POINT('',(0.,0.,0.));
#1639 = VERTEX_POINT('',#1640);
#1640 = CARTESIAN_POINT('',(0.,0.,2.285E+03));
#1641 = SURFACE_CURVE('',#1642,(#1646,#1658),.PCURVE_S1.);
#1642 = LINE('',#1643,#1644);
#1643 = CARTESIAN_POINT('',(0.,0.,0.));
#1644 = VECTOR('',#1645,1.);
#1645 = DIRECTION('',(0.,0.,1.));
#1646 = PCURVE('',#1647,#1652);
#1647 = PLANE('',#1648);
#1648 = AXIS2_PLACEMENT_3D('',#1649,#1650,#1651);
#1649 = CARTESIAN_POINT('',(0.,0.,0.));
#1650 = DIRECTION('',(0.,1.,0.));
#1651 = DIRECTION('',(1.,0.,0.));
#1652 = DEFINITIONAL_REPRESENTATION('',(#1653),#1657);
#1653 = LINE('',#1654,#1655);
#1654 = CARTESIAN_POINT('',(0.,0.));
#1655 = VECTOR('',#1656,1.);
#1656 = DIRECTION('',(0.,-1.));
#1657 = ( GEOMETRIC_REPRESENTATION_CONTEXT(2) 
PARAMETRIC_REPRESENTATION_CONTEXT() REPRESENTATION_CONTEXT('2D SPACE',''
  ) );
#1658 = PCURVE('',#1659,#1664);
#1659 = PLANE('',#1660);
#1660 = AXIS2_PLACEMENT_3D('',#1661,#1662,#1663);
#1661 = CARTESIAN_POINT('',(0.,32.,0.));
#1662 = DIRECTION('',(1.,0.,-0.));
#1663 = DIRECTION('',(0.,-1.,0.));
#1664 = DEFINITIONAL_REPRESENTATION('',(#1665),#1669);
#1665 = LINE('',#1666,#1667);
#1666 = CARTESIAN_POINT('',(32.,0.));
#1667 = VECTOR('',#1668,1.);
#1668 = DIRECTION('',(0.,-1.));
#1669 = ( GEOMETRIC_REPRESENTATION_CONTEXT(2) 
PARAMETRIC_REPRESENTATION_CONTEXT() REPRESENTATION_CONTEXT('2D SPACE',''
  ) );
#1670 = ORIENTED_EDGE('',*,*,#1671,.T.);
#1671 = EDGE_CURVE('',#1639,#1672,#1674,.T.);
#1672 = VERTEX_POINT('',#1673);
#1673 = CARTESIAN_POINT('',(76.,0.,2.285E+03));
#1674 = SURFACE_CURVE('',#1675,(#1679,#1686),.PCURVE_S1.);
#1675 = LINE('',#1676,#1677);
#1676 = CARTESIAN_POINT('',(0.,0.,2.285E+03));
#1677 = VECTOR('',#1678,1.);
#1678 = DIRECTION('',(1.,0.,0.));
#1679 = PCURVE('',#1647,#1680);
#1680 = DEFINITIONAL_REPRESENTATION('',(#1681),#1685);
#1681 = LINE('',#1682,#1683);
#1682 = CARTESIAN_POINT('',(0.,-2.285E+03));
#1683 = VECTOR('',#1684,1.);
#1684 = DIRECTION('',(1.,0.));
#1685 = ( GEOMETRIC_REPRESENTATION_CONTEXT(2) 
PARAMETRIC_REPRESENTATION_CONTEXT() REPRESENTATION_CONTEXT('2D SPACE',''
  ) );
#1686 = PCURVE('',#1687,#1692);
#1687 = PLANE('',#1688);
#1688 = AXIS2_PLACEMENT_3D('',#1689,#1690,#1691);
#1689 = CARTESIAN_POINT('',(33.361878453039,16.,2.285E+03));
#1690 = DIRECTION('',(0.,0.,1.));
#1691 = DIRECTION('',(1.,0.,-0.));
#1692 = DEFINITIONAL_REPRESENTATION('',(#1693),#1697);
#1693 = LINE('',#1694,#1695);
#1694 = CARTESIAN_POINT('',(-33.36187845303,-16.));
#1695 = VECTOR('',#1696,1.);
#1696 = DIRECTION('',(1.,0.));
#1697 = ( GEOMETRIC_REPRESENTATION_CONTEXT(2) 
PARAMETRIC_REPRESENTATION_CONTEXT() REPRESENTATION_CONTEXT('2D SPACE',''
  ) );
#1698 = ORIENTED_EDGE('',*,*,#1699,.F.);
#1699 = EDGE_CURVE('',#1700,#1672,#1702,.T.);
#1700 = VERTEX_POINT('',#1701);
#1701 = CARTESIAN_POINT('',(76.,0.,0.));
#1702 = SURFACE_CURVE('',#1703,(#1707,#1714),.PCURVE_S1.);
#1703 = LINE('',#1704,#1705);
#1704 = CARTESIAN_POINT('',(76.,0.,0.));
#1705 = VECTOR('',#1706,1.);
#1706 = DIRECTION('',(0.,0.,1.));
#1707 = PCURVE('',#1647,#1708);
#1708 = DEFINITIONAL_REPRESENTATION('',(#1709),#1713);
#1709 = LINE('',#1710,#1711);
#1710 = CARTESIAN_POINT('',(76.,0.));
#1711 = VECTOR('',#1712,1.);
#1712 = DIRECTION('',(0.,-1.));
#1713 = ( GEOMETRIC_REPRESENTATION_CONTEXT(2) 
PARAMETRIC_REPRESENTATION_CONTEXT() REPRESENTATION_CONTEXT('2D SPACE',''
  ) );
#1714 = PCURVE('',#1715,#1720);
#1715 = PLANE('',#1716);
#1716 = AXIS2_PLACEMENT_3D('',#1717,#1718,#1719);
#1717 = CARTESIAN_POINT('',(76.,0.,0.));
#1718 = DIRECTION('',(-1.,0.,0.));
#1719 = DIRECTION('',(0.,1.,0.));
#1720 = DEFINITIONAL_REPRESENTATION('',(#1721),#1725);
#1721 = LINE('',#1722,#1723);
#1722 = CARTESIAN_POINT('',(0.,0.));
#1723 = VECTOR('',#1724,1.);
#1724 = DIRECTION('',(0.,-1.));
#1725 = ( GEOMETRIC_REPRESENTATION_CONTEXT(2) 
PARAMETRIC_REPRESENTATION_CONTEXT() REPRESENTATION_CONTEXT('2D SPACE',''
  ) );
#1726 = ORIENTED_EDGE('',*,*,#1727,.F.);
#1727 = EDGE_CURVE('',#1637,#1700,#1728,.T.);
#1728 = SURFACE_CURVE('',#1729,(#1733,#1740),.PCURVE_S1.);
#1729 = LINE('',#1730,#1731);
#1730 = CARTESIAN_POINT('',(0.,0.,0.));
#1731 = VECTOR('',#1732,1.);
#1732 = DIRECTION('',(1.,0.,0.));
#1733 = PCURVE('',#1647,#1734);
#1734 = DEFINITIONAL_REPRESENTATION('',(#1735),#1739);
#1735 = LINE('',#1736,#1737);
#1736 = CARTESIAN_POINT('',(0.,0.));
#1737 = VECTOR('',#1738,1.);
#1738 = DIRECTION('',(1.,0.));
#1739 = ( GEOMETRIC_REPRESENTATION_CONTEXT(2) 
PARAMETRIC_REPRESENTATION_CONTEXT() REPRESENTATION_CONTEXT('2D SPACE',''
  ) );
#1740 = PCURVE('',#1741,#1746);
#1741 = PLANE('',#1742);
#1742 = AXIS2_PLACEMENT_3D('',#1743,#1744,#1745);
#1743 = CARTESIAN_POINT('',(33.361878453039,16.,0.));
#1744 = DIRECTION('',(0.,0.,1.));
#1745 = DIRECTION('',(1.,0.,-0.));
#1746 = DEFINITIONAL_REPRESENTATION('',(#1747),#1751);
#1747 = LINE('',#1748,#1749);
#1748 = CARTESIAN_POINT('',(-33.36187845303,-16.));
#1749 = VECTOR('',#1750,1.);
#1750 = DIRECTION('',(1.,0.));
#1751 = ( GEOMETRIC_REPRESENTATION_CONTEXT(2) 
PARAMETRIC_REPRESENTATION_CONTEXT() REPRESENTATION_CONTEXT('2D SPACE',''
  ) );
#1752 = ADVANCED_FACE('',(#1753),#1715,.F.);
#1753 = FACE_BOUND('',#1754,.F.);
#1754 = EDGE_LOOP('',(#1755,#1756,#1779,#1807));
#1755 = ORIENTED_EDGE('',*,*,#1699,.T.);
#1756 = ORIENTED_EDGE('',*,*,#1757,.T.);
#1757 = EDGE_CURVE('',#1672,#1758,#1760,.T.);
#1758 = VERTEX_POINT('',#1759);
#1759 = CARTESIAN_POINT('',(76.,3.,2.285E+03));
#1760 = SURFACE_CURVE('',#1761,(#1765,#1772),.PCURVE_S1.);
#1761 = LINE('',#1762,#1763);
#1762 = CARTESIAN_POINT('',(76.,0.,2.285E+03));
#1763 = VECTOR('',#1764,1.);
#1764 = DIRECTION('',(0.,1.,0.));
#1765 = PCURVE('',#1715,#1766);
#1766 = DEFINITIONAL_REPRESENTATION('',(#1767),#1771);
#1767 = LINE('',#1768,#1769);
#1768 = CARTESIAN_POINT('',(0.,-2.285E+03));
#1769 = VECTOR('',#1770,1.);
#1770 = DIRECTION('',(1.,0.));
#1771 = ( GEOMETRIC_REPRESENTATION_CONTEXT(2) 
PARAMETRIC_REPRESENTATION_CONTEXT() REPRESENTATION_CONTEXT('2D SPACE',''
  ) );
#1772 = PCURVE('',#1687,#1773);
#1773 = DEFINITIONAL_REPRESENTATION('',(#1774),#1778);
#1774 = LINE('',#1775,#1776);
#1775 = CARTESIAN_POINT('',(42.638121546961,-16.));
#1776 = VECTOR('',#1777,1.);
#1777 = DIRECTION('',(0.,1.));
#1778 = ( GEOMETRIC_REPRESENTATION_CONTEXT(2) 
PARAMETRIC_REPRESENTATION_CONTEXT() REPRESENTATION_CONTEXT('2D SPACE',''
  ) );
#1779 = ORIENTED_EDGE('',*,*,#1780,.F.);
#1780 = EDGE_CURVE('',#1781,#1758,#1783,.T.);
#1781 = VERTEX_POINT('',#1782);
#1782 = CARTESIAN_POINT('',(76.,3.,0.));
#1783 = SURFACE_CURVE('',#1784,(#1788,#1795),.PCURVE_S1.);
#1784 = LINE('',#1785,#1786);
#1785 = CARTESIAN_POINT('',(76.,3.,0.));
#1786 = VECTOR('',#1787,1.);
#1787 = DIRECTION('',(0.,0.,1.));
#1788 = PCURVE('',#1715,#1789);
#1789 = DEFINITIONAL_REPRESENTATION('',(#1790),#1794);
#1790 = LINE('',#1791,#1792);
#1791 = CARTESIAN_POINT('',(3.,0.));
#1792 = VECTOR('',#1793,1.);
#1793 = DIRECTION('',(0.,-1.));
#1794 = ( GEOMETRIC_REPRESENTATION_CONTEXT(2) 
PARAMETRIC_REPRESENTATION_CONTEXT() REPRESENTATION_CONTEXT('2D SPACE',''
  ) );
#1795 = PCURVE('',#1796,#1801);
#1796 = PLANE('',#1797);
#1797 = AXIS2_PLACEMENT_3D('',#1798,#1799,#1800);
#1798 = CARTESIAN_POINT('',(76.,3.,0.));
#1799 = DIRECTION('',(0.,-1.,0.));
#1800 = DIRECTION('',(-1.,0.,0.));
#1801 = DEFINITIONAL_REPRESENTATION('',(#1802),#1806);
#1802 = LINE('',#1803,#1804);
#1803 = CARTESIAN_POINT('',(0.,-0.));
#1804 = VECTOR('',#1805,1.);
#1805 = DIRECTION('',(0.,-1.));
#1806 = ( GEOMETRIC_REPRESENTATION_CONTEXT(2) 
PARAMETRIC_REPRESENTATION_CONTEXT() REPRESENTATION_CONTEXT('2D SPACE',''
  ) );
#1807 = ORIENTED_EDGE('',*,*,#1808,.F.);
#1808 = EDGE_CURVE('',#1700,#1781,#1809,.T.);
#1809 = SURFACE_CURVE('',#1810,(#1814,#1821),.PCURVE_S1.);
#1810 = LINE('',#1811,#1812);
#1811 = CARTESIAN_POINT('',(76.,0.,0.));
#1812 = VECTOR('',#1813,1.);
#1813 = DIRECTION('',(0.,1.,0.));
#1814 = PCURVE('',#1715,#1815);
#1815 = DEFINITIONAL_REPRESENTATION('',(#1816),#1820);
#1816 = LINE('',#1817,#1818);
#1817 = CARTESIAN_POINT('',(0.,0.));
#1818 = VECTOR('',#1819,1.);
#1819 = DIRECTION('',(1.,0.));
#1820 = ( GEOMETRIC_REPRESENTATION_CONTEXT(2) 
PARAMETRIC_REPRESENTATION_CONTEXT() REPRESENTATION_CONTEXT('2D SPACE',''
  ) );
#1821 = PCURVE('',#1741,#1822);
#1822 = DEFINITIONAL_REPRESENTATION('',(#1823),#1827);
#1823 = LINE('',#1824,#1825);
#1824 = CARTESIAN_POINT('',(42.638121546961,-16.));
#1825 = VECTOR('',#1826,1.);
#1826 = DIRECTION('',(0.,1.));
#1827 = ( GEOMETRIC_REPRESENTATION_CONTEXT(2) 
PARAMETRIC_REPRESENTATION_CONTEXT() REPRESENTATION_CONTEXT('2D SPACE',''
  ) );
#1828 = ADVANCED_FACE('',(#1829),#1796,.F.);
#1829 = FACE_BOUND('',#1830,.F.);
#1830 = EDGE_LOOP('',(#1831,#1832,#1855,#1883));
#1831 = ORIENTED_EDGE('',*,*,#1780,.T.);
#1832 = ORIENTED_EDGE('',*,*,#1833,.T.);
#1833 = EDGE_CURVE('',#1758,#1834,#1836,.T.);
#1834 = VERTEX_POINT('',#1835);
#1835 = CARTESIAN_POINT('',(3.,3.,2.285E+03));
#1836 = SURFACE_CURVE('',#1837,(#1841,#1848),.PCURVE_S1.);
#1837 = LINE('',#1838,#1839);
#1838 = CARTESIAN_POINT('',(76.,3.,2.285E+03));
#1839 = VECTOR('',#1840,1.);
#1840 = DIRECTION('',(-1.,0.,0.));
#1841 = PCURVE('',#1796,#1842);
#1842 = DEFINITIONAL_REPRESENTATION('',(#1843),#1847);
#1843 = LINE('',#1844,#1845);
#1844 = CARTESIAN_POINT('',(0.,-2.285E+03));
#1845 = VECTOR('',#1846,1.);
#1846 = DIRECTION('',(1.,0.));
#1847 = ( GEOMETRIC_REPRESENTATION_CONTEXT(2) 
PARAMETRIC_REPRESENTATION_CONTEXT() REPRESENTATION_CONTEXT('2D SPACE',''
  ) );
#1848 = PCURVE('',#1687,#1849);
#1849 = DEFINITIONAL_REPRESENTATION('',(#1850),#1854);
#1850 = LINE('',#1851,#1852);
#1851 = CARTESIAN_POINT('',(42.638121546961,-13.));
#1852 = VECTOR('',#1853,1.);
#1853 = DIRECTION('',(-1.,0.));
#1854 = ( GEOMETRIC_REPRESENTATION_CONTEXT(2) 
PARAMETRIC_REPRESENTATION_CONTEXT() REPRESENTATION_CONTEXT('2D SPACE',''
  ) );
#1855 = ORIENTED_EDGE('',*,*,#1856,.F.);
#1856 = EDGE_CURVE('',#1857,#1834,#1859,.T.);
#1857 = VERTEX_POINT('',#1858);
#1858 = CARTESIAN_POINT('',(3.,3.,0.));
#1859 = SURFACE_CURVE('',#1860,(#1864,#1871),.PCURVE_S1.);
#1860 = LINE('',#1861,#1862);
#1861 = CARTESIAN_POINT('',(3.,3.,0.));
#1862 = VECTOR('',#1863,1.);
#1863 = DIRECTION('',(0.,0.,1.));
#1864 = PCURVE('',#1796,#1865);
#1865 = DEFINITIONAL_REPRESENTATION('',(#1866),#1870);
#1866 = LINE('',#1867,#1868);
#1867 = CARTESIAN_POINT('',(73.,0.));
#1868 = VECTOR('',#1869,1.);
#1869 = DIRECTION('',(0.,-1.));
#1870 = ( GEOMETRIC_REPRESENTATION_CONTEXT(2) 
PARAMETRIC_REPRESENTATION_CONTEXT() REPRESENTATION_CONTEXT('2D SPACE',''
  ) );
#1871 = PCURVE('',#1872,#1877);
#1872 = PLANE('',#1873);
#1873 = AXIS2_PLACEMENT_3D('',#1874,#1875,#1876);
#1874 = CARTESIAN_POINT('',(3.,3.,0.));
#1875 = DIRECTION('',(-1.,0.,0.));
#1876 = DIRECTION('',(0.,1.,0.));
#1877 = DEFINITIONAL_REPRESENTATION('',(#1878),#1882);
#1878 = LINE('',#1879,#1880);
#1879 = CARTESIAN_POINT('',(0.,0.));
#1880 = VECTOR('',#1881,1.);
#1881 = DIRECTION('',(0.,-1.));
#1882 = ( GEOMETRIC_REPRESENTATION_CONTEXT(2) 
PARAMETRIC_REPRESENTATION_CONTEXT() REPRESENTATION_CONTEXT('2D SPACE',''
  ) );
#1883 = ORIENTED_EDGE('',*,*,#1884,.F.);
#1884 = EDGE_CURVE('',#1781,#1857,#1885,.T.);
#1885 = SURFACE_CURVE('',#1886,(#1890,#1897),.PCURVE_S1.);
#1886 = LINE('',#1887,#1888);
#1887 = CARTESIAN_POINT('',(76.,3.,0.));
#1888 = VECTOR('',#1889,1.);
#1889 = DIRECTION('',(-1.,0.,0.));
#1890 = PCURVE('',#1796,#1891);
#1891 = DEFINITIONAL_REPRESENTATION('',(#1892),#1896);
#1892 = LINE('',#1893,#1894);
#1893 = CARTESIAN_POINT('',(0.,-0.));
#1894 = VECTOR('',#1895,1.);
#1895 = DIRECTION('',(1.,0.));
#1896 = ( GEOMETRIC_REPRESENTATION_CONTEXT(2) 
PARAMETRIC_REPRESENTATION_CONTEXT() REPRESENTATION_CONTEXT('2D SPACE',''
  ) );
#1897 = PCURVE('',#1741,#1898);
#1898 = DEFINITIONAL_REPRESENTATION('',(#1899),#1903);
#1899 = LINE('',#1900,#1901);
#1900 = CARTESIAN_POINT('',(42.638121546961,-13.));
#1901 = VECTOR('',#1902,1.);
#1902 = DIRECTION('',(-1.,0.));
#1903 = ( GEOMETRIC_REPRESENTATION_CONTEXT(2) 
PARAMETRIC_REPRESENTATION_CONTEXT() REPRESENTATION_CONTEXT('2D SPACE',''
  ) );
#1904 = ADVANCED_FACE('',(#1905),#1872,.F.);
#1905 = FACE_BOUND('',#1906,.F.);
#1906 = EDGE_LOOP('',(#1907,#1908,#1931,#1959));
#1907 = ORIENTED_EDGE('',*,*,#1856,.T.);
#1908 = ORIENTED_EDGE('',*,*,#1909,.T.);
#1909 = EDGE_CURVE('',#1834,#1910,#1912,.T.);
#1910 = VERTEX_POINT('',#1911);
#1911 = CARTESIAN_POINT('',(3.,29.,2.285E+03));
#1912 = SURFACE_CURVE('',#1913,(#1917,#1924),.PCURVE_S1.);
#1913 = LINE('',#1914,#1915);
#1914 = CARTESIAN_POINT('',(3.,3.,2.285E+03));
#1915 = VECTOR('',#1916,1.);
#1916 = DIRECTION('',(0.,1.,0.));
#1917 = PCURVE('',#1872,#1918);
#1918 = DEFINITIONAL_REPRESENTATION('',(#1919),#1923);
#1919 = LINE('',#1920,#1921);
#1920 = CARTESIAN_POINT('',(0.,-2.285E+03));
#1921 = VECTOR('',#1922,1.);
#1922 = DIRECTION('',(1.,0.));
#1923 = ( GEOMETRIC_REPRESENTATION_CONTEXT(2) 
PARAMETRIC_REPRESENTATION_CONTEXT() REPRESENTATION_CONTEXT('2D SPACE',''
  ) );
#1924 = PCURVE('',#1687,#1925);
#1925 = DEFINITIONAL_REPRESENTATION('',(#1926),#1930);
#1926 = LINE('',#1927,#1928);
#1927 = CARTESIAN_POINT('',(-30.36187845303,-13.));
#1928 = VECTOR('',#1929,1.);
#1929 = DIRECTION('',(0.,1.));
#1930 = ( GEOMETRIC_REPRESENTATION_CONTEXT(2) 
PARAMETRIC_REPRESENTATION_CONTEXT() REPRESENTATION_CONTEXT('2D SPACE',''
  ) );
#1931 = ORIENTED_EDGE('',*,*,#1932,.F.);
#1932 = EDGE_CURVE('',#1933,#1910,#1935,.T.);
#1933 = VERTEX_POINT('',#1934);
#1934 = CARTESIAN_POINT('',(3.,29.,0.));
#1935 = SURFACE_CURVE('',#1936,(#1940,#1947),.PCURVE_S1.);
#1936 = LINE('',#1937,#1938);
#1937 = CARTESIAN_POINT('',(3.,29.,0.));
#1938 = VECTOR('',#1939,1.);
#1939 = DIRECTION('',(0.,0.,1.));
#1940 = PCURVE('',#1872,#1941);
#1941 = DEFINITIONAL_REPRESENTATION('',(#1942),#1946);
#1942 = LINE('',#1943,#1944);
#1943 = CARTESIAN_POINT('',(26.,0.));
#1944 = VECTOR('',#1945,1.);
#1945 = DIRECTION('',(0.,-1.));
#1946 = ( GEOMETRIC_REPRESENTATION_CONTEXT(2) 
PARAMETRIC_REPRESENTATION_CONTEXT() REPRESENTATION_CONTEXT('2D SPACE',''
  ) );
#1947 = PCURVE('',#1948,#1953);
#1948 = PLANE('',#1949);
#1949 = AXIS2_PLACEMENT_3D('',#1950,#1951,#1952);
#1950 = CARTESIAN_POINT('',(3.,29.,0.));
#1951 = DIRECTION('',(0.,1.,0.));
#1952 = DIRECTION('',(1.,0.,0.));
#1953 = DEFINITIONAL_REPRESENTATION('',(#1954),#1958);
#1954 = LINE('',#1955,#1956);
#1955 = CARTESIAN_POINT('',(0.,0.));
#1956 = VECTOR('',#1957,1.);
#1957 = DIRECTION('',(0.,-1.));
#1958 = ( GEOMETRIC_REPRESENTATION_CONTEXT(2) 
PARAMETRIC_REPRESENTATION_CONTEXT() REPRESENTATION_CONTEXT('2D SPACE',''
  ) );
#1959 = ORIENTED_EDGE('',*,*,#1960,.F.);
#1960 = EDGE_CURVE('',#1857,#1933,#1961,.T.);
#1961 = SURFACE_CURVE('',#1962,(#1966,#1973),.PCURVE_S1.);
#1962 = LINE('',#1963,#1964);
#1963 = CARTESIAN_POINT('',(3.,3.,0.));
#1964 = VECTOR('',#1965,1.);
#1965 = DIRECTION('',(0.,1.,0.));
#1966 = PCURVE('',#1872,#1967);
#1967 = DEFINITIONAL_REPRESENTATION('',(#1968),#1972);
#1968 = LINE('',#1969,#1970);
#1969 = CARTESIAN_POINT('',(0.,0.));
#1970 = VECTOR('',#1971,1.);
#1971 = DIRECTION('',(1.,0.));
#1972 = ( GEOMETRIC_REPRESENTATION_CONTEXT(2) 
PARAMETRIC_REPRESENTATION_CONTEXT() REPRESENTATION_CONTEXT('2D SPACE',''
  ) );
#1973 = PCURVE('',#1741,#1974);
#1974 = DEFINITIONAL_REPRESENTATION('',(#1975),#1979);
#1975 = LINE('',#1976,#1977);
#1976 = CARTESIAN_POINT('',(-30.36187845303,-13.));
#1977 = VECTOR('',#1978,1.);
#1978 = DIRECTION('',(0.,1.));
#1979 = ( GEOMETRIC_REPRESENTATION_CONTEXT(2) 
PARAMETRIC_REPRESENTATION_CONTEXT() REPRESENTATION_CONTEXT('2D SPACE',''
  ) );
#1980 = ADVANCED_FACE('',(#1981),#1948,.F.);
#1981 = FACE_BOUND('',#1982,.F.);
#1982 = EDGE_LOOP('',(#1983,#1984,#2007,#2035));
#1983 = ORIENTED_EDGE('',*,*,#1932,.T.);
#1984 = ORIENTED_EDGE('',*,*,#1985,.T.);
#1985 = EDGE_CURVE('',#1910,#1986,#1988,.T.);
#1986 = VERTEX_POINT('',#1987);
#1987 = CARTESIAN_POINT('',(76.,29.,2.285E+03));
#1988 = SURFACE_CURVE('',#1989,(#1993,#2000),.PCURVE_S1.);
#1989 = LINE('',#1990,#1991);
#1990 = CARTESIAN_POINT('',(3.,29.,2.285E+03));
#1991 = VECTOR('',#1992,1.);
#1992 = DIRECTION('',(1.,0.,0.));
#1993 = PCURVE('',#1948,#1994);
#1994 = DEFINITIONAL_REPRESENTATION('',(#1995),#1999);
#1995 = LINE('',#1996,#1997);
#1996 = CARTESIAN_POINT('',(0.,-2.285E+03));
#1997 = VECTOR('',#1998,1.);
#1998 = DIRECTION('',(1.,0.));
#1999 = ( GEOMETRIC_REPRESENTATION_CONTEXT(2) 
PARAMETRIC_REPRESENTATION_CONTEXT() REPRESENTATION_CONTEXT('2D SPACE',''
  ) );
#2000 = PCURVE('',#1687,#2001);
#2001 = DEFINITIONAL_REPRESENTATION('',(#2002),#2006);
#2002 = LINE('',#2003,#2004);
#2003 = CARTESIAN_POINT('',(-30.36187845303,13.));
#2004 = VECTOR('',#2005,1.);
#2005 = DIRECTION('',(1.,0.));
#2006 = ( GEOMETRIC_REPRESENTATION_CONTEXT(2) 
PARAMETRIC_REPRESENTATION_CONTEXT() REPRESENTATION_CONTEXT('2D SPACE',''
  ) );
#2007 = ORIENTED_EDGE('',*,*,#2008,.F.);
#2008 = EDGE_CURVE('',#2009,#1986,#2011,.T.);
#2009 = VERTEX_POINT('',#2010);
#2010 = CARTESIAN_POINT('',(76.,29.,0.));
#2011 = SURFACE_CURVE('',#2012,(#2016,#2023),.PCURVE_S1.);
#2012 = LINE('',#2013,#2014);
#2013 = CARTESIAN_POINT('',(76.,29.,0.));
#2014 = VECTOR('',#2015,1.);
#2015 = DIRECTION('',(0.,0.,1.));
#2016 = PCURVE('',#1948,#2017);
#2017 = DEFINITIONAL_REPRESENTATION('',(#2018),#2022);
#2018 = LINE('',#2019,#2020);
#2019 = CARTESIAN_POINT('',(73.,0.));
#2020 = VECTOR('',#2021,1.);
#2021 = DIRECTION('',(0.,-1.));
#2022 = ( GEOMETRIC_REPRESENTATION_CONTEXT(2) 
PARAMETRIC_REPRESENTATION_CONTEXT() REPRESENTATION_CONTEXT('2D SPACE',''
  ) );
#2023 = PCURVE('',#2024,#2029);
#2024 = PLANE('',#2025);
#2025 = AXIS2_PLACEMENT_3D('',#2026,#2027,#2028);
#2026 = CARTESIAN_POINT('',(76.,29.,0.));
#2027 = DIRECTION('',(-1.,0.,0.));
#2028 = DIRECTION('',(0.,1.,0.));
#2029 = DEFINITIONAL_REPRESENTATION('',(#2030),#2034);
#2030 = LINE('',#2031,#2032);
#2031 = CARTESIAN_POINT('',(0.,0.));
#2032 = VECTOR('',#2033,1.);
#2033 = DIRECTION('',(0.,-1.));
#2034 = ( GEOMETRIC_REPRESENTATION_CONTEXT(2) 
PARAMETRIC_REPRESENTATION_CONTEXT() REPRESENTATION_CONTEXT('2D SPACE',''
  ) );
#2035 = ORIENTED_EDGE('',*,*,#2036,.F.);
#2036 = EDGE_CURVE('',#1933,#2009,#2037,.T.);
#2037 = SURFACE_CURVE('',#2038,(#2042,#2049),.PCURVE_S1.);
#2038 = LINE('',#2039,#2040);
#2039 = CARTESIAN_POINT('',(3.,29.,0.));
#2040 = VECTOR('',#2041,1.);
#2041 = DIRECTION('',(1.,0.,0.));
#2042 = PCURVE('',#1948,#2043);
#2043 = DEFINITIONAL_REPRESENTATION('',(#2044),#2048);
#2044 = LINE('',#2045,#2046);
#2045 = CARTESIAN_POINT('',(0.,0.));
#2046 = VECTOR('',#2047,1.);
#2047 = DIRECTION('',(1.,0.));
#2048 = ( GEOMETRIC_REPRESENTATION_CONTEXT(2) 
PARAMETRIC_REPRESENTATION_CONTEXT() REPRESENTATION_CONTEXT('2D SPACE',''
  ) );
#2049 = PCURVE('',#1741,#2050);
#2050 = DEFINITIONAL_REPRESENTATION('',(#2051),#2055);
#2051 = LINE('',#2052,#2053);
#2052 = CARTESIAN_POINT('',(-30.36187845303,13.));
#2053 = VECTOR('',#2054,1.);
#2054 = DIRECTION('',(1.,0.));
#2055 = ( GEOMETRIC_REPRESENTATION_CONTEXT(2) 
PARAMETRIC_REPRESENTATION_CONTEXT() REPRESENTATION_CONTEXT('2D SPACE',''
  ) );
#2056 = ADVANCED_FACE('',(#2057),#2024,.F.);
#2057 = FACE_BOUND('',#2058,.F.);
#2058 = EDGE_LOOP('',(#2059,#2060,#2083,#2111));
#2059 = ORIENTED_EDGE('',*,*,#2008,.T.);
#2060 = ORIENTED_EDGE('',*,*,#2061,.T.);
#2061 = EDGE_CURVE('',#1986,#2062,#2064,.T.);
#2062 = VERTEX_POINT('',#2063);
#2063 = CARTESIAN_POINT('',(76.,32.,2.285E+03));
#2064 = SURFACE_CURVE('',#2065,(#2069,#2076),.PCURVE_S1.);
#2065 = LINE('',#2066,#2067);
#2066 = CARTESIAN_POINT('',(76.,29.,2.285E+03));
#2067 = VECTOR('',#2068,1.);
#2068 = DIRECTION('',(0.,1.,0.));
#2069 = PCURVE('',#2024,#2070);
#2070 = DEFINITIONAL_REPRESENTATION('',(#2071),#2075);
#2071 = LINE('',#2072,#2073);
#2072 = CARTESIAN_POINT('',(0.,-2.285E+03));
#2073 = VECTOR('',#2074,1.);
#2074 = DIRECTION('',(1.,0.));
#2075 = ( GEOMETRIC_REPRESENTATION_CONTEXT(2) 
PARAMETRIC_REPRESENTATION_CONTEXT() REPRESENTATION_CONTEXT('2D SPACE',''
  ) );
#2076 = PCURVE('',#1687,#2077);
#2077 = DEFINITIONAL_REPRESENTATION('',(#2078),#2082);
#2078 = LINE('',#2079,#2080);
#2079 = CARTESIAN_POINT('',(42.638121546961,13.));
#2080 = VECTOR('',#2081,1.);
#2081 = DIRECTION('',(0.,1.));
#2082 = ( GEOMETRIC_REPRESENTATION_CONTEXT(2) 
PARAMETRIC_REPRESENTATION_CONTEXT() REPRESENTATION_CONTEXT('2D SPACE',''
  ) );
#2083 = ORIENTED_EDGE('',*,*,#2084,.F.);
#2084 = EDGE_CURVE('',#2085,#2062,#2087,.T.);
#2085 = VERTEX_POINT('',#2086);
#2086 = CARTESIAN_POINT('',(76.,32.,0.));
#2087 = SURFACE_CURVE('',#2088,(#2092,#2099),.PCURVE_S1.);
#2088 = LINE('',#2089,#2090);
#2089 = CARTESIAN_POINT('',(76.,32.,0.));
#2090 = VECTOR('',#2091,1.);
#2091 = DIRECTION('',(0.,0.,1.));
#2092 = PCURVE('',#2024,#2093);
#2093 = DEFINITIONAL_REPRESENTATION('',(#2094),#2098);
#2094 = LINE('',#2095,#2096);
#2095 = CARTESIAN_POINT('',(3.,0.));
#2096 = VECTOR('',#2097,1.);
#2097 = DIRECTION('',(0.,-1.));
#2098 = ( GEOMETRIC_REPRESENTATION_CONTEXT(2) 
PARAMETRIC_REPRESENTATION_CONTEXT() REPRESENTATION_CONTEXT('2D SPACE',''
  ) );
#2099 = PCURVE('',#2100,#2105);
#2100 = PLANE('',#2101);
#2101 = AXIS2_PLACEMENT_3D('',#2102,#2103,#2104);
#2102 = CARTESIAN_POINT('',(76.,32.,0.));
#2103 = DIRECTION('',(0.,-1.,0.));
#2104 = DIRECTION('',(-1.,0.,0.));
#2105 = DEFINITIONAL_REPRESENTATION('',(#2106),#2110);
#2106 = LINE('',#2107,#2108);
#2107 = CARTESIAN_POINT('',(0.,-0.));
#2108 = VECTOR('',#2109,1.);
#2109 = DIRECTION('',(0.,-1.));
#2110 = ( GEOMETRIC_REPRESENTATION_CONTEXT(2) 
PARAMETRIC_REPRESENTATION_CONTEXT() REPRESENTATION_CONTEXT('2D SPACE',''
  ) );
#2111 = ORIENTED_EDGE('',*,*,#2112,.F.);
#2112 = EDGE_CURVE('',#2009,#2085,#2113,.T.);
#2113 = SURFACE_CURVE('',#2114,(#2118,#2125),.PCURVE_S1.);
#2114 = LINE('',#2115,#2116);
#2115 = CARTESIAN_POINT('',(76.,29.,0.));
#2116 = VECTOR('',#2117,1.);
#2117 = DIRECTION('',(0.,1.,0.));
#2118 = PCURVE('',#2024,#2119);
#2119 = DEFINITIONAL_REPRESENTATION('',(#2120),#2124);
#2120 = LINE('',#2121,#2122);
#2121 = CARTESIAN_POINT('',(0.,0.));
#2122 = VECTOR('',#2123,1.);
#2123 = DIRECTION('',(1.,0.));
#2124 = ( GEOMETRIC_REPRESENTATION_CONTEXT(2) 
PARAMETRIC_REPRESENTATION_CONTEXT() REPRESENTATION_CONTEXT('2D SPACE',''
  ) );
#2125 = PCURVE('',#1741,#2126);
#2126 = DEFINITIONAL_REPRESENTATION('',(#2127),#2131);
#2127 = LINE('',#2128,#2129);
#2128 = CARTESIAN_POINT('',(42.638121546961,13.));
#2129 = VECTOR('',#2130,1.);
#2130 = DIRECTION('',(0.,1.));
#2131 = ( GEOMETRIC_REPRESENTATION_CONTEXT(2) 
PARAMETRIC_REPRESENTATION_CONTEXT() REPRESENTATION_CONTEXT('2D SPACE',''
  ) );
#2132 = ADVANCED_FACE('',(#2133),#2100,.F.);
#2133 = FACE_BOUND('',#2134,.F.);
#2134 = EDGE_LOOP('',(#2135,#2136,#2159,#2182));
#2135 = ORIENTED_EDGE('',*,*,#2084,.T.);
#2136 = ORIENTED_EDGE('',*,*,#2137,.T.);
#2137 = EDGE_CURVE('',#2062,#2138,#2140,.T.);
#2138 = VERTEX_POINT('',#2139);
#2139 = CARTESIAN_POINT('',(0.,32.,2.285E+03));
#2140 = SURFACE_CURVE('',#2141,(#2145,#2152),.PCURVE_S1.);
#2141 = LINE('',#2142,#2143);
#2142 = CARTESIAN_POINT('',(76.,32.,2.285E+03));
#2143 = VECTOR('',#2144,1.);
#2144 = DIRECTION('',(-1.,0.,0.));
#2145 = PCURVE('',#2100,#2146);
#2146 = DEFINITIONAL_REPRESENTATION('',(#2147),#2151);
#2147 = LINE('',#2148,#2149);
#2148 = CARTESIAN_POINT('',(0.,-2.285E+03));
#2149 = VECTOR('',#2150,1.);
#2150 = DIRECTION('',(1.,0.));
#2151 = ( GEOMETRIC_REPRESENTATION_CONTEXT(2) 
PARAMETRIC_REPRESENTATION_CONTEXT() REPRESENTATION_CONTEXT('2D SPACE',''
  ) );
#2152 = PCURVE('',#1687,#2153);
#2153 = DEFINITIONAL_REPRESENTATION('',(#2154),#2158);
#2154 = LINE('',#2155,#2156);
#2155 = CARTESIAN_POINT('',(42.638121546961,16.));
#2156 = VECTOR('',#2157,1.);
#2157 = DIRECTION('',(-1.,0.));
#2158 = ( GEOMETRIC_REPRESENTATION_CONTEXT(2) 
PARAMETRIC_REPRESENTATION_CONTEXT() REPRESENTATION_CONTEXT('2D SPACE',''
  ) );
#2159 = ORIENTED_EDGE('',*,*,#2160,.F.);
#2160 = EDGE_CURVE('',#2161,#2138,#2163,.T.);
#2161 = VERTEX_POINT('',#2162);
#2162 = CARTESIAN_POINT('',(0.,32.,0.));
#2163 = SURFACE_CURVE('',#2164,(#2168,#2175),.PCURVE_S1.);
#2164 = LINE('',#2165,#2166);
#2165 = CARTESIAN_POINT('',(0.,32.,0.));
#2166 = VECTOR('',#2167,1.);
#2167 = DIRECTION('',(0.,0.,1.));
#2168 = PCURVE('',#2100,#2169);
#2169 = DEFINITIONAL_REPRESENTATION('',(#2170),#2174);
#2170 = LINE('',#2171,#2172);
#2171 = CARTESIAN_POINT('',(76.,0.));
#2172 = VECTOR('',#2173,1.);
#2173 = DIRECTION('',(0.,-1.));
#2174 = ( GEOMETRIC_REPRESENTATION_CONTEXT(2) 
PARAMETRIC_REPRESENTATION_CONTEXT() REPRESENTATION_CONTEXT('2D SPACE',''
  ) );
#2175 = PCURVE('',#1659,#2176);
#2176 = DEFINITIONAL_REPRESENTATION('',(#2177),#2181);
#2177 = LINE('',#2178,#2179);
#2178 = CARTESIAN_POINT('',(0.,0.));
#2179 = VECTOR('',#2180,1.);
#2180 = DIRECTION('',(0.,-1.));
#2181 = ( GEOMETRIC_REPRESENTATION_CONTEXT(2) 
PARAMETRIC_REPRESENTATION_CONTEXT() REPRESENTATION_CONTEXT('2D SPACE',''
  ) );
#2182 = ORIENTED_EDGE('',*,*,#2183,.F.);
#2183 = EDGE_CURVE('',#2085,#2161,#2184,.T.);
#2184 = SURFACE_CURVE('',#2185,(#2189,#2196),.PCURVE_S1.);
#2185 = LINE('',#2186,#2187);
#2186 = CARTESIAN_POINT('',(76.,32.,0.));
#2187 = VECTOR('',#2188,1.);
#2188 = DIRECTION('',(-1.,0.,0.));
#2189 = PCURVE('',#2100,#2190);
#2190 = DEFINITIONAL_REPRESENTATION('',(#2191),#2195);
#2191 = LINE('',#2192,#2193);
#2192 = CARTESIAN_POINT('',(0.,-0.));
#2193 = VECTOR('',#2194,1.);
#2194 = DIRECTION('',(1.,0.));
#2195 = ( GEOMETRIC_REPRESENTATION_CONTEXT(2) 
PARAMETRIC_REPRESENTATION_CONTEXT() REPRESENTATION_CONTEXT('2D SPACE',''
  ) );
#2196 = PCURVE('',#1741,#2197);
#2197 = DEFINITIONAL_REPRESENTATION('',(#2198),#2202);
#2198 = LINE('',#2199,#2200);
#2199 = CARTESIAN_POINT('',(42.638121546961,16.));
#2200 = VECTOR('',#2201,1.);
#2201 = DIRECTION('',(-1.,0.));
#2202 = ( GEOMETRIC_REPRESENTATION_CONTEXT(2) 
PARAMETRIC_REPRESENTATION_CONTEXT() REPRESENTATION_CONTEXT('2D SPACE',''
  ) );
#2203 = ADVANCED_FACE('',(#2204),#1659,.F.);
#2204 = FACE_BOUND('',#2205,.F.);
#2205 = EDGE_LOOP('',(#2206,#2207,#2228,#2229));
#2206 = ORIENTED_EDGE('',*,*,#2160,.T.);
#2207 = ORIENTED_EDGE('',*,*,#2208,.T.);
#2208 = EDGE_CURVE('',#2138,#1639,#2209,.T.);
#2209 = SURFACE_CURVE('',#2210,(#2214,#2221),.PCURVE_S1.);
#2210 = LINE('',#2211,#2212);
#2211 = CARTESIAN_POINT('',(0.,32.,2.285E+03));
#2212 = VECTOR('',#2213,1.);
#2213 = DIRECTION('',(0.,-1.,0.));
#2214 = PCURVE('',#1659,#2215);
#2215 = DEFINITIONAL_REPRESENTATION('',(#2216),#2220);
#2216 = LINE('',#2217,#2218);
#2217 = CARTESIAN_POINT('',(0.,-2.285E+03));
#2218 = VECTOR('',#2219,1.);
#2219 = DIRECTION('',(1.,0.));
#2220 = ( GEOMETRIC_REPRESENTATION_CONTEXT(2) 
PARAMETRIC_REPRESENTATION_CONTEXT() REPRESENTATION_CONTEXT('2D SPACE',''
  ) );
#2221 = PCURVE('',#1687,#2222);
#2222 = DEFINITIONAL_REPRESENTATION('',(#2223),#2227);
#2223 = LINE('',#2224,#2225);
#2224 = CARTESIAN_POINT('',(-33.36187845303,16.));
#2225 = VECTOR('',#2226,1.);
#2226 = DIRECTION('',(0.,-1.));
#2227 = ( GEOMETRIC_REPRESENTATION_CONTEXT(2) 
PARAMETRIC_REPRESENTATION_CONTEXT() REPRESENTATION_CONTEXT('2D SPACE',''
  ) );
#2228 = ORIENTED_EDGE('',*,*,#1636,.F.);
#2229 = ORIENTED_EDGE('',*,*,#2230,.F.);
#2230 = EDGE_CURVE('',#2161,#1637,#2231,.T.);
#2231 = SURFACE_CURVE('',#2232,(#2236,#2243),.PCURVE_S1.);
#2232 = LINE('',#2233,#2234);
#2233 = CARTESIAN_POINT('',(0.,32.,0.));
#2234 = VECTOR('',#2235,1.);
#2235 = DIRECTION('',(0.,-1.,0.));
#2236 = PCURVE('',#1659,#2237);
#2237 = DEFINITIONAL_REPRESENTATION('',(#2238),#2242);
#2238 = LINE('',#2239,#2240);
#2239 = CARTESIAN_POINT('',(0.,0.));
#2240 = VECTOR('',#2241,1.);
#2241 = DIRECTION('',(1.,0.));
#2242 = ( GEOMETRIC_REPRESENTATION_CONTEXT(2) 
PARAMETRIC_REPRESENTATION_CONTEXT() REPRESENTATION_CONTEXT('2D SPACE',''
  ) );
#2243 = PCURVE('',#1741,#2244);
#2244 = DEFINITIONAL_REPRESENTATION('',(#2245),#2249);
#2245 = LINE('',#2246,#2247);
#2246 = CARTESIAN_POINT('',(-33.36187845303,16.));
#2247 = VECTOR('',#2248,1.);
#2248 = DIRECTION('',(0.,-1.));
#2249 = ( GEOMETRIC_REPRESENTATION_CONTEXT(2) 
PARAMETRIC_REPRESENTATION_CONTEXT() REPRESENTATION_CONTEXT('2D SPACE',''
  ) );
#2250 = ADVANCED_FACE('',(#2251),#1741,.F.);
#2251 = FACE_BOUND('',#2252,.F.);
#2252 = EDGE_LOOP('',(#2253,#2254,#2255,#2256,#2257,#2258,#2259,#2260));
#2253 = ORIENTED_EDGE('',*,*,#1727,.T.);
#2254 = ORIENTED_EDGE('',*,*,#1808,.T.);
#2255 = ORIENTED_EDGE('',*,*,#1884,.T.);
#2256 = ORIENTED_EDGE('',*,*,#1960,.T.);
#2257 = ORIENTED_EDGE('',*,*,#2036,.T.);
#2258 = ORIENTED_EDGE('',*,*,#2112,.T.);
#2259 = ORIENTED_EDGE('',*,*,#2183,.T.);
#2260 = ORIENTED_EDGE('',*,*,#2230,.T.);
#2261 = ADVANCED_FACE('',(#2262),#1687,.T.);
#2262 = FACE_BOUND('',#2263,.T.);
#2263 = EDGE_LOOP('',(#2264,#2265,#2266,#2267,#2268,#2269,#2270,#2271));
#2264 = ORIENTED_EDGE('',*,*,#1671,.T.);
#2265 = ORIENTED_EDGE('',*,*,#1757,.T.);
#2266 = ORIENTED_EDGE('',*,*,#1833,.T.);
#2267 = ORIENTED_EDGE('',*,*,#1909,.T.);
#2268 = ORIENTED_EDGE('',*,*,#1985,.T.);
#2269 = ORIENTED_EDGE('',*,*,#2061,.T.);
#2270 = ORIENTED_EDGE('',*,*,#2137,.T.);
#2271 = ORIENTED_EDGE('',*,*,#2208,.T.);
#2272 = ( GEOMETRIC_REPRESENTATION_CONTEXT(3) 
GLOBAL_UNCERTAINTY_ASSIGNED_CONTEXT((#2276)) 
GLOBAL_UNIT_ASSIGNED_CONTEXT((#2273,#2274,#2275)) REPRESENTATION_CONTEXT
('Context #1','3D Context with UNIT and UNCERTAINTY') );
#2273 = ( LENGTH_UNIT() NAMED_UNIT(*) SI_UNIT(.MILLI.,.METRE.) );
#2274 = ( NAMED_UNIT(*) PLANE_ANGLE_UNIT() SI_UNIT($,.RADIAN.) );
#2275 = ( NAMED_UNIT(*) SI_UNIT($,.STERADIAN.) SOLID_ANGLE_UNIT() );
#2276 = UNCERTAINTY_MEASURE_WITH_UNIT(LENGTH_MEASURE(1.E-07),#2273,
  'distance_accuracy_value','confusion accuracy');
#2277 = CONTEXT_DEPENDENT_SHAPE_REPRESENTATION(#2278,#2280);
#2278 = ( REPRESENTATION_RELATIONSHIP('','',#1629,#10) 
REPRESENTATION_RELATIONSHIP_WITH_TRANSFORMATION(#2279) 
SHAPE_REPRESENTATION_RELATIONSHIP() );
#2279 = ITEM_DEFINED_TRANSFORMATION('','',#11,#35);
#2280 = PRODUCT_DEFINITION_SHAPE('Placement','Placement of an item',
  #2281);
#2281 = NEXT_ASSEMBLY_USAGE_OCCURRENCE('17','','',#5,#1624,$);
#2282 = PRODUCT_RELATED_PRODUCT_CATEGORY('part',$,(#1626));
#2283 = SHAPE_DEFINITION_REPRESENTATION(#2284,#2290);
#2284 = PRODUCT_DEFINITION_SHAPE('','',#2285);
#2285 = PRODUCT_DEFINITION('design','',#2286,#2289);
#2286 = PRODUCT_DEFINITION_FORMATION('','',#2287);
#2287 = PRODUCT('Open CASCADE STEP translator 7.8 12.7',
  'Open CASCADE STEP translator 7.8 12.7','',(#2288));
#2288 = PRODUCT_CONTEXT('',#2,'mechanical');
#2289 = PRODUCT_DEFINITION_CONTEXT('part definition',#2,'design');
#2290 = ADVANCED_BREP_SHAPE_REPRESENTATION('',(#11,#2291),#2941);
#2291 = MANIFOLD_SOLID_BREP('',#2292);
#2292 = CLOSED_SHELL('',(#2293,#2415,#2492,#2569,#2646,#2723,#2800,#2872
    ,#2919,#2930));
#2293 = ADVANCED_FACE('',(#2294),#2309,.F.);
#2294 = FACE_BOUND('',#2295,.F.);
#2295 = EDGE_LOOP('',(#2296,#2332,#2360,#2389));
#2296 = ORIENTED_EDGE('',*,*,#2297,.T.);
#2297 = EDGE_CURVE('',#2298,#2300,#2302,.T.);
#2298 = VERTEX_POINT('',#2299);
#2299 = CARTESIAN_POINT('',(-38.,305.,0.));
#2300 = VERTEX_POINT('',#2301);
#2301 = CARTESIAN_POINT('',(-38.,3.386180225107E-14,305.));
#2302 = SURFACE_CURVE('',#2303,(#2308,#2320),.PCURVE_S1.);
#2303 = CIRCLE('',#2304,305.);
#2304 = AXIS2_PLACEMENT_3D('',#2305,#2306,#2307);
#2305 = CARTESIAN_POINT('',(-38.,0.,0.));
#2306 = DIRECTION('',(1.,0.,0.));
#2307 = DIRECTION('',(-0.,1.,0.));
#2308 = PCURVE('',#2309,#2314);
#2309 = CYLINDRICAL_SURFACE('',#2310,305.);
#2310 = AXIS2_PLACEMENT_3D('',#2311,#2312,#2313);
#2311 = CARTESIAN_POINT('',(-38.,0.,0.));
#2312 = DIRECTION('',(1.,0.,0.));
#2313 = DIRECTION('',(-0.,1.,0.));
#2314 = DEFINITIONAL_REPRESENTATION('',(#2315),#2319);
#2315 = LINE('',#2316,#2317);
#2316 = CARTESIAN_POINT('',(0.,0.));
#2317 = VECTOR('',#2318,1.);
#2318 = DIRECTION('',(1.,0.));
#2319 = ( GEOMETRIC_REPRESENTATION_CONTEXT(2) 
PARAMETRIC_REPRESENTATION_CONTEXT() REPRESENTATION_CONTEXT('2D SPACE',''
  ) );
#2320 = PCURVE('',#2321,#2326);
#2321 = PLANE('',#2322);
#2322 = AXIS2_PLACEMENT_3D('',#2323,#2324,#2325);
#2323 = CARTESIAN_POINT('',(-38.,0.,0.));
#2324 = DIRECTION('',(1.,0.,0.));
#2325 = DIRECTION('',(-0.,1.,0.));
#2326 = DEFINITIONAL_REPRESENTATION('',(#2327),#2331);
#2327 = CIRCLE('',#2328,305.);
#2328 = AXIS2_PLACEMENT_2D('',#2329,#2330);
#2329 = CARTESIAN_POINT('',(0.,0.));
#2330 = DIRECTION('',(1.,0.));
#2331 = ( GEOMETRIC_REPRESENTATION_CONTEXT(2) 
PARAMETRIC_REPRESENTATION_CONTEXT() REPRESENTATION_CONTEXT('2D SPACE',''
  ) );
#2332 = ORIENTED_EDGE('',*,*,#2333,.T.);
#2333 = EDGE_CURVE('',#2300,#2334,#2336,.T.);
#2334 = VERTEX_POINT('',#2335);
#2335 = CARTESIAN_POINT('',(38.,3.386180225107E-14,305.));
#2336 = SURFACE_CURVE('',#2337,(#2341,#2348),.PCURVE_S1.);
#2337 = LINE('',#2338,#2339);
#2338 = CARTESIAN_POINT('',(-38.,3.386180225107E-14,305.));
#2339 = VECTOR('',#2340,1.);
#2340 = DIRECTION('',(1.,0.,0.));
#2341 = PCURVE('',#2309,#2342);
#2342 = DEFINITIONAL_REPRESENTATION('',(#2343),#2347);
#2343 = LINE('',#2344,#2345);
#2344 = CARTESIAN_POINT('',(1.570796326795,0.));
#2345 = VECTOR('',#2346,1.);
#2346 = DIRECTION('',(0.,1.));
#2347 = ( GEOMETRIC_REPRESENTATION_CONTEXT(2) 
PARAMETRIC_REPRESENTATION_CONTEXT() REPRESENTATION_CONTEXT('2D SPACE',''
  ) );
#2348 = PCURVE('',#2349,#2354);
#2349 = PLANE('',#2350);
#2350 = AXIS2_PLACEMENT_3D('',#2351,#2352,#2353);
#2351 = CARTESIAN_POINT('',(-4.638121546961,3.563815909047E-14,321.));
#2352 = DIRECTION('',(0.,-1.,1.110223024625E-16));
#2353 = DIRECTION('',(1.,0.,0.));
#2354 = DEFINITIONAL_REPRESENTATION('',(#2355),#2359);
#2355 = LINE('',#2356,#2357);
#2356 = CARTESIAN_POINT('',(-33.36187845303,-16.));
#2357 = VECTOR('',#2358,1.);
#2358 = DIRECTION('',(1.,0.));
#2359 = ( GEOMETRIC_REPRESENTATION_CONTEXT(2) 
PARAMETRIC_REPRESENTATION_CONTEXT() REPRESENTATION_CONTEXT('2D SPACE',''
  ) );
#2360 = ORIENTED_EDGE('',*,*,#2361,.F.);
#2361 = EDGE_CURVE('',#2362,#2334,#2364,.T.);
#2362 = VERTEX_POINT('',#2363);
#2363 = CARTESIAN_POINT('',(38.,305.,0.));
#2364 = SURFACE_CURVE('',#2365,(#2370,#2377),.PCURVE_S1.);
#2365 = CIRCLE('',#2366,305.);
#2366 = AXIS2_PLACEMENT_3D('',#2367,#2368,#2369);
#2367 = CARTESIAN_POINT('',(38.,0.,0.));
#2368 = DIRECTION('',(1.,0.,0.));
#2369 = DIRECTION('',(-0.,1.,0.));
#2370 = PCURVE('',#2309,#2371);
#2371 = DEFINITIONAL_REPRESENTATION('',(#2372),#2376);
#2372 = LINE('',#2373,#2374);
#2373 = CARTESIAN_POINT('',(0.,76.));
#2374 = VECTOR('',#2375,1.);
#2375 = DIRECTION('',(1.,0.));
#2376 = ( GEOMETRIC_REPRESENTATION_CONTEXT(2) 
PARAMETRIC_REPRESENTATION_CONTEXT() REPRESENTATION_CONTEXT('2D SPACE',''
  ) );
#2377 = PCURVE('',#2378,#2383);
#2378 = PLANE('',#2379);
#2379 = AXIS2_PLACEMENT_3D('',#2380,#2381,#2382);
#2380 = CARTESIAN_POINT('',(38.,0.,0.));
#2381 = DIRECTION('',(1.,0.,0.));
#2382 = DIRECTION('',(-0.,1.,0.));
#2383 = DEFINITIONAL_REPRESENTATION('',(#2384),#2388);
#2384 = CIRCLE('',#2385,305.);
#2385 = AXIS2_PLACEMENT_2D('',#2386,#2387);
#2386 = CARTESIAN_POINT('',(0.,0.));
#2387 = DIRECTION('',(1.,-0.));
#2388 = ( GEOMETRIC_REPRESENTATION_CONTEXT(2) 
PARAMETRIC_REPRESENTATION_CONTEXT() REPRESENTATION_CONTEXT('2D SPACE',''
  ) );
#2389 = ORIENTED_EDGE('',*,*,#2390,.F.);
#2390 = EDGE_CURVE('',#2298,#2362,#2391,.T.);
#2391 = SURFACE_CURVE('',#2392,(#2396,#2403),.PCURVE_S1.);
#2392 = LINE('',#2393,#2394);
#2393 = CARTESIAN_POINT('',(-38.,305.,0.));
#2394 = VECTOR('',#2395,1.);
#2395 = DIRECTION('',(1.,0.,0.));
#2396 = PCURVE('',#2309,#2397);
#2397 = DEFINITIONAL_REPRESENTATION('',(#2398),#2402);
#2398 = LINE('',#2399,#2400);
#2399 = CARTESIAN_POINT('',(0.,0.));
#2400 = VECTOR('',#2401,1.);
#2401 = DIRECTION('',(0.,1.));
#2402 = ( GEOMETRIC_REPRESENTATION_CONTEXT(2) 
PARAMETRIC_REPRESENTATION_CONTEXT() REPRESENTATION_CONTEXT('2D SPACE',''
  ) );
#2403 = PCURVE('',#2404,#2409);
#2404 = PLANE('',#2405);
#2405 = AXIS2_PLACEMENT_3D('',#2406,#2407,#2408);
#2406 = CARTESIAN_POINT('',(-4.638121546961,321.,0.));
#2407 = DIRECTION('',(0.,0.,1.));
#2408 = DIRECTION('',(1.,0.,-0.));
#2409 = DEFINITIONAL_REPRESENTATION('',(#2410),#2414);
#2410 = LINE('',#2411,#2412);
#2411 = CARTESIAN_POINT('',(-33.36187845303,-16.));
#2412 = VECTOR('',#2413,1.);
#2413 = DIRECTION('',(1.,0.));
#2414 = ( GEOMETRIC_REPRESENTATION_CONTEXT(2) 
PARAMETRIC_REPRESENTATION_CONTEXT() REPRESENTATION_CONTEXT('2D SPACE',''
  ) );
#2415 = ADVANCED_FACE('',(#2416),#2378,.T.);
#2416 = FACE_BOUND('',#2417,.F.);
#2417 = EDGE_LOOP('',(#2418,#2419,#2442,#2471));
#2418 = ORIENTED_EDGE('',*,*,#2361,.T.);
#2419 = ORIENTED_EDGE('',*,*,#2420,.T.);
#2420 = EDGE_CURVE('',#2334,#2421,#2423,.T.);
#2421 = VERTEX_POINT('',#2422);
#2422 = CARTESIAN_POINT('',(38.,3.419486915845E-14,308.));
#2423 = SURFACE_CURVE('',#2424,(#2428,#2435),.PCURVE_S1.);
#2424 = LINE('',#2425,#2426);
#2425 = CARTESIAN_POINT('',(38.,3.386180225107E-14,305.));
#2426 = VECTOR('',#2427,1.);
#2427 = DIRECTION('',(0.,1.110223024625E-16,1.));
#2428 = PCURVE('',#2378,#2429);
#2429 = DEFINITIONAL_REPRESENTATION('',(#2430),#2434);
#2430 = LINE('',#2431,#2432);
#2431 = CARTESIAN_POINT('',(3.386180225107E-14,305.));
#2432 = VECTOR('',#2433,1.);
#2433 = DIRECTION('',(1.110223024625E-16,1.));
#2434 = ( GEOMETRIC_REPRESENTATION_CONTEXT(2) 
PARAMETRIC_REPRESENTATION_CONTEXT() REPRESENTATION_CONTEXT('2D SPACE',''
  ) );
#2435 = PCURVE('',#2349,#2436);
#2436 = DEFINITIONAL_REPRESENTATION('',(#2437),#2441);
#2437 = LINE('',#2438,#2439);
#2438 = CARTESIAN_POINT('',(42.638121546961,-16.));
#2439 = VECTOR('',#2440,1.);
#2440 = DIRECTION('',(0.,1.));
#2441 = ( GEOMETRIC_REPRESENTATION_CONTEXT(2) 
PARAMETRIC_REPRESENTATION_CONTEXT() REPRESENTATION_CONTEXT('2D SPACE',''
  ) );
#2442 = ORIENTED_EDGE('',*,*,#2443,.F.);
#2443 = EDGE_CURVE('',#2444,#2421,#2446,.T.);
#2444 = VERTEX_POINT('',#2445);
#2445 = CARTESIAN_POINT('',(38.,308.,0.));
#2446 = SURFACE_CURVE('',#2447,(#2452,#2459),.PCURVE_S1.);
#2447 = CIRCLE('',#2448,308.);
#2448 = AXIS2_PLACEMENT_3D('',#2449,#2450,#2451);
#2449 = CARTESIAN_POINT('',(38.,0.,0.));
#2450 = DIRECTION('',(1.,0.,0.));
#2451 = DIRECTION('',(-0.,1.,0.));
#2452 = PCURVE('',#2378,#2453);
#2453 = DEFINITIONAL_REPRESENTATION('',(#2454),#2458);
#2454 = CIRCLE('',#2455,308.);
#2455 = AXIS2_PLACEMENT_2D('',#2456,#2457);
#2456 = CARTESIAN_POINT('',(0.,0.));
#2457 = DIRECTION('',(1.,-0.));
#2458 = ( GEOMETRIC_REPRESENTATION_CONTEXT(2) 
PARAMETRIC_REPRESENTATION_CONTEXT() REPRESENTATION_CONTEXT('2D SPACE',''
  ) );
#2459 = PCURVE('',#2460,#2465);
#2460 = CYLINDRICAL_SURFACE('',#2461,308.);
#2461 = AXIS2_PLACEMENT_3D('',#2462,#2463,#2464);
#2462 = CARTESIAN_POINT('',(38.,0.,0.));
#2463 = DIRECTION('',(-1.,-0.,-0.));
#2464 = DIRECTION('',(0.,1.,0.));
#2465 = DEFINITIONAL_REPRESENTATION('',(#2466),#2470);
#2466 = LINE('',#2467,#2468);
#2467 = CARTESIAN_POINT('',(-0.,0.));
#2468 = VECTOR('',#2469,1.);
#2469 = DIRECTION('',(-1.,0.));
#2470 = ( GEOMETRIC_REPRESENTATION_CONTEXT(2) 
PARAMETRIC_REPRESENTATION_CONTEXT() REPRESENTATION_CONTEXT('2D SPACE',''
  ) );
#2471 = ORIENTED_EDGE('',*,*,#2472,.F.);
#2472 = EDGE_CURVE('',#2362,#2444,#2473,.T.);
#2473 = SURFACE_CURVE('',#2474,(#2478,#2485),.PCURVE_S1.);
#2474 = LINE('',#2475,#2476);
#2475 = CARTESIAN_POINT('',(38.,305.,0.));
#2476 = VECTOR('',#2477,1.);
#2477 = DIRECTION('',(0.,1.,0.));
#2478 = PCURVE('',#2378,#2479);
#2479 = DEFINITIONAL_REPRESENTATION('',(#2480),#2484);
#2480 = LINE('',#2481,#2482);
#2481 = CARTESIAN_POINT('',(305.,-0.));
#2482 = VECTOR('',#2483,1.);
#2483 = DIRECTION('',(1.,-0.));
#2484 = ( GEOMETRIC_REPRESENTATION_CONTEXT(2) 
PARAMETRIC_REPRESENTATION_CONTEXT() REPRESENTATION_CONTEXT('2D SPACE',''
  ) );
#2485 = PCURVE('',#2404,#2486);
#2486 = DEFINITIONAL_REPRESENTATION('',(#2487),#2491);
#2487 = LINE('',#2488,#2489);
#2488 = CARTESIAN_POINT('',(42.638121546961,-16.));
#2489 = VECTOR('',#2490,1.);
#2490 = DIRECTION('',(0.,1.));
#2491 = ( GEOMETRIC_REPRESENTATION_CONTEXT(2) 
PARAMETRIC_REPRESENTATION_CONTEXT() REPRESENTATION_CONTEXT('2D SPACE',''
  ) );
#2492 = ADVANCED_FACE('',(#2493),#2460,.T.);
#2493 = FACE_BOUND('',#2494,.F.);
#2494 = EDGE_LOOP('',(#2495,#2496,#2519,#2548));
#2495 = ORIENTED_EDGE('',*,*,#2443,.T.);
#2496 = ORIENTED_EDGE('',*,*,#2497,.T.);
#2497 = EDGE_CURVE('',#2421,#2498,#2500,.T.);
#2498 = VERTEX_POINT('',#2499);
#2499 = CARTESIAN_POINT('',(-35.,3.419486915845E-14,308.));
#2500 = SURFACE_CURVE('',#2501,(#2505,#2512),.PCURVE_S1.);
#2501 = LINE('',#2502,#2503);
#2502 = CARTESIAN_POINT('',(38.,3.419486915845E-14,308.));
#2503 = VECTOR('',#2504,1.);
#2504 = DIRECTION('',(-1.,0.,0.));
#2505 = PCURVE('',#2460,#2506);
#2506 = DEFINITIONAL_REPRESENTATION('',(#2507),#2511);
#2507 = LINE('',#2508,#2509);
#2508 = CARTESIAN_POINT('',(-1.570796326795,0.));
#2509 = VECTOR('',#2510,1.);
#2510 = DIRECTION('',(-0.,1.));
#2511 = ( GEOMETRIC_REPRESENTATION_CONTEXT(2) 
PARAMETRIC_REPRESENTATION_CONTEXT() REPRESENTATION_CONTEXT('2D SPACE',''
  ) );
#2512 = PCURVE('',#2349,#2513);
#2513 = DEFINITIONAL_REPRESENTATION('',(#2514),#2518);
#2514 = LINE('',#2515,#2516);
#2515 = CARTESIAN_POINT('',(42.638121546961,-13.));
#2516 = VECTOR('',#2517,1.);
#2517 = DIRECTION('',(-1.,0.));
#2518 = ( GEOMETRIC_REPRESENTATION_CONTEXT(2) 
PARAMETRIC_REPRESENTATION_CONTEXT() REPRESENTATION_CONTEXT('2D SPACE',''
  ) );
#2519 = ORIENTED_EDGE('',*,*,#2520,.F.);
#2520 = EDGE_CURVE('',#2521,#2498,#2523,.T.);
#2521 = VERTEX_POINT('',#2522);
#2522 = CARTESIAN_POINT('',(-35.,308.,0.));
#2523 = SURFACE_CURVE('',#2524,(#2529,#2536),.PCURVE_S1.);
#2524 = CIRCLE('',#2525,308.);
#2525 = AXIS2_PLACEMENT_3D('',#2526,#2527,#2528);
#2526 = CARTESIAN_POINT('',(-35.,0.,0.));
#2527 = DIRECTION('',(1.,0.,0.));
#2528 = DIRECTION('',(-0.,1.,0.));
#2529 = PCURVE('',#2460,#2530);
#2530 = DEFINITIONAL_REPRESENTATION('',(#2531),#2535);
#2531 = LINE('',#2532,#2533);
#2532 = CARTESIAN_POINT('',(-0.,73.));
#2533 = VECTOR('',#2534,1.);
#2534 = DIRECTION('',(-1.,0.));
#2535 = ( GEOMETRIC_REPRESENTATION_CONTEXT(2) 
PARAMETRIC_REPRESENTATION_CONTEXT() REPRESENTATION_CONTEXT('2D SPACE',''
  ) );
#2536 = PCURVE('',#2537,#2542);
#2537 = PLANE('',#2538);
#2538 = AXIS2_PLACEMENT_3D('',#2539,#2540,#2541);
#2539 = CARTESIAN_POINT('',(-35.,0.,0.));
#2540 = DIRECTION('',(1.,0.,0.));
#2541 = DIRECTION('',(-0.,1.,0.));
#2542 = DEFINITIONAL_REPRESENTATION('',(#2543),#2547);
#2543 = CIRCLE('',#2544,308.);
#2544 = AXIS2_PLACEMENT_2D('',#2545,#2546);
#2545 = CARTESIAN_POINT('',(0.,0.));
#2546 = DIRECTION('',(1.,-0.));
#2547 = ( GEOMETRIC_REPRESENTATION_CONTEXT(2) 
PARAMETRIC_REPRESENTATION_CONTEXT() REPRESENTATION_CONTEXT('2D SPACE',''
  ) );
#2548 = ORIENTED_EDGE('',*,*,#2549,.F.);
#2549 = EDGE_CURVE('',#2444,#2521,#2550,.T.);
#2550 = SURFACE_CURVE('',#2551,(#2555,#2562),.PCURVE_S1.);
#2551 = LINE('',#2552,#2553);
#2552 = CARTESIAN_POINT('',(38.,308.,0.));
#2553 = VECTOR('',#2554,1.);
#2554 = DIRECTION('',(-1.,0.,0.));
#2555 = PCURVE('',#2460,#2556);
#2556 = DEFINITIONAL_REPRESENTATION('',(#2557),#2561);
#2557 = LINE('',#2558,#2559);
#2558 = CARTESIAN_POINT('',(-0.,0.));
#2559 = VECTOR('',#2560,1.);
#2560 = DIRECTION('',(-0.,1.));
#2561 = ( GEOMETRIC_REPRESENTATION_CONTEXT(2) 
PARAMETRIC_REPRESENTATION_CONTEXT() REPRESENTATION_CONTEXT('2D SPACE',''
  ) );
#2562 = PCURVE('',#2404,#2563);
#2563 = DEFINITIONAL_REPRESENTATION('',(#2564),#2568);
#2564 = LINE('',#2565,#2566);
#2565 = CARTESIAN_POINT('',(42.638121546961,-13.));
#2566 = VECTOR('',#2567,1.);
#2567 = DIRECTION('',(-1.,0.));
#2568 = ( GEOMETRIC_REPRESENTATION_CONTEXT(2) 
PARAMETRIC_REPRESENTATION_CONTEXT() REPRESENTATION_CONTEXT('2D SPACE',''
  ) );
#2569 = ADVANCED_FACE('',(#2570),#2537,.T.);
#2570 = FACE_BOUND('',#2571,.F.);
#2571 = EDGE_LOOP('',(#2572,#2573,#2596,#2625));
#2572 = ORIENTED_EDGE('',*,*,#2520,.T.);
#2573 = ORIENTED_EDGE('',*,*,#2574,.T.);
#2574 = EDGE_CURVE('',#2498,#2575,#2577,.T.);
#2575 = VERTEX_POINT('',#2576);
#2576 = CARTESIAN_POINT('',(-35.,3.708144902248E-14,334.));
#2577 = SURFACE_CURVE('',#2578,(#2582,#2589),.PCURVE_S1.);
#2578 = LINE('',#2579,#2580);
#2579 = CARTESIAN_POINT('',(-35.,3.419486915845E-14,308.));
#2580 = VECTOR('',#2581,1.);
#2581 = DIRECTION('',(0.,1.110223024625E-16,1.));
#2582 = PCURVE('',#2537,#2583);
#2583 = DEFINITIONAL_REPRESENTATION('',(#2584),#2588);
#2584 = LINE('',#2585,#2586);
#2585 = CARTESIAN_POINT('',(3.419486915845E-14,308.));
#2586 = VECTOR('',#2587,1.);
#2587 = DIRECTION('',(1.110223024625E-16,1.));
#2588 = ( GEOMETRIC_REPRESENTATION_CONTEXT(2) 
PARAMETRIC_REPRESENTATION_CONTEXT() REPRESENTATION_CONTEXT('2D SPACE',''
  ) );
#2589 = PCURVE('',#2349,#2590);
#2590 = DEFINITIONAL_REPRESENTATION('',(#2591),#2595);
#2591 = LINE('',#2592,#2593);
#2592 = CARTESIAN_POINT('',(-30.36187845303,-13.));
#2593 = VECTOR('',#2594,1.);
#2594 = DIRECTION('',(0.,1.));
#2595 = ( GEOMETRIC_REPRESENTATION_CONTEXT(2) 
PARAMETRIC_REPRESENTATION_CONTEXT() REPRESENTATION_CONTEXT('2D SPACE',''
  ) );
#2596 = ORIENTED_EDGE('',*,*,#2597,.F.);
#2597 = EDGE_CURVE('',#2598,#2575,#2600,.T.);
#2598 = VERTEX_POINT('',#2599);
#2599 = CARTESIAN_POINT('',(-35.,334.,0.));
#2600 = SURFACE_CURVE('',#2601,(#2606,#2613),.PCURVE_S1.);
#2601 = CIRCLE('',#2602,334.);
#2602 = AXIS2_PLACEMENT_3D('',#2603,#2604,#2605);
#2603 = CARTESIAN_POINT('',(-35.,0.,0.));
#2604 = DIRECTION('',(1.,0.,0.));
#2605 = DIRECTION('',(-0.,1.,0.));
#2606 = PCURVE('',#2537,#2607);
#2607 = DEFINITIONAL_REPRESENTATION('',(#2608),#2612);
#2608 = CIRCLE('',#2609,334.);
#2609 = AXIS2_PLACEMENT_2D('',#2610,#2611);
#2610 = CARTESIAN_POINT('',(0.,0.));
#2611 = DIRECTION('',(1.,-0.));
#2612 = ( GEOMETRIC_REPRESENTATION_CONTEXT(2) 
PARAMETRIC_REPRESENTATION_CONTEXT() REPRESENTATION_CONTEXT('2D SPACE',''
  ) );
#2613 = PCURVE('',#2614,#2619);
#2614 = CYLINDRICAL_SURFACE('',#2615,334.);
#2615 = AXIS2_PLACEMENT_3D('',#2616,#2617,#2618);
#2616 = CARTESIAN_POINT('',(-35.,0.,0.));
#2617 = DIRECTION('',(1.,0.,0.));
#2618 = DIRECTION('',(-0.,1.,0.));
#2619 = DEFINITIONAL_REPRESENTATION('',(#2620),#2624);
#2620 = LINE('',#2621,#2622);
#2621 = CARTESIAN_POINT('',(0.,0.));
#2622 = VECTOR('',#2623,1.);
#2623 = DIRECTION('',(1.,0.));
#2624 = ( GEOMETRIC_REPRESENTATION_CONTEXT(2) 
PARAMETRIC_REPRESENTATION_CONTEXT() REPRESENTATION_CONTEXT('2D SPACE',''
  ) );
#2625 = ORIENTED_EDGE('',*,*,#2626,.F.);
#2626 = EDGE_CURVE('',#2521,#2598,#2627,.T.);
#2627 = SURFACE_CURVE('',#2628,(#2632,#2639),.PCURVE_S1.);
#2628 = LINE('',#2629,#2630);
#2629 = CARTESIAN_POINT('',(-35.,308.,0.));
#2630 = VECTOR('',#2631,1.);
#2631 = DIRECTION('',(0.,1.,0.));
#2632 = PCURVE('',#2537,#2633);
#2633 = DEFINITIONAL_REPRESENTATION('',(#2634),#2638);
#2634 = LINE('',#2635,#2636);
#2635 = CARTESIAN_POINT('',(308.,-0.));
#2636 = VECTOR('',#2637,1.);
#2637 = DIRECTION('',(1.,-0.));
#2638 = ( GEOMETRIC_REPRESENTATION_CONTEXT(2) 
PARAMETRIC_REPRESENTATION_CONTEXT() REPRESENTATION_CONTEXT('2D SPACE',''
  ) );
#2639 = PCURVE('',#2404,#2640);
#2640 = DEFINITIONAL_REPRESENTATION('',(#2641),#2645);
#2641 = LINE('',#2642,#2643);
#2642 = CARTESIAN_POINT('',(-30.36187845303,-13.));
#2643 = VECTOR('',#2644,1.);
#2644 = DIRECTION('',(0.,1.));
#2645 = ( GEOMETRIC_REPRESENTATION_CONTEXT(2) 
PARAMETRIC_REPRESENTATION_CONTEXT() REPRESENTATION_CONTEXT('2D SPACE',''
  ) );
#2646 = ADVANCED_FACE('',(#2647),#2614,.F.);
#2647 = FACE_BOUND('',#2648,.F.);
#2648 = EDGE_LOOP('',(#2649,#2650,#2673,#2702));
#2649 = ORIENTED_EDGE('',*,*,#2597,.T.);
#2650 = ORIENTED_EDGE('',*,*,#2651,.T.);
#2651 = EDGE_CURVE('',#2575,#2652,#2654,.T.);
#2652 = VERTEX_POINT('',#2653);
#2653 = CARTESIAN_POINT('',(38.,3.708144902248E-14,334.));
#2654 = SURFACE_CURVE('',#2655,(#2659,#2666),.PCURVE_S1.);
#2655 = LINE('',#2656,#2657);
#2656 = CARTESIAN_POINT('',(-35.,3.708144902248E-14,334.));
#2657 = VECTOR('',#2658,1.);
#2658 = DIRECTION('',(1.,0.,0.));
#2659 = PCURVE('',#2614,#2660);
#2660 = DEFINITIONAL_REPRESENTATION('',(#2661),#2665);
#2661 = LINE('',#2662,#2663);
#2662 = CARTESIAN_POINT('',(1.570796326795,0.));
#2663 = VECTOR('',#2664,1.);
#2664 = DIRECTION('',(0.,1.));
#2665 = ( GEOMETRIC_REPRESENTATION_CONTEXT(2) 
PARAMETRIC_REPRESENTATION_CONTEXT() REPRESENTATION_CONTEXT('2D SPACE',''
  ) );
#2666 = PCURVE('',#2349,#2667);
#2667 = DEFINITIONAL_REPRESENTATION('',(#2668),#2672);
#2668 = LINE('',#2669,#2670);
#2669 = CARTESIAN_POINT('',(-30.36187845303,13.));
#2670 = VECTOR('',#2671,1.);
#2671 = DIRECTION('',(1.,0.));
#2672 = ( GEOMETRIC_REPRESENTATION_CONTEXT(2) 
PARAMETRIC_REPRESENTATION_CONTEXT() REPRESENTATION_CONTEXT('2D SPACE',''
  ) );
#2673 = ORIENTED_EDGE('',*,*,#2674,.F.);
#2674 = EDGE_CURVE('',#2675,#2652,#2677,.T.);
#2675 = VERTEX_POINT('',#2676);
#2676 = CARTESIAN_POINT('',(38.,334.,0.));
#2677 = SURFACE_CURVE('',#2678,(#2683,#2690),.PCURVE_S1.);
#2678 = CIRCLE('',#2679,334.);
#2679 = AXIS2_PLACEMENT_3D('',#2680,#2681,#2682);
#2680 = CARTESIAN_POINT('',(38.,0.,0.));
#2681 = DIRECTION('',(1.,0.,0.));
#2682 = DIRECTION('',(-0.,1.,0.));
#2683 = PCURVE('',#2614,#2684);
#2684 = DEFINITIONAL_REPRESENTATION('',(#2685),#2689);
#2685 = LINE('',#2686,#2687);
#2686 = CARTESIAN_POINT('',(0.,73.));
#2687 = VECTOR('',#2688,1.);
#2688 = DIRECTION('',(1.,0.));
#2689 = ( GEOMETRIC_REPRESENTATION_CONTEXT(2) 
PARAMETRIC_REPRESENTATION_CONTEXT() REPRESENTATION_CONTEXT('2D SPACE',''
  ) );
#2690 = PCURVE('',#2691,#2696);
#2691 = PLANE('',#2692);
#2692 = AXIS2_PLACEMENT_3D('',#2693,#2694,#2695);
#2693 = CARTESIAN_POINT('',(38.,0.,0.));
#2694 = DIRECTION('',(1.,0.,0.));
#2695 = DIRECTION('',(-0.,1.,0.));
#2696 = DEFINITIONAL_REPRESENTATION('',(#2697),#2701);
#2697 = CIRCLE('',#2698,334.);
#2698 = AXIS2_PLACEMENT_2D('',#2699,#2700);
#2699 = CARTESIAN_POINT('',(0.,0.));
#2700 = DIRECTION('',(1.,-0.));
#2701 = ( GEOMETRIC_REPRESENTATION_CONTEXT(2) 
PARAMETRIC_REPRESENTATION_CONTEXT() REPRESENTATION_CONTEXT('2D SPACE',''
  ) );
#2702 = ORIENTED_EDGE('',*,*,#2703,.F.);
#2703 = EDGE_CURVE('',#2598,#2675,#2704,.T.);
#2704 = SURFACE_CURVE('',#2705,(#2709,#2716),.PCURVE_S1.);
#2705 = LINE('',#2706,#2707);
#2706 = CARTESIAN_POINT('',(-35.,334.,0.));
#2707 = VECTOR('',#2708,1.);
#2708 = DIRECTION('',(1.,0.,0.));
#2709 = PCURVE('',#2614,#2710);
#2710 = DEFINITIONAL_REPRESENTATION('',(#2711),#2715);
#2711 = LINE('',#2712,#2713);
#2712 = CARTESIAN_POINT('',(0.,0.));
#2713 = VECTOR('',#2714,1.);
#2714 = DIRECTION('',(0.,1.));
#2715 = ( GEOMETRIC_REPRESENTATION_CONTEXT(2) 
PARAMETRIC_REPRESENTATION_CONTEXT() REPRESENTATION_CONTEXT('2D SPACE',''
  ) );
#2716 = PCURVE('',#2404,#2717);
#2717 = DEFINITIONAL_REPRESENTATION('',(#2718),#2722);
#2718 = LINE('',#2719,#2720);
#2719 = CARTESIAN_POINT('',(-30.36187845303,13.));
#2720 = VECTOR('',#2721,1.);
#2721 = DIRECTION('',(1.,0.));
#2722 = ( GEOMETRIC_REPRESENTATION_CONTEXT(2) 
PARAMETRIC_REPRESENTATION_CONTEXT() REPRESENTATION_CONTEXT('2D SPACE',''
  ) );
#2723 = ADVANCED_FACE('',(#2724),#2691,.T.);
#2724 = FACE_BOUND('',#2725,.F.);
#2725 = EDGE_LOOP('',(#2726,#2727,#2750,#2779));
#2726 = ORIENTED_EDGE('',*,*,#2674,.T.);
#2727 = ORIENTED_EDGE('',*,*,#2728,.T.);
#2728 = EDGE_CURVE('',#2652,#2729,#2731,.T.);
#2729 = VERTEX_POINT('',#2730);
#2730 = CARTESIAN_POINT('',(38.,3.741451592987E-14,337.));
#2731 = SURFACE_CURVE('',#2732,(#2736,#2743),.PCURVE_S1.);
#2732 = LINE('',#2733,#2734);
#2733 = CARTESIAN_POINT('',(38.,3.708144902248E-14,334.));
#2734 = VECTOR('',#2735,1.);
#2735 = DIRECTION('',(0.,1.110223024625E-16,1.));
#2736 = PCURVE('',#2691,#2737);
#2737 = DEFINITIONAL_REPRESENTATION('',(#2738),#2742);
#2738 = LINE('',#2739,#2740);
#2739 = CARTESIAN_POINT('',(3.708144902248E-14,334.));
#2740 = VECTOR('',#2741,1.);
#2741 = DIRECTION('',(1.110223024625E-16,1.));
#2742 = ( GEOMETRIC_REPRESENTATION_CONTEXT(2) 
PARAMETRIC_REPRESENTATION_CONTEXT() REPRESENTATION_CONTEXT('2D SPACE',''
  ) );
#2743 = PCURVE('',#2349,#2744);
#2744 = DEFINITIONAL_REPRESENTATION('',(#2745),#2749);
#2745 = LINE('',#2746,#2747);
#2746 = CARTESIAN_POINT('',(42.638121546961,13.));
#2747 = VECTOR('',#2748,1.);
#2748 = DIRECTION('',(0.,1.));
#2749 = ( GEOMETRIC_REPRESENTATION_CONTEXT(2) 
PARAMETRIC_REPRESENTATION_CONTEXT() REPRESENTATION_CONTEXT('2D SPACE',''
  ) );
#2750 = ORIENTED_EDGE('',*,*,#2751,.F.);
#2751 = EDGE_CURVE('',#2752,#2729,#2754,.T.);
#2752 = VERTEX_POINT('',#2753);
#2753 = CARTESIAN_POINT('',(38.,337.,0.));
#2754 = SURFACE_CURVE('',#2755,(#2760,#2767),.PCURVE_S1.);
#2755 = CIRCLE('',#2756,337.);
#2756 = AXIS2_PLACEMENT_3D('',#2757,#2758,#2759);
#2757 = CARTESIAN_POINT('',(38.,0.,0.));
#2758 = DIRECTION('',(1.,0.,0.));
#2759 = DIRECTION('',(-0.,1.,0.));
#2760 = PCURVE('',#2691,#2761);
#2761 = DEFINITIONAL_REPRESENTATION('',(#2762),#2766);
#2762 = CIRCLE('',#2763,337.);
#2763 = AXIS2_PLACEMENT_2D('',#2764,#2765);
#2764 = CARTESIAN_POINT('',(0.,0.));
#2765 = DIRECTION('',(1.,-0.));
#2766 = ( GEOMETRIC_REPRESENTATION_CONTEXT(2) 
PARAMETRIC_REPRESENTATION_CONTEXT() REPRESENTATION_CONTEXT('2D SPACE',''
  ) );
#2767 = PCURVE('',#2768,#2773);
#2768 = CYLINDRICAL_SURFACE('',#2769,337.);
#2769 = AXIS2_PLACEMENT_3D('',#2770,#2771,#2772);
#2770 = CARTESIAN_POINT('',(38.,0.,0.));
#2771 = DIRECTION('',(-1.,-0.,-0.));
#2772 = DIRECTION('',(0.,1.,0.));
#2773 = DEFINITIONAL_REPRESENTATION('',(#2774),#2778);
#2774 = LINE('',#2775,#2776);
#2775 = CARTESIAN_POINT('',(-0.,0.));
#2776 = VECTOR('',#2777,1.);
#2777 = DIRECTION('',(-1.,0.));
#2778 = ( GEOMETRIC_REPRESENTATION_CONTEXT(2) 
PARAMETRIC_REPRESENTATION_CONTEXT() REPRESENTATION_CONTEXT('2D SPACE',''
  ) );
#2779 = ORIENTED_EDGE('',*,*,#2780,.F.);
#2780 = EDGE_CURVE('',#2675,#2752,#2781,.T.);
#2781 = SURFACE_CURVE('',#2782,(#2786,#2793),.PCURVE_S1.);
#2782 = LINE('',#2783,#2784);
#2783 = CARTESIAN_POINT('',(38.,334.,0.));
#2784 = VECTOR('',#2785,1.);
#2785 = DIRECTION('',(0.,1.,0.));
#2786 = PCURVE('',#2691,#2787);
#2787 = DEFINITIONAL_REPRESENTATION('',(#2788),#2792);
#2788 = LINE('',#2789,#2790);
#2789 = CARTESIAN_POINT('',(334.,-0.));
#2790 = VECTOR('',#2791,1.);
#2791 = DIRECTION('',(1.,-0.));
#2792 = ( GEOMETRIC_REPRESENTATION_CONTEXT(2) 
PARAMETRIC_REPRESENTATION_CONTEXT() REPRESENTATION_CONTEXT('2D SPACE',''
  ) );
#2793 = PCURVE('',#2404,#2794);
#2794 = DEFINITIONAL_REPRESENTATION('',(#2795),#2799);
#2795 = LINE('',#2796,#2797);
#2796 = CARTESIAN_POINT('',(42.638121546961,13.));
#2797 = VECTOR('',#2798,1.);
#2798 = DIRECTION('',(0.,1.));
#2799 = ( GEOMETRIC_REPRESENTATION_CONTEXT(2) 
PARAMETRIC_REPRESENTATION_CONTEXT() REPRESENTATION_CONTEXT('2D SPACE',''
  ) );
#2800 = ADVANCED_FACE('',(#2801),#2768,.T.);
#2801 = FACE_BOUND('',#2802,.F.);
#2802 = EDGE_LOOP('',(#2803,#2804,#2827,#2851));
#2803 = ORIENTED_EDGE('',*,*,#2751,.T.);
#2804 = ORIENTED_EDGE('',*,*,#2805,.T.);
#2805 = EDGE_CURVE('',#2729,#2806,#2808,.T.);
#2806 = VERTEX_POINT('',#2807);
#2807 = CARTESIAN_POINT('',(-38.,3.741451592987E-14,337.));
#2808 = SURFACE_CURVE('',#2809,(#2813,#2820),.PCURVE_S1.);
#2809 = LINE('',#2810,#2811);
#2810 = CARTESIAN_POINT('',(38.,3.741451592987E-14,337.));
#2811 = VECTOR('',#2812,1.);
#2812 = DIRECTION('',(-1.,0.,0.));
#2813 = PCURVE('',#2768,#2814);
#2814 = DEFINITIONAL_REPRESENTATION('',(#2815),#2819);
#2815 = LINE('',#2816,#2817);
#2816 = CARTESIAN_POINT('',(-1.570796326795,0.));
#2817 = VECTOR('',#2818,1.);
#2818 = DIRECTION('',(-0.,1.));
#2819 = ( GEOMETRIC_REPRESENTATION_CONTEXT(2) 
PARAMETRIC_REPRESENTATION_CONTEXT() REPRESENTATION_CONTEXT('2D SPACE',''
  ) );
#2820 = PCURVE('',#2349,#2821);
#2821 = DEFINITIONAL_REPRESENTATION('',(#2822),#2826);
#2822 = LINE('',#2823,#2824);
#2823 = CARTESIAN_POINT('',(42.638121546961,16.));
#2824 = VECTOR('',#2825,1.);
#2825 = DIRECTION('',(-1.,0.));
#2826 = ( GEOMETRIC_REPRESENTATION_CONTEXT(2) 
PARAMETRIC_REPRESENTATION_CONTEXT() REPRESENTATION_CONTEXT('2D SPACE',''
  ) );
#2827 = ORIENTED_EDGE('',*,*,#2828,.F.);
#2828 = EDGE_CURVE('',#2829,#2806,#2831,.T.);
#2829 = VERTEX_POINT('',#2830);
#2830 = CARTESIAN_POINT('',(-38.,337.,0.));
#2831 = SURFACE_CURVE('',#2832,(#2837,#2844),.PCURVE_S1.);
#2832 = CIRCLE('',#2833,337.);
#2833 = AXIS2_PLACEMENT_3D('',#2834,#2835,#2836);
#2834 = CARTESIAN_POINT('',(-38.,0.,0.));
#2835 = DIRECTION('',(1.,0.,0.));
#2836 = DIRECTION('',(-0.,1.,0.));
#2837 = PCURVE('',#2768,#2838);
#2838 = DEFINITIONAL_REPRESENTATION('',(#2839),#2843);
#2839 = LINE('',#2840,#2841);
#2840 = CARTESIAN_POINT('',(-0.,76.));
#2841 = VECTOR('',#2842,1.);
#2842 = DIRECTION('',(-1.,0.));
#2843 = ( GEOMETRIC_REPRESENTATION_CONTEXT(2) 
PARAMETRIC_REPRESENTATION_CONTEXT() REPRESENTATION_CONTEXT('2D SPACE',''
  ) );
#2844 = PCURVE('',#2321,#2845);
#2845 = DEFINITIONAL_REPRESENTATION('',(#2846),#2850);
#2846 = CIRCLE('',#2847,337.);
#2847 = AXIS2_PLACEMENT_2D('',#2848,#2849);
#2848 = CARTESIAN_POINT('',(0.,0.));
#2849 = DIRECTION('',(1.,0.));
#2850 = ( GEOMETRIC_REPRESENTATION_CONTEXT(2) 
PARAMETRIC_REPRESENTATION_CONTEXT() REPRESENTATION_CONTEXT('2D SPACE',''
  ) );
#2851 = ORIENTED_EDGE('',*,*,#2852,.F.);
#2852 = EDGE_CURVE('',#2752,#2829,#2853,.T.);
#2853 = SURFACE_CURVE('',#2854,(#2858,#2865),.PCURVE_S1.);
#2854 = LINE('',#2855,#2856);
#2855 = CARTESIAN_POINT('',(38.,337.,0.));
#2856 = VECTOR('',#2857,1.);
#2857 = DIRECTION('',(-1.,0.,0.));
#2858 = PCURVE('',#2768,#2859);
#2859 = DEFINITIONAL_REPRESENTATION('',(#2860),#2864);
#2860 = LINE('',#2861,#2862);
#2861 = CARTESIAN_POINT('',(-0.,0.));
#2862 = VECTOR('',#2863,1.);
#2863 = DIRECTION('',(-0.,1.));
#2864 = ( GEOMETRIC_REPRESENTATION_CONTEXT(2) 
PARAMETRIC_REPRESENTATION_CONTEXT() REPRESENTATION_CONTEXT('2D SPACE',''
  ) );
#2865 = PCURVE('',#2404,#2866);
#2866 = DEFINITIONAL_REPRESENTATION('',(#2867),#2871);
#2867 = LINE('',#2868,#2869);
#2868 = CARTESIAN_POINT('',(42.638121546961,16.));
#2869 = VECTOR('',#2870,1.);
#2870 = DIRECTION('',(-1.,0.));
#2871 = ( GEOMETRIC_REPRESENTATION_CONTEXT(2) 
PARAMETRIC_REPRESENTATION_CONTEXT() REPRESENTATION_CONTEXT('2D SPACE',''
  ) );
#2872 = ADVANCED_FACE('',(#2873),#2321,.F.);
#2873 = FACE_BOUND('',#2874,.F.);
#2874 = EDGE_LOOP('',(#2875,#2876,#2897,#2898));
#2875 = ORIENTED_EDGE('',*,*,#2828,.T.);
#2876 = ORIENTED_EDGE('',*,*,#2877,.T.);
#2877 = EDGE_CURVE('',#2806,#2300,#2878,.T.);
#2878 = SURFACE_CURVE('',#2879,(#2883,#2890),.PCURVE_S1.);
#2879 = LINE('',#2880,#2881);
#2880 = CARTESIAN_POINT('',(-38.,3.741451592987E-14,337.));
#2881 = VECTOR('',#2882,1.);
#2882 = DIRECTION('',(0.,-1.110223024625E-16,-1.));
#2883 = PCURVE('',#2321,#2884);
#2884 = DEFINITIONAL_REPRESENTATION('',(#2885),#2889);
#2885 = LINE('',#2886,#2887);
#2886 = CARTESIAN_POINT('',(3.741451592987E-14,337.));
#2887 = VECTOR('',#2888,1.);
#2888 = DIRECTION('',(-1.110223024625E-16,-1.));
#2889 = ( GEOMETRIC_REPRESENTATION_CONTEXT(2) 
PARAMETRIC_REPRESENTATION_CONTEXT() REPRESENTATION_CONTEXT('2D SPACE',''
  ) );
#2890 = PCURVE('',#2349,#2891);
#2891 = DEFINITIONAL_REPRESENTATION('',(#2892),#2896);
#2892 = LINE('',#2893,#2894);
#2893 = CARTESIAN_POINT('',(-33.36187845303,16.));
#2894 = VECTOR('',#2895,1.);
#2895 = DIRECTION('',(0.,-1.));
#2896 = ( GEOMETRIC_REPRESENTATION_CONTEXT(2) 
PARAMETRIC_REPRESENTATION_CONTEXT() REPRESENTATION_CONTEXT('2D SPACE',''
  ) );
#2897 = ORIENTED_EDGE('',*,*,#2297,.F.);
#2898 = ORIENTED_EDGE('',*,*,#2899,.F.);
#2899 = EDGE_CURVE('',#2829,#2298,#2900,.T.);
#2900 = SURFACE_CURVE('',#2901,(#2905,#2912),.PCURVE_S1.);
#2901 = LINE('',#2902,#2903);
#2902 = CARTESIAN_POINT('',(-38.,337.,0.));
#2903 = VECTOR('',#2904,1.);
#2904 = DIRECTION('',(0.,-1.,0.));
#2905 = PCURVE('',#2321,#2906);
#2906 = DEFINITIONAL_REPRESENTATION('',(#2907),#2911);
#2907 = LINE('',#2908,#2909);
#2908 = CARTESIAN_POINT('',(337.,0.));
#2909 = VECTOR('',#2910,1.);
#2910 = DIRECTION('',(-1.,0.));
#2911 = ( GEOMETRIC_REPRESENTATION_CONTEXT(2) 
PARAMETRIC_REPRESENTATION_CONTEXT() REPRESENTATION_CONTEXT('2D SPACE',''
  ) );
#2912 = PCURVE('',#2404,#2913);
#2913 = DEFINITIONAL_REPRESENTATION('',(#2914),#2918);
#2914 = LINE('',#2915,#2916);
#2915 = CARTESIAN_POINT('',(-33.36187845303,16.));
#2916 = VECTOR('',#2917,1.);
#2917 = DIRECTION('',(0.,-1.));
#2918 = ( GEOMETRIC_REPRESENTATION_CONTEXT(2) 
PARAMETRIC_REPRESENTATION_CONTEXT() REPRESENTATION_CONTEXT('2D SPACE',''
  ) );
#2919 = ADVANCED_FACE('',(#2920),#2404,.F.);
#2920 = FACE_BOUND('',#2921,.F.);
#2921 = EDGE_LOOP('',(#2922,#2923,#2924,#2925,#2926,#2927,#2928,#2929));
#2922 = ORIENTED_EDGE('',*,*,#2390,.T.);
#2923 = ORIENTED_EDGE('',*,*,#2472,.T.);
#2924 = ORIENTED_EDGE('',*,*,#2549,.T.);
#2925 = ORIENTED_EDGE('',*,*,#2626,.T.);
#2926 = ORIENTED_EDGE('',*,*,#2703,.T.);
#2927 = ORIENTED_EDGE('',*,*,#2780,.T.);
#2928 = ORIENTED_EDGE('',*,*,#2852,.T.);
#2929 = ORIENTED_EDGE('',*,*,#2899,.T.);
#2930 = ADVANCED_FACE('',(#2931),#2349,.T.);
#2931 = FACE_BOUND('',#2932,.T.);
#2932 = EDGE_LOOP('',(#2933,#2934,#2935,#2936,#2937,#2938,#2939,#2940));
#2933 = ORIENTED_EDGE('',*,*,#2333,.T.);
#2934 = ORIENTED_EDGE('',*,*,#2420,.T.);
#2935 = ORIENTED_EDGE('',*,*,#2497,.T.);
#2936 = ORIENTED_EDGE('',*,*,#2574,.T.);
#2937 = ORIENTED_EDGE('',*,*,#2651,.T.);
#2938 = ORIENTED_EDGE('',*,*,#2728,.T.);
#2939 = ORIENTED_EDGE('',*,*,#2805,.T.);
#2940 = ORIENTED_EDGE('',*,*,#2877,.T.);
#2941 = ( GEOMETRIC_REPRESENTATION_CONTEXT(3) 
GLOBAL_UNCERTAINTY_ASSIGNED_CONTEXT((#2945)) 
GLOBAL_UNIT_ASSIGNED_CONTEXT((#2942,#2943,#2944)) REPRESENTATION_CONTEXT
('Context #1','3D Context with UNIT and UNCERTAINTY') );
#2942 = ( LENGTH_UNIT() NAMED_UNIT(*) SI_UNIT(.MILLI.,.METRE.) );
#2943 = ( NAMED_UNIT(*) PLANE_ANGLE_UNIT() SI_UNIT($,.RADIAN.) );
#2944 = ( NAMED_UNIT(*) SI_UNIT($,.STERADIAN.) SOLID_ANGLE_UNIT() );
#2945 = UNCERTAINTY_MEASURE_WITH_UNIT(LENGTH_MEASURE(1.E-07),#2942,
  'distance_accuracy_value','confusion accuracy');
#2946 = CONTEXT_DEPENDENT_SHAPE_REPRESENTATION(#2947,#2949);
#2947 = ( REPRESENTATION_RELATIONSHIP('','',#2290,#10) 
REPRESENTATION_RELATIONSHIP_WITH_TRANSFORMATION(#2948) 
SHAPE_REPRESENTATION_RELATIONSHIP() );
#2948 = ITEM_DEFINED_TRANSFORMATION('','',#11,#39);
#2949 = PRODUCT_DEFINITION_SHAPE('Placement','Placement of an item',
  #2950);
#2950 = NEXT_ASSEMBLY_USAGE_OCCURRENCE('18','','',#5,#2285,$);
#2951 = PRODUCT_RELATED_PRODUCT_CATEGORY('part',$,(#2287));
#2952 = SHAPE_DEFINITION_REPRESENTATION(#2953,#2959);
#2953 = PRODUCT_DEFINITION_SHAPE('','',#2954);
#2954 = PRODUCT_DEFINITION('design','',#2955,#2958);
#2955 = PRODUCT_DEFINITION_FORMATION('','',#2956);
#2956 = PRODUCT('Open CASCADE STEP translator 7.8 12.8',
  'Open CASCADE STEP translator 7.8 12.8','',(#2957));
#2957 = PRODUCT_CONTEXT('',#2,'mechanical');
#2958 = PRODUCT_DEFINITION_CONTEXT('part definition',#2,'design');
#2959 = ADVANCED_BREP_SHAPE_REPRESENTATION('',(#11,#2960),#3610);
#2960 = MANIFOLD_SOLID_BREP('',#2961);
#2961 = CLOSED_SHELL('',(#2962,#3084,#3161,#3238,#3315,#3392,#3469,#3541
    ,#3588,#3599));
#2962 = ADVANCED_FACE('',(#2963),#2978,.F.);
#2963 = FACE_BOUND('',#2964,.F.);
#2964 = EDGE_LOOP('',(#2965,#3001,#3029,#3058));
#2965 = ORIENTED_EDGE('',*,*,#2966,.T.);
#2966 = EDGE_CURVE('',#2967,#2969,#2971,.T.);
#2967 = VERTEX_POINT('',#2968);
#2968 = CARTESIAN_POINT('',(-38.,305.,0.));
#2969 = VERTEX_POINT('',#2970);
#2970 = CARTESIAN_POINT('',(-38.,3.386180225107E-14,305.));
#2971 = SURFACE_CURVE('',#2972,(#2977,#2989),.PCURVE_S1.);
#2972 = CIRCLE('',#2973,305.);
#2973 = AXIS2_PLACEMENT_3D('',#2974,#2975,#2976);
#2974 = CARTESIAN_POINT('',(-38.,0.,0.));
#2975 = DIRECTION('',(1.,0.,0.));
#2976 = DIRECTION('',(-0.,1.,0.));
#2977 = PCURVE('',#2978,#2983);
#2978 = CYLINDRICAL_SURFACE('',#2979,305.);
#2979 = AXIS2_PLACEMENT_3D('',#2980,#2981,#2982);
#2980 = CARTESIAN_POINT('',(-38.,0.,0.));
#2981 = DIRECTION('',(1.,0.,0.));
#2982 = DIRECTION('',(-0.,1.,0.));
#2983 = DEFINITIONAL_REPRESENTATION('',(#2984),#2988);
#2984 = LINE('',#2985,#2986);
#2985 = CARTESIAN_POINT('',(0.,0.));
#2986 = VECTOR('',#2987,1.);
#2987 = DIRECTION('',(1.,0.));
#2988 = ( GEOMETRIC_REPRESENTATION_CONTEXT(2) 
PARAMETRIC_REPRESENTATION_CONTEXT() REPRESENTATION_CONTEXT('2D SPACE',''
  ) );
#2989 = PCURVE('',#2990,#2995);
#2990 = PLANE('',#2991);
#2991 = AXIS2_PLACEMENT_3D('',#2992,#2993,#2994);
#2992 = CARTESIAN_POINT('',(-38.,0.,0.));
#2993 = DIRECTION('',(1.,0.,0.));
#2994 = DIRECTION('',(-0.,1.,0.));
#2995 = DEFINITIONAL_REPRESENTATION('',(#2996),#3000);
#2996 = CIRCLE('',#2997,305.);
#2997 = AXIS2_PLACEMENT_2D('',#2998,#2999);
#2998 = CARTESIAN_POINT('',(0.,0.));
#2999 = DIRECTION('',(1.,0.));
#3000 = ( GEOMETRIC_REPRESENTATION_CONTEXT(2) 
PARAMETRIC_REPRESENTATION_CONTEXT() REPRESENTATION_CONTEXT('2D SPACE',''
  ) );
#3001 = ORIENTED_EDGE('',*,*,#3002,.T.);
#3002 = EDGE_CURVE('',#2969,#3003,#3005,.T.);
#3003 = VERTEX_POINT('',#3004);
#3004 = CARTESIAN_POINT('',(38.,3.386180225107E-14,305.));
#3005 = SURFACE_CURVE('',#3006,(#3010,#3017),.PCURVE_S1.);
#3006 = LINE('',#3007,#3008);
#3007 = CARTESIAN_POINT('',(-38.,3.386180225107E-14,305.));
#3008 = VECTOR('',#3009,1.);
#3009 = DIRECTION('',(1.,0.,0.));
#3010 = PCURVE('',#2978,#3011);
#3011 = DEFINITIONAL_REPRESENTATION('',(#3012),#3016);
#3012 = LINE('',#3013,#3014);
#3013 = CARTESIAN_POINT('',(1.570796326795,0.));
#3014 = VECTOR('',#3015,1.);
#3015 = DIRECTION('',(0.,1.));
#3016 = ( GEOMETRIC_REPRESENTATION_CONTEXT(2) 
PARAMETRIC_REPRESENTATION_CONTEXT() REPRESENTATION_CONTEXT('2D SPACE',''
  ) );
#3017 = PCURVE('',#3018,#3023);
#3018 = PLANE('',#3019);
#3019 = AXIS2_PLACEMENT_3D('',#3020,#3021,#3022);
#3020 = CARTESIAN_POINT('',(-4.638121546961,3.563815909047E-14,321.));
#3021 = DIRECTION('',(0.,-1.,1.110223024625E-16));
#3022 = DIRECTION('',(1.,0.,0.));
#3023 = DEFINITIONAL_REPRESENTATION('',(#3024),#3028);
#3024 = LINE('',#3025,#3026);
#3025 = CARTESIAN_POINT('',(-33.36187845303,-16.));
#3026 = VECTOR('',#3027,1.);
#3027 = DIRECTION('',(1.,0.));
#3028 = ( GEOMETRIC_REPRESENTATION_CONTEXT(2) 
PARAMETRIC_REPRESENTATION_CONTEXT() REPRESENTATION_CONTEXT('2D SPACE',''
  ) );
#3029 = ORIENTED_EDGE('',*,*,#3030,.F.);
#3030 = EDGE_CURVE('',#3031,#3003,#3033,.T.);
#3031 = VERTEX_POINT('',#3032);
#3032 = CARTESIAN_POINT('',(38.,305.,0.));
#3033 = SURFACE_CURVE('',#3034,(#3039,#3046),.PCURVE_S1.);
#3034 = CIRCLE('',#3035,305.);
#3035 = AXIS2_PLACEMENT_3D('',#3036,#3037,#3038);
#3036 = CARTESIAN_POINT('',(38.,0.,0.));
#3037 = DIRECTION('',(1.,0.,0.));
#3038 = DIRECTION('',(-0.,1.,0.));
#3039 = PCURVE('',#2978,#3040);
#3040 = DEFINITIONAL_REPRESENTATION('',(#3041),#3045);
#3041 = LINE('',#3042,#3043);
#3042 = CARTESIAN_POINT('',(0.,76.));
#3043 = VECTOR('',#3044,1.);
#3044 = DIRECTION('',(1.,0.));
#3045 = ( GEOMETRIC_REPRESENTATION_CONTEXT(2) 
PARAMETRIC_REPRESENTATION_CONTEXT() REPRESENTATION_CONTEXT('2D SPACE',''
  ) );
#3046 = PCURVE('',#3047,#3052);
#3047 = PLANE('',#3048);
#3048 = AXIS2_PLACEMENT_3D('',#3049,#3050,#3051);
#3049 = CARTESIAN_POINT('',(38.,0.,0.));
#3050 = DIRECTION('',(1.,0.,0.));
#3051 = DIRECTION('',(-0.,1.,0.));
#3052 = DEFINITIONAL_REPRESENTATION('',(#3053),#3057);
#3053 = CIRCLE('',#3054,305.);
#3054 = AXIS2_PLACEMENT_2D('',#3055,#3056);
#3055 = CARTESIAN_POINT('',(0.,0.));
#3056 = DIRECTION('',(1.,-0.));
#3057 = ( GEOMETRIC_REPRESENTATION_CONTEXT(2) 
PARAMETRIC_REPRESENTATION_CONTEXT() REPRESENTATION_CONTEXT('2D SPACE',''
  ) );
#3058 = ORIENTED_EDGE('',*,*,#3059,.F.);
#3059 = EDGE_CURVE('',#2967,#3031,#3060,.T.);
#3060 = SURFACE_CURVE('',#3061,(#3065,#3072),.PCURVE_S1.);
#3061 = LINE('',#3062,#3063);
#3062 = CARTESIAN_POINT('',(-38.,305.,0.));
#3063 = VECTOR('',#3064,1.);
#3064 = DIRECTION('',(1.,0.,0.));
#3065 = PCURVE('',#2978,#3066);
#3066 = DEFINITIONAL_REPRESENTATION('',(#3067),#3071);
#3067 = LINE('',#3068,#3069);
#3068 = CARTESIAN_POINT('',(0.,0.));
#3069 = VECTOR('',#3070,1.);
#3070 = DIRECTION('',(0.,1.));
#3071 = ( GEOMETRIC_REPRESENTATION_CONTEXT(2) 
PARAMETRIC_REPRESENTATION_CONTEXT() REPRESENTATION_CONTEXT('2D SPACE',''
  ) );
#3072 = PCURVE('',#3073,#3078);
#3073 = PLANE('',#3074);
#3074 = AXIS2_PLACEMENT_3D('',#3075,#3076,#3077);
#3075 = CARTESIAN_POINT('',(-4.638121546961,321.,0.));
#3076 = DIRECTION('',(0.,0.,1.));
#3077 = DIRECTION('',(1.,0.,-0.));
#3078 = DEFINITIONAL_REPRESENTATION('',(#3079),#3083);
#3079 = LINE('',#3080,#3081);
#3080 = CARTESIAN_POINT('',(-33.36187845303,-16.));
#3081 = VECTOR('',#3082,1.);
#3082 = DIRECTION('',(1.,0.));
#3083 = ( GEOMETRIC_REPRESENTATION_CONTEXT(2) 
PARAMETRIC_REPRESENTATION_CONTEXT() REPRESENTATION_CONTEXT('2D SPACE',''
  ) );
#3084 = ADVANCED_FACE('',(#3085),#3047,.T.);
#3085 = FACE_BOUND('',#3086,.F.);
#3086 = EDGE_LOOP('',(#3087,#3088,#3111,#3140));
#3087 = ORIENTED_EDGE('',*,*,#3030,.T.);
#3088 = ORIENTED_EDGE('',*,*,#3089,.T.);
#3089 = EDGE_CURVE('',#3003,#3090,#3092,.T.);
#3090 = VERTEX_POINT('',#3091);
#3091 = CARTESIAN_POINT('',(38.,3.419486915845E-14,308.));
#3092 = SURFACE_CURVE('',#3093,(#3097,#3104),.PCURVE_S1.);
#3093 = LINE('',#3094,#3095);
#3094 = CARTESIAN_POINT('',(38.,3.386180225107E-14,305.));
#3095 = VECTOR('',#3096,1.);
#3096 = DIRECTION('',(0.,1.110223024625E-16,1.));
#3097 = PCURVE('',#3047,#3098);
#3098 = DEFINITIONAL_REPRESENTATION('',(#3099),#3103);
#3099 = LINE('',#3100,#3101);
#3100 = CARTESIAN_POINT('',(3.386180225107E-14,305.));
#3101 = VECTOR('',#3102,1.);
#3102 = DIRECTION('',(1.110223024625E-16,1.));
#3103 = ( GEOMETRIC_REPRESENTATION_CONTEXT(2) 
PARAMETRIC_REPRESENTATION_CONTEXT() REPRESENTATION_CONTEXT('2D SPACE',''
  ) );
#3104 = PCURVE('',#3018,#3105);
#3105 = DEFINITIONAL_REPRESENTATION('',(#3106),#3110);
#3106 = LINE('',#3107,#3108);
#3107 = CARTESIAN_POINT('',(42.638121546961,-16.));
#3108 = VECTOR('',#3109,1.);
#3109 = DIRECTION('',(0.,1.));
#3110 = ( GEOMETRIC_REPRESENTATION_CONTEXT(2) 
PARAMETRIC_REPRESENTATION_CONTEXT() REPRESENTATION_CONTEXT('2D SPACE',''
  ) );
#3111 = ORIENTED_EDGE('',*,*,#3112,.F.);
#3112 = EDGE_CURVE('',#3113,#3090,#3115,.T.);
#3113 = VERTEX_POINT('',#3114);
#3114 = CARTESIAN_POINT('',(38.,308.,0.));
#3115 = SURFACE_CURVE('',#3116,(#3121,#3128),.PCURVE_S1.);
#3116 = CIRCLE('',#3117,308.);
#3117 = AXIS2_PLACEMENT_3D('',#3118,#3119,#3120);
#3118 = CARTESIAN_POINT('',(38.,0.,0.));
#3119 = DIRECTION('',(1.,0.,0.));
#3120 = DIRECTION('',(-0.,1.,0.));
#3121 = PCURVE('',#3047,#3122);
#3122 = DEFINITIONAL_REPRESENTATION('',(#3123),#3127);
#3123 = CIRCLE('',#3124,308.);
#3124 = AXIS2_PLACEMENT_2D('',#3125,#3126);
#3125 = CARTESIAN_POINT('',(0.,0.));
#3126 = DIRECTION('',(1.,-0.));
#3127 = ( GEOMETRIC_REPRESENTATION_CONTEXT(2) 
PARAMETRIC_REPRESENTATION_CONTEXT() REPRESENTATION_CONTEXT('2D SPACE',''
  ) );
#3128 = PCURVE('',#3129,#3134);
#3129 = CYLINDRICAL_SURFACE('',#3130,308.);
#3130 = AXIS2_PLACEMENT_3D('',#3131,#3132,#3133);
#3131 = CARTESIAN_POINT('',(38.,0.,0.));
#3132 = DIRECTION('',(-1.,-0.,-0.));
#3133 = DIRECTION('',(0.,1.,0.));
#3134 = DEFINITIONAL_REPRESENTATION('',(#3135),#3139);
#3135 = LINE('',#3136,#3137);
#3136 = CARTESIAN_POINT('',(-0.,0.));
#3137 = VECTOR('',#3138,1.);
#3138 = DIRECTION('',(-1.,0.));
#3139 = ( GEOMETRIC_REPRESENTATION_CONTEXT(2) 
PARAMETRIC_REPRESENTATION_CONTEXT() REPRESENTATION_CONTEXT('2D SPACE',''
  ) );
#3140 = ORIENTED_EDGE('',*,*,#3141,.F.);
#3141 = EDGE_CURVE('',#3031,#3113,#3142,.T.);
#3142 = SURFACE_CURVE('',#3143,(#3147,#3154),.PCURVE_S1.);
#3143 = LINE('',#3144,#3145);
#3144 = CARTESIAN_POINT('',(38.,305.,0.));
#3145 = VECTOR('',#3146,1.);
#3146 = DIRECTION('',(0.,1.,0.));
#3147 = PCURVE('',#3047,#3148);
#3148 = DEFINITIONAL_REPRESENTATION('',(#3149),#3153);
#3149 = LINE('',#3150,#3151);
#3150 = CARTESIAN_POINT('',(305.,-0.));
#3151 = VECTOR('',#3152,1.);
#3152 = DIRECTION('',(1.,-0.));
#3153 = ( GEOMETRIC_REPRESENTATION_CONTEXT(2) 
PARAMETRIC_REPRESENTATION_CONTEXT() REPRESENTATION_CONTEXT('2D SPACE',''
  ) );
#3154 = PCURVE('',#3073,#3155);
#3155 = DEFINITIONAL_REPRESENTATION('',(#3156),#3160);
#3156 = LINE('',#3157,#3158);
#3157 = CARTESIAN_POINT('',(42.638121546961,-16.));
#3158 = VECTOR('',#3159,1.);
#3159 = DIRECTION('',(0.,1.));
#3160 = ( GEOMETRIC_REPRESENTATION_CONTEXT(2) 
PARAMETRIC_REPRESENTATION_CONTEXT() REPRESENTATION_CONTEXT('2D SPACE',''
  ) );
#3161 = ADVANCED_FACE('',(#3162),#3129,.T.);
#3162 = FACE_BOUND('',#3163,.F.);
#3163 = EDGE_LOOP('',(#3164,#3165,#3188,#3217));
#3164 = ORIENTED_EDGE('',*,*,#3112,.T.);
#3165 = ORIENTED_EDGE('',*,*,#3166,.T.);
#3166 = EDGE_CURVE('',#3090,#3167,#3169,.T.);
#3167 = VERTEX_POINT('',#3168);
#3168 = CARTESIAN_POINT('',(-35.,3.419486915845E-14,308.));
#3169 = SURFACE_CURVE('',#3170,(#3174,#3181),.PCURVE_S1.);
#3170 = LINE('',#3171,#3172);
#3171 = CARTESIAN_POINT('',(38.,3.419486915845E-14,308.));
#3172 = VECTOR('',#3173,1.);
#3173 = DIRECTION('',(-1.,0.,0.));
#3174 = PCURVE('',#3129,#3175);
#3175 = DEFINITIONAL_REPRESENTATION('',(#3176),#3180);
#3176 = LINE('',#3177,#3178);
#3177 = CARTESIAN_POINT('',(-1.570796326795,0.));
#3178 = VECTOR('',#3179,1.);
#3179 = DIRECTION('',(-0.,1.));
#3180 = ( GEOMETRIC_REPRESENTATION_CONTEXT(2) 
PARAMETRIC_REPRESENTATION_CONTEXT() REPRESENTATION_CONTEXT('2D SPACE',''
  ) );
#3181 = PCURVE('',#3018,#3182);
#3182 = DEFINITIONAL_REPRESENTATION('',(#3183),#3187);
#3183 = LINE('',#3184,#3185);
#3184 = CARTESIAN_POINT('',(42.638121546961,-13.));
#3185 = VECTOR('',#3186,1.);
#3186 = DIRECTION('',(-1.,0.));
#3187 = ( GEOMETRIC_REPRESENTATION_CONTEXT(2) 
PARAMETRIC_REPRESENTATION_CONTEXT() REPRESENTATION_CONTEXT('2D SPACE',''
  ) );
#3188 = ORIENTED_EDGE('',*,*,#3189,.F.);
#3189 = EDGE_CURVE('',#3190,#3167,#3192,.T.);
#3190 = VERTEX_POINT('',#3191);
#3191 = CARTESIAN_POINT('',(-35.,308.,0.));
#3192 = SURFACE_CURVE('',#3193,(#3198,#3205),.PCURVE_S1.);
#3193 = CIRCLE('',#3194,308.);
#3194 = AXIS2_PLACEMENT_3D('',#3195,#3196,#3197);
#3195 = CARTESIAN_POINT('',(-35.,0.,0.));
#3196 = DIRECTION('',(1.,0.,0.));
#3197 = DIRECTION('',(-0.,1.,0.));
#3198 = PCURVE('',#3129,#3199);
#3199 = DEFINITIONAL_REPRESENTATION('',(#3200),#3204);
#3200 = LINE('',#3201,#3202);
#3201 = CARTESIAN_POINT('',(-0.,73.));
#3202 = VECTOR('',#3203,1.);
#3203 = DIRECTION('',(-1.,0.));
#3204 = ( GEOMETRIC_REPRESENTATION_CONTEXT(2) 
PARAMETRIC_REPRESENTATION_CONTEXT() REPRESENTATION_CONTEXT('2D SPACE',''
  ) );
#3205 = PCURVE('',#3206,#3211);
#3206 = PLANE('',#3207);
#3207 = AXIS2_PLACEMENT_3D('',#3208,#3209,#3210);
#3208 = CARTESIAN_POINT('',(-35.,0.,0.));
#3209 = DIRECTION('',(1.,0.,0.));
#3210 = DIRECTION('',(-0.,1.,0.));
#3211 = DEFINITIONAL_REPRESENTATION('',(#3212),#3216);
#3212 = CIRCLE('',#3213,308.);
#3213 = AXIS2_PLACEMENT_2D('',#3214,#3215);
#3214 = CARTESIAN_POINT('',(0.,0.));
#3215 = DIRECTION('',(1.,-0.));
#3216 = ( GEOMETRIC_REPRESENTATION_CONTEXT(2) 
PARAMETRIC_REPRESENTATION_CONTEXT() REPRESENTATION_CONTEXT('2D SPACE',''
  ) );
#3217 = ORIENTED_EDGE('',*,*,#3218,.F.);
#3218 = EDGE_CURVE('',#3113,#3190,#3219,.T.);
#3219 = SURFACE_CURVE('',#3220,(#3224,#3231),.PCURVE_S1.);
#3220 = LINE('',#3221,#3222);
#3221 = CARTESIAN_POINT('',(38.,308.,0.));
#3222 = VECTOR('',#3223,1.);
#3223 = DIRECTION('',(-1.,0.,0.));
#3224 = PCURVE('',#3129,#3225);
#3225 = DEFINITIONAL_REPRESENTATION('',(#3226),#3230);
#3226 = LINE('',#3227,#3228);
#3227 = CARTESIAN_POINT('',(-0.,0.));
#3228 = VECTOR('',#3229,1.);
#3229 = DIRECTION('',(-0.,1.));
#3230 = ( GEOMETRIC_REPRESENTATION_CONTEXT(2) 
PARAMETRIC_REPRESENTATION_CONTEXT() REPRESENTATION_CONTEXT('2D SPACE',''
  ) );
#3231 = PCURVE('',#3073,#3232);
#3232 = DEFINITIONAL_REPRESENTATION('',(#3233),#3237);
#3233 = LINE('',#3234,#3235);
#3234 = CARTESIAN_POINT('',(42.638121546961,-13.));
#3235 = VECTOR('',#3236,1.);
#3236 = DIRECTION('',(-1.,0.));
#3237 = ( GEOMETRIC_REPRESENTATION_CONTEXT(2) 
PARAMETRIC_REPRESENTATION_CONTEXT() REPRESENTATION_CONTEXT('2D SPACE',''
  ) );
#3238 = ADVANCED_FACE('',(#3239),#3206,.T.);
#3239 = FACE_BOUND('',#3240,.F.);
#3240 = EDGE_LOOP('',(#3241,#3242,#3265,#3294));
#3241 = ORIENTED_EDGE('',*,*,#3189,.T.);
#3242 = ORIENTED_EDGE('',*,*,#3243,.T.);
#3243 = EDGE_CURVE('',#3167,#3244,#3246,.T.);
#3244 = VERTEX_POINT('',#3245);
#3245 = CARTESIAN_POINT('',(-35.,3.708144902248E-14,334.));
#3246 = SURFACE_CURVE('',#3247,(#3251,#3258),.PCURVE_S1.);
#3247 = LINE('',#3248,#3249);
#3248 = CARTESIAN_POINT('',(-35.,3.419486915845E-14,308.));
#3249 = VECTOR('',#3250,1.);
#3250 = DIRECTION('',(0.,1.110223024625E-16,1.));
#3251 = PCURVE('',#3206,#3252);
#3252 = DEFINITIONAL_REPRESENTATION('',(#3253),#3257);
#3253 = LINE('',#3254,#3255);
#3254 = CARTESIAN_POINT('',(3.419486915845E-14,308.));
#3255 = VECTOR('',#3256,1.);
#3256 = DIRECTION('',(1.110223024625E-16,1.));
#3257 = ( GEOMETRIC_REPRESENTATION_CONTEXT(2) 
PARAMETRIC_REPRESENTATION_CONTEXT() REPRESENTATION_CONTEXT('2D SPACE',''
  ) );
#3258 = PCURVE('',#3018,#3259);
#3259 = DEFINITIONAL_REPRESENTATION('',(#3260),#3264);
#3260 = LINE('',#3261,#3262);
#3261 = CARTESIAN_POINT('',(-30.36187845303,-13.));
#3262 = VECTOR('',#3263,1.);
#3263 = DIRECTION('',(0.,1.));
#3264 = ( GEOMETRIC_REPRESENTATION_CONTEXT(2) 
PARAMETRIC_REPRESENTATION_CONTEXT() REPRESENTATION_CONTEXT('2D SPACE',''
  ) );
#3265 = ORIENTED_EDGE('',*,*,#3266,.F.);
#3266 = EDGE_CURVE('',#3267,#3244,#3269,.T.);
#3267 = VERTEX_POINT('',#3268);
#3268 = CARTESIAN_POINT('',(-35.,334.,0.));
#3269 = SURFACE_CURVE('',#3270,(#3275,#3282),.PCURVE_S1.);
#3270 = CIRCLE('',#3271,334.);
#3271 = AXIS2_PLACEMENT_3D('',#3272,#3273,#3274);
#3272 = CARTESIAN_POINT('',(-35.,0.,0.));
#3273 = DIRECTION('',(1.,0.,0.));
#3274 = DIRECTION('',(-0.,1.,0.));
#3275 = PCURVE('',#3206,#3276);
#3276 = DEFINITIONAL_REPRESENTATION('',(#3277),#3281);
#3277 = CIRCLE('',#3278,334.);
#3278 = AXIS2_PLACEMENT_2D('',#3279,#3280);
#3279 = CARTESIAN_POINT('',(0.,0.));
#3280 = DIRECTION('',(1.,-0.));
#3281 = ( GEOMETRIC_REPRESENTATION_CONTEXT(2) 
PARAMETRIC_REPRESENTATION_CONTEXT() REPRESENTATION_CONTEXT('2D SPACE',''
  ) );
#3282 = PCURVE('',#3283,#3288);
#3283 = CYLINDRICAL_SURFACE('',#3284,334.);
#3284 = AXIS2_PLACEMENT_3D('',#3285,#3286,#3287);
#3285 = CARTESIAN_POINT('',(-35.,0.,0.));
#3286 = DIRECTION('',(1.,0.,0.));
#3287 = DIRECTION('',(-0.,1.,0.));
#3288 = DEFINITIONAL_REPRESENTATION('',(#3289),#3293);
#3289 = LINE('',#3290,#3291);
#3290 = CARTESIAN_POINT('',(0.,0.));
#3291 = VECTOR('',#3292,1.);
#3292 = DIRECTION('',(1.,0.));
#3293 = ( GEOMETRIC_REPRESENTATION_CONTEXT(2) 
PARAMETRIC_REPRESENTATION_CONTEXT() REPRESENTATION_CONTEXT('2D SPACE',''
  ) );
#3294 = ORIENTED_EDGE('',*,*,#3295,.F.);
#3295 = EDGE_CURVE('',#3190,#3267,#3296,.T.);
#3296 = SURFACE_CURVE('',#3297,(#3301,#3308),.PCURVE_S1.);
#3297 = LINE('',#3298,#3299);
#3298 = CARTESIAN_POINT('',(-35.,308.,0.));
#3299 = VECTOR('',#3300,1.);
#3300 = DIRECTION('',(0.,1.,0.));
#3301 = PCURVE('',#3206,#3302);
#3302 = DEFINITIONAL_REPRESENTATION('',(#3303),#3307);
#3303 = LINE('',#3304,#3305);
#3304 = CARTESIAN_POINT('',(308.,-0.));
#3305 = VECTOR('',#3306,1.);
#3306 = DIRECTION('',(1.,-0.));
#3307 = ( GEOMETRIC_REPRESENTATION_CONTEXT(2) 
PARAMETRIC_REPRESENTATION_CONTEXT() REPRESENTATION_CONTEXT('2D SPACE',''
  ) );
#3308 = PCURVE('',#3073,#3309);
#3309 = DEFINITIONAL_REPRESENTATION('',(#3310),#3314);
#3310 = LINE('',#3311,#3312);
#3311 = CARTESIAN_POINT('',(-30.36187845303,-13.));
#3312 = VECTOR('',#3313,1.);
#3313 = DIRECTION('',(0.,1.));
#3314 = ( GEOMETRIC_REPRESENTATION_CONTEXT(2) 
PARAMETRIC_REPRESENTATION_CONTEXT() REPRESENTATION_CONTEXT('2D SPACE',''
  ) );
#3315 = ADVANCED_FACE('',(#3316),#3283,.F.);
#3316 = FACE_BOUND('',#3317,.F.);
#3317 = EDGE_LOOP('',(#3318,#3319,#3342,#3371));
#3318 = ORIENTED_EDGE('',*,*,#3266,.T.);
#3319 = ORIENTED_EDGE('',*,*,#3320,.T.);
#3320 = EDGE_CURVE('',#3244,#3321,#3323,.T.);
#3321 = VERTEX_POINT('',#3322);
#3322 = CARTESIAN_POINT('',(38.,3.708144902248E-14,334.));
#3323 = SURFACE_CURVE('',#3324,(#3328,#3335),.PCURVE_S1.);
#3324 = LINE('',#3325,#3326);
#3325 = CARTESIAN_POINT('',(-35.,3.708144902248E-14,334.));
#3326 = VECTOR('',#3327,1.);
#3327 = DIRECTION('',(1.,0.,0.));
#3328 = PCURVE('',#3283,#3329);
#3329 = DEFINITIONAL_REPRESENTATION('',(#3330),#3334);
#3330 = LINE('',#3331,#3332);
#3331 = CARTESIAN_POINT('',(1.570796326795,0.));
#3332 = VECTOR('',#3333,1.);
#3333 = DIRECTION('',(0.,1.));
#3334 = ( GEOMETRIC_REPRESENTATION_CONTEXT(2) 
PARAMETRIC_REPRESENTATION_CONTEXT() REPRESENTATION_CONTEXT('2D SPACE',''
  ) );
#3335 = PCURVE('',#3018,#3336);
#3336 = DEFINITIONAL_REPRESENTATION('',(#3337),#3341);
#3337 = LINE('',#3338,#3339);
#3338 = CARTESIAN_POINT('',(-30.36187845303,13.));
#3339 = VECTOR('',#3340,1.);
#3340 = DIRECTION('',(1.,0.));
#3341 = ( GEOMETRIC_REPRESENTATION_CONTEXT(2) 
PARAMETRIC_REPRESENTATION_CONTEXT() REPRESENTATION_CONTEXT('2D SPACE',''
  ) );
#3342 = ORIENTED_EDGE('',*,*,#3343,.F.);
#3343 = EDGE_CURVE('',#3344,#3321,#3346,.T.);
#3344 = VERTEX_POINT('',#3345);
#3345 = CARTESIAN_POINT('',(38.,334.,0.));
#3346 = SURFACE_CURVE('',#3347,(#3352,#3359),.PCURVE_S1.);
#3347 = CIRCLE('',#3348,334.);
#3348 = AXIS2_PLACEMENT_3D('',#3349,#3350,#3351);
#3349 = CARTESIAN_POINT('',(38.,0.,0.));
#3350 = DIRECTION('',(1.,0.,0.));
#3351 = DIRECTION('',(-0.,1.,0.));
#3352 = PCURVE('',#3283,#3353);
#3353 = DEFINITIONAL_REPRESENTATION('',(#3354),#3358);
#3354 = LINE('',#3355,#3356);
#3355 = CARTESIAN_POINT('',(0.,73.));
#3356 = VECTOR('',#3357,1.);
#3357 = DIRECTION('',(1.,0.));
#3358 = ( GEOMETRIC_REPRESENTATION_CONTEXT(2) 
PARAMETRIC_REPRESENTATION_CONTEXT() REPRESENTATION_CONTEXT('2D SPACE',''
  ) );
#3359 = PCURVE('',#3360,#3365);
#3360 = PLANE('',#3361);
#3361 = AXIS2_PLACEMENT_3D('',#3362,#3363,#3364);
#3362 = CARTESIAN_POINT('',(38.,0.,0.));
#3363 = DIRECTION('',(1.,0.,0.));
#3364 = DIRECTION('',(-0.,1.,0.));
#3365 = DEFINITIONAL_REPRESENTATION('',(#3366),#3370);
#3366 = CIRCLE('',#3367,334.);
#3367 = AXIS2_PLACEMENT_2D('',#3368,#3369);
#3368 = CARTESIAN_POINT('',(0.,0.));
#3369 = DIRECTION('',(1.,-0.));
#3370 = ( GEOMETRIC_REPRESENTATION_CONTEXT(2) 
PARAMETRIC_REPRESENTATION_CONTEXT() REPRESENTATION_CONTEXT('2D SPACE',''
  ) );
#3371 = ORIENTED_EDGE('',*,*,#3372,.F.);
#3372 = EDGE_CURVE('',#3267,#3344,#3373,.T.);
#3373 = SURFACE_CURVE('',#3374,(#3378,#3385),.PCURVE_S1.);
#3374 = LINE('',#3375,#3376);
#3375 = CARTESIAN_POINT('',(-35.,334.,0.));
#3376 = VECTOR('',#3377,1.);
#3377 = DIRECTION('',(1.,0.,0.));
#3378 = PCURVE('',#3283,#3379);
#3379 = DEFINITIONAL_REPRESENTATION('',(#3380),#3384);
#3380 = LINE('',#3381,#3382);
#3381 = CARTESIAN_POINT('',(0.,0.));
#3382 = VECTOR('',#3383,1.);
#3383 = DIRECTION('',(0.,1.));
#3384 = ( GEOMETRIC_REPRESENTATION_CONTEXT(2) 
PARAMETRIC_REPRESENTATION_CONTEXT() REPRESENTATION_CONTEXT('2D SPACE',''
  ) );
#3385 = PCURVE('',#3073,#3386);
#3386 = DEFINITIONAL_REPRESENTATION('',(#3387),#3391);
#3387 = LINE('',#3388,#3389);
#3388 = CARTESIAN_POINT('',(-30.36187845303,13.));
#3389 = VECTOR('',#3390,1.);
#3390 = DIRECTION('',(1.,0.));
#3391 = ( GEOMETRIC_REPRESENTATION_CONTEXT(2) 
PARAMETRIC_REPRESENTATION_CONTEXT() REPRESENTATION_CONTEXT('2D SPACE',''
  ) );
#3392 = ADVANCED_FACE('',(#3393),#3360,.T.);
#3393 = FACE_BOUND('',#3394,.F.);
#3394 = EDGE_LOOP('',(#3395,#3396,#3419,#3448));
#3395 = ORIENTED_EDGE('',*,*,#3343,.T.);
#3396 = ORIENTED_EDGE('',*,*,#3397,.T.);
#3397 = EDGE_CURVE('',#3321,#3398,#3400,.T.);
#3398 = VERTEX_POINT('',#3399);
#3399 = CARTESIAN_POINT('',(38.,3.741451592987E-14,337.));
#3400 = SURFACE_CURVE('',#3401,(#3405,#3412),.PCURVE_S1.);
#3401 = LINE('',#3402,#3403);
#3402 = CARTESIAN_POINT('',(38.,3.708144902248E-14,334.));
#3403 = VECTOR('',#3404,1.);
#3404 = DIRECTION('',(0.,1.110223024625E-16,1.));
#3405 = PCURVE('',#3360,#3406);
#3406 = DEFINITIONAL_REPRESENTATION('',(#3407),#3411);
#3407 = LINE('',#3408,#3409);
#3408 = CARTESIAN_POINT('',(3.708144902248E-14,334.));
#3409 = VECTOR('',#3410,1.);
#3410 = DIRECTION('',(1.110223024625E-16,1.));
#3411 = ( GEOMETRIC_REPRESENTATION_CONTEXT(2) 
PARAMETRIC_REPRESENTATION_CONTEXT() REPRESENTATION_CONTEXT('2D SPACE',''
  ) );
#3412 = PCURVE('',#3018,#3413);
#3413 = DEFINITIONAL_REPRESENTATION('',(#3414),#3418);
#3414 = LINE('',#3415,#3416);
#3415 = CARTESIAN_POINT('',(42.638121546961,13.));
#3416 = VECTOR('',#3417,1.);
#3417 = DIRECTION('',(0.,1.));
#3418 = ( GEOMETRIC_REPRESENTATION_CONTEXT(2) 
PARAMETRIC_REPRESENTATION_CONTEXT() REPRESENTATION_CONTEXT('2D SPACE',''
  ) );
#3419 = ORIENTED_EDGE('',*,*,#3420,.F.);
#3420 = EDGE_CURVE('',#3421,#3398,#3423,.T.);
#3421 = VERTEX_POINT('',#3422);
#3422 = CARTESIAN_POINT('',(38.,337.,0.));
#3423 = SURFACE_CURVE('',#3424,(#3429,#3436),.PCURVE_S1.);
#3424 = CIRCLE('',#3425,337.);
#3425 = AXIS2_PLACEMENT_3D('',#3426,#3427,#3428);
#3426 = CARTESIAN_POINT('',(38.,0.,0.));
#3427 = DIRECTION('',(1.,0.,0.));
#3428 = DIRECTION('',(-0.,1.,0.));
#3429 = PCURVE('',#3360,#3430);
#3430 = DEFINITIONAL_REPRESENTATION('',(#3431),#3435);
#3431 = CIRCLE('',#3432,337.);
#3432 = AXIS2_PLACEMENT_2D('',#3433,#3434);
#3433 = CARTESIAN_POINT('',(0.,0.));
#3434 = DIRECTION('',(1.,-0.));
#3435 = ( GEOMETRIC_REPRESENTATION_CONTEXT(2) 
PARAMETRIC_REPRESENTATION_CONTEXT() REPRESENTATION_CONTEXT('2D SPACE',''
  ) );
#3436 = PCURVE('',#3437,#3442);
#3437 = CYLINDRICAL_SURFACE('',#3438,337.);
#3438 = AXIS2_PLACEMENT_3D('',#3439,#3440,#3441);
#3439 = CARTESIAN_POINT('',(38.,0.,0.));
#3440 = DIRECTION('',(-1.,-0.,-0.));
#3441 = DIRECTION('',(0.,1.,0.));
#3442 = DEFINITIONAL_REPRESENTATION('',(#3443),#3447);
#3443 = LINE('',#3444,#3445);
#3444 = CARTESIAN_POINT('',(-0.,0.));
#3445 = VECTOR('',#3446,1.);
#3446 = DIRECTION('',(-1.,0.));
#3447 = ( GEOMETRIC_REPRESENTATION_CONTEXT(2) 
PARAMETRIC_REPRESENTATION_CONTEXT() REPRESENTATION_CONTEXT('2D SPACE',''
  ) );
#3448 = ORIENTED_EDGE('',*,*,#3449,.F.);
#3449 = EDGE_CURVE('',#3344,#3421,#3450,.T.);
#3450 = SURFACE_CURVE('',#3451,(#3455,#3462),.PCURVE_S1.);
#3451 = LINE('',#3452,#3453);
#3452 = CARTESIAN_POINT('',(38.,334.,0.));
#3453 = VECTOR('',#3454,1.);
#3454 = DIRECTION('',(0.,1.,0.));
#3455 = PCURVE('',#3360,#3456);
#3456 = DEFINITIONAL_REPRESENTATION('',(#3457),#3461);
#3457 = LINE('',#3458,#3459);
#3458 = CARTESIAN_POINT('',(334.,-0.));
#3459 = VECTOR('',#3460,1.);
#3460 = DIRECTION('',(1.,-0.));
#3461 = ( GEOMETRIC_REPRESENTATION_CONTEXT(2) 
PARAMETRIC_REPRESENTATION_CONTEXT() REPRESENTATION_CONTEXT('2D SPACE',''
  ) );
#3462 = PCURVE('',#3073,#3463);
#3463 = DEFINITIONAL_REPRESENTATION('',(#3464),#3468);
#3464 = LINE('',#3465,#3466);
#3465 = CARTESIAN_POINT('',(42.638121546961,13.));
#3466 = VECTOR('',#3467,1.);
#3467 = DIRECTION('',(0.,1.));
#3468 = ( GEOMETRIC_REPRESENTATION_CONTEXT(2) 
PARAMETRIC_REPRESENTATION_CONTEXT() REPRESENTATION_CONTEXT('2D SPACE',''
  ) );
#3469 = ADVANCED_FACE('',(#3470),#3437,.T.);
#3470 = FACE_BOUND('',#3471,.F.);
#3471 = EDGE_LOOP('',(#3472,#3473,#3496,#3520));
#3472 = ORIENTED_EDGE('',*,*,#3420,.T.);
#3473 = ORIENTED_EDGE('',*,*,#3474,.T.);
#3474 = EDGE_CURVE('',#3398,#3475,#3477,.T.);
#3475 = VERTEX_POINT('',#3476);
#3476 = CARTESIAN_POINT('',(-38.,3.741451592987E-14,337.));
#3477 = SURFACE_CURVE('',#3478,(#3482,#3489),.PCURVE_S1.);
#3478 = LINE('',#3479,#3480);
#3479 = CARTESIAN_POINT('',(38.,3.741451592987E-14,337.));
#3480 = VECTOR('',#3481,1.);
#3481 = DIRECTION('',(-1.,0.,0.));
#3482 = PCURVE('',#3437,#3483);
#3483 = DEFINITIONAL_REPRESENTATION('',(#3484),#3488);
#3484 = LINE('',#3485,#3486);
#3485 = CARTESIAN_POINT('',(-1.570796326795,0.));
#3486 = VECTOR('',#3487,1.);
#3487 = DIRECTION('',(-0.,1.));
#3488 = ( GEOMETRIC_REPRESENTATION_CONTEXT(2) 
PARAMETRIC_REPRESENTATION_CONTEXT() REPRESENTATION_CONTEXT('2D SPACE',''
  ) );
#3489 = PCURVE('',#3018,#3490);
#3490 = DEFINITIONAL_REPRESENTATION('',(#3491),#3495);
#3491 = LINE('',#3492,#3493);
#3492 = CARTESIAN_POINT('',(42.638121546961,16.));
#3493 = VECTOR('',#3494,1.);
#3494 = DIRECTION('',(-1.,0.));
#3495 = ( GEOMETRIC_REPRESENTATION_CONTEXT(2) 
PARAMETRIC_REPRESENTATION_CONTEXT() REPRESENTATION_CONTEXT('2D SPACE',''
  ) );
#3496 = ORIENTED_EDGE('',*,*,#3497,.F.);
#3497 = EDGE_CURVE('',#3498,#3475,#3500,.T.);
#3498 = VERTEX_POINT('',#3499);
#3499 = CARTESIAN_POINT('',(-38.,337.,0.));
#3500 = SURFACE_CURVE('',#3501,(#3506,#3513),.PCURVE_S1.);
#3501 = CIRCLE('',#3502,337.);
#3502 = AXIS2_PLACEMENT_3D('',#3503,#3504,#3505);
#3503 = CARTESIAN_POINT('',(-38.,0.,0.));
#3504 = DIRECTION('',(1.,0.,0.));
#3505 = DIRECTION('',(-0.,1.,0.));
#3506 = PCURVE('',#3437,#3507);
#3507 = DEFINITIONAL_REPRESENTATION('',(#3508),#3512);
#3508 = LINE('',#3509,#3510);
#3509 = CARTESIAN_POINT('',(-0.,76.));
#3510 = VECTOR('',#3511,1.);
#3511 = DIRECTION('',(-1.,0.));
#3512 = ( GEOMETRIC_REPRESENTATION_CONTEXT(2) 
PARAMETRIC_REPRESENTATION_CONTEXT() REPRESENTATION_CONTEXT('2D SPACE',''
  ) );
#3513 = PCURVE('',#2990,#3514);
#3514 = DEFINITIONAL_REPRESENTATION('',(#3515),#3519);
#3515 = CIRCLE('',#3516,337.);
#3516 = AXIS2_PLACEMENT_2D('',#3517,#3518);
#3517 = CARTESIAN_POINT('',(0.,0.));
#3518 = DIRECTION('',(1.,0.));
#3519 = ( GEOMETRIC_REPRESENTATION_CONTEXT(2) 
PARAMETRIC_REPRESENTATION_CONTEXT() REPRESENTATION_CONTEXT('2D SPACE',''
  ) );
#3520 = ORIENTED_EDGE('',*,*,#3521,.F.);
#3521 = EDGE_CURVE('',#3421,#3498,#3522,.T.);
#3522 = SURFACE_CURVE('',#3523,(#3527,#3534),.PCURVE_S1.);
#3523 = LINE('',#3524,#3525);
#3524 = CARTESIAN_POINT('',(38.,337.,0.));
#3525 = VECTOR('',#3526,1.);
#3526 = DIRECTION('',(-1.,0.,0.));
#3527 = PCURVE('',#3437,#3528);
#3528 = DEFINITIONAL_REPRESENTATION('',(#3529),#3533);
#3529 = LINE('',#3530,#3531);
#3530 = CARTESIAN_POINT('',(-0.,0.));
#3531 = VECTOR('',#3532,1.);
#3532 = DIRECTION('',(-0.,1.));
#3533 = ( GEOMETRIC_REPRESENTATION_CONTEXT(2) 
PARAMETRIC_REPRESENTATION_CONTEXT() REPRESENTATION_CONTEXT('2D SPACE',''
  ) );
#3534 = PCURVE('',#3073,#3535);
#3535 = DEFINITIONAL_REPRESENTATION('',(#3536),#3540);
#3536 = LINE('',#3537,#3538);
#3537 = CARTESIAN_POINT('',(42.638121546961,16.));
#3538 = VECTOR('',#3539,1.);
#3539 = DIRECTION('',(-1.,0.));
#3540 = ( GEOMETRIC_REPRESENTATION_CONTEXT(2) 
PARAMETRIC_REPRESENTATION_CONTEXT() REPRESENTATION_CONTEXT('2D SPACE',''
  ) );
#3541 = ADVANCED_FACE('',(#3542),#2990,.F.);
#3542 = FACE_BOUND('',#3543,.F.);
#3543 = EDGE_LOOP('',(#3544,#3545,#3566,#3567));
#3544 = ORIENTED_EDGE('',*,*,#3497,.T.);
#3545 = ORIENTED_EDGE('',*,*,#3546,.T.);
#3546 = EDGE_CURVE('',#3475,#2969,#3547,.T.);
#3547 = SURFACE_CURVE('',#3548,(#3552,#3559),.PCURVE_S1.);
#3548 = LINE('',#3549,#3550);
#3549 = CARTESIAN_POINT('',(-38.,3.741451592987E-14,337.));
#3550 = VECTOR('',#3551,1.);
#3551 = DIRECTION('',(0.,-1.110223024625E-16,-1.));
#3552 = PCURVE('',#2990,#3553);
#3553 = DEFINITIONAL_REPRESENTATION('',(#3554),#3558);
#3554 = LINE('',#3555,#3556);
#3555 = CARTESIAN_POINT('',(3.741451592987E-14,337.));
#3556 = VECTOR('',#3557,1.);
#3557 = DIRECTION('',(-1.110223024625E-16,-1.));
#3558 = ( GEOMETRIC_REPRESENTATION_CONTEXT(2) 
PARAMETRIC_REPRESENTATION_CONTEXT() REPRESENTATION_CONTEXT('2D SPACE',''
  ) );
#3559 = PCURVE('',#3018,#3560);
#3560 = DEFINITIONAL_REPRESENTATION('',(#3561),#3565);
#3561 = LINE('',#3562,#3563);
#3562 = CARTESIAN_POINT('',(-33.36187845303,16.));
#3563 = VECTOR('',#3564,1.);
#3564 = DIRECTION('',(0.,-1.));
#3565 = ( GEOMETRIC_REPRESENTATION_CONTEXT(2) 
PARAMETRIC_REPRESENTATION_CONTEXT() REPRESENTATION_CONTEXT('2D SPACE',''
  ) );
#3566 = ORIENTED_EDGE('',*,*,#2966,.F.);
#3567 = ORIENTED_EDGE('',*,*,#3568,.F.);
#3568 = EDGE_CURVE('',#3498,#2967,#3569,.T.);
#3569 = SURFACE_CURVE('',#3570,(#3574,#3581),.PCURVE_S1.);
#3570 = LINE('',#3571,#3572);
#3571 = CARTESIAN_POINT('',(-38.,337.,0.));
#3572 = VECTOR('',#3573,1.);
#3573 = DIRECTION('',(0.,-1.,0.));
#3574 = PCURVE('',#2990,#3575);
#3575 = DEFINITIONAL_REPRESENTATION('',(#3576),#3580);
#3576 = LINE('',#3577,#3578);
#3577 = CARTESIAN_POINT('',(337.,0.));
#3578 = VECTOR('',#3579,1.);
#3579 = DIRECTION('',(-1.,0.));
#3580 = ( GEOMETRIC_REPRESENTATION_CONTEXT(2) 
PARAMETRIC_REPRESENTATION_CONTEXT() REPRESENTATION_CONTEXT('2D SPACE',''
  ) );
#3581 = PCURVE('',#3073,#3582);
#3582 = DEFINITIONAL_REPRESENTATION('',(#3583),#3587);
#3583 = LINE('',#3584,#3585);
#3584 = CARTESIAN_POINT('',(-33.36187845303,16.));
#3585 = VECTOR('',#3586,1.);
#3586 = DIRECTION('',(0.,-1.));
#3587 = ( GEOMETRIC_REPRESENTATION_CONTEXT(2) 
PARAMETRIC_REPRESENTATION_CONTEXT() REPRESENTATION_CONTEXT('2D SPACE',''
  ) );
#3588 = ADVANCED_FACE('',(#3589),#3073,.F.);
#3589 = FACE_BOUND('',#3590,.F.);
#3590 = EDGE_LOOP('',(#3591,#3592,#3593,#3594,#3595,#3596,#3597,#3598));
#3591 = ORIENTED_EDGE('',*,*,#3059,.T.);
#3592 = ORIENTED_EDGE('',*,*,#3141,.T.);
#3593 = ORIENTED_EDGE('',*,*,#3218,.T.);
#3594 = ORIENTED_EDGE('',*,*,#3295,.T.);
#3595 = ORIENTED_EDGE('',*,*,#3372,.T.);
#3596 = ORIENTED_EDGE('',*,*,#3449,.T.);
#3597 = ORIENTED_EDGE('',*,*,#3521,.T.);
#3598 = ORIENTED_EDGE('',*,*,#3568,.T.);
#3599 = ADVANCED_FACE('',(#3600),#3018,.T.);
#3600 = FACE_BOUND('',#3601,.T.);
#3601 = EDGE_LOOP('',(#3602,#3603,#3604,#3605,#3606,#3607,#3608,#3609));
#3602 = ORIENTED_EDGE('',*,*,#3002,.T.);
#3603 = ORIENTED_EDGE('',*,*,#3089,.T.);
#3604 = ORIENTED_EDGE('',*,*,#3166,.T.);
#3605 = ORIENTED_EDGE('',*,*,#3243,.T.);
#3606 = ORIENTED_EDGE('',*,*,#3320,.T.);
#3607 = ORIENTED_EDGE('',*,*,#3397,.T.);
#3608 = ORIENTED_EDGE('',*,*,#3474,.T.);
#3609 = ORIENTED_EDGE('',*,*,#3546,.T.);
#3610 = ( GEOMETRIC_REPRESENTATION_CONTEXT(3) 
GLOBAL_UNCERTAINTY_ASSIGNED_CONTEXT((#3614)) 
GLOBAL_UNIT_ASSIGNED_CONTEXT((#3611,#3612,#3613)) REPRESENTATION_CONTEXT
('Context #1','3D Context with UNIT and UNCERTAINTY') );
#3611 = ( LENGTH_UNIT() NAMED_UNIT(*) SI_UNIT(.MILLI.,.METRE.) );
#3612 = ( NAMED_UNIT(*) PLANE_ANGLE_UNIT() SI_UNIT($,.RADIAN.) );
#3613 = ( NAMED_UNIT(*) SI_UNIT($,.STERADIAN.) SOLID_ANGLE_UNIT() );
#3614 = UNCERTAINTY_MEASURE_WITH_UNIT(LENGTH_MEASURE(1.E-07),#3611,
  'distance_accuracy_value','confusion accuracy');
#3615 = CONTEXT_DEPENDENT_SHAPE_REPRESENTATION(#3616,#3618);
#3616 = ( REPRESENTATION_RELATIONSHIP('','',#2959,#10) 
REPRESENTATION_RELATIONSHIP_WITH_TRANSFORMATION(#3617) 
SHAPE_REPRESENTATION_RELATIONSHIP() );
#3617 = ITEM_DEFINED_TRANSFORMATION('','',#11,#43);
#3618 = PRODUCT_DEFINITION_SHAPE('Placement','Placement of an item',
  #3619);
#3619 = NEXT_ASSEMBLY_USAGE_OCCURRENCE('19','','',#5,#2954,$);
#3620 = PRODUCT_RELATED_PRODUCT_CATEGORY('part',$,(#2956));
#3621 = SHAPE_DEFINITION_REPRESENTATION(#3622,#3628);
#3622 = PRODUCT_DEFINITION_SHAPE('','',#3623);
#3623 = PRODUCT_DEFINITION('design','',#3624,#3627);
#3624 = PRODUCT_DEFINITION_FORMATION('','',#3625);
#3625 = PRODUCT('Open CASCADE STEP translator 7.8 12.9',
  'Open CASCADE STEP translator 7.8 12.9','',(#3626));
#3626 = PRODUCT_CONTEXT('',#2,'mechanical');
#3627 = PRODUCT_DEFINITION_CONTEXT('part definition',#2,'design');
#3628 = ADVANCED_BREP_SHAPE_REPRESENTATION('',(#11,#3629),#4271);
#3629 = MANIFOLD_SOLID_BREP('',#3630);
#3630 = CLOSED_SHELL('',(#3631,#3751,#3827,#3903,#3979,#4055,#4131,#4202
    ,#4249,#4260));
#3631 = ADVANCED_FACE('',(#3632),#3646,.F.);
#3632 = FACE_BOUND('',#3633,.F.);
#3633 = EDGE_LOOP('',(#3634,#3669,#3697,#3725));
#3634 = ORIENTED_EDGE('',*,*,#3635,.T.);
#3635 = EDGE_CURVE('',#3636,#3638,#3640,.T.);
#3636 = VERTEX_POINT('',#3637);
#3637 = CARTESIAN_POINT('',(0.,0.,0.));
#3638 = VERTEX_POINT('',#3639);
#3639 = CARTESIAN_POINT('',(0.,0.,2.435E+03));
#3640 = SURFACE_CURVE('',#3641,(#3645,#3657),.PCURVE_S1.);
#3641 = LINE('',#3642,#3643);
#3642 = CARTESIAN_POINT('',(0.,0.,0.));
#3643 = VECTOR('',#3644,1.);
#3644 = DIRECTION('',(0.,0.,1.));
#3645 = PCURVE('',#3646,#3651);
#3646 = PLANE('',#3647);
#3647 = AXIS2_PLACEMENT_3D('',#3648,#3649,#3650);
#3648 = CARTESIAN_POINT('',(0.,0.,0.));
#3649 = DIRECTION('',(0.,1.,0.));
#3650 = DIRECTION('',(1.,0.,0.));
#3651 = DEFINITIONAL_REPRESENTATION('',(#3652),#3656);
#3652 = LINE('',#3653,#3654);
#3653 = CARTESIAN_POINT('',(0.,0.));
#3654 = VECTOR('',#3655,1.);
#3655 = DIRECTION('',(0.,-1.));
#3656 = ( GEOMETRIC_REPRESENTATION_CONTEXT(2) 
PARAMETRIC_REPRESENTATION_CONTEXT() REPRESENTATION_CONTEXT('2D SPACE',''
  ) );
#3657 = PCURVE('',#3658,#3663);
#3658 = PLANE('',#3659);
#3659 = AXIS2_PLACEMENT_3D('',#3660,#3661,#3662);
#3660 = CARTESIAN_POINT('',(0.,32.,0.));
#3661 = DIRECTION('',(1.,0.,-0.));
#3662 = DIRECTION('',(0.,-1.,0.));
#3663 = DEFINITIONAL_REPRESENTATION('',(#3664),#3668);
#3664 = LINE('',#3665,#3666);
#3665 = CARTESIAN_POINT('',(32.,0.));
#3666 = VECTOR('',#3667,1.);
#3667 = DIRECTION('',(0.,-1.));
#3668 = ( GEOMETRIC_REPRESENTATION_CONTEXT(2) 
PARAMETRIC_REPRESENTATION_CONTEXT() REPRESENTATION_CONTEXT('2D SPACE',''
  ) );
#3669 = ORIENTED_EDGE('',*,*,#3670,.T.);
#3670 = EDGE_CURVE('',#3638,#3671,#3673,.T.);
#3671 = VERTEX_POINT('',#3672);
#3672 = CARTESIAN_POINT('',(76.,0.,2.435E+03));
#3673 = SURFACE_CURVE('',#3674,(#3678,#3685),.PCURVE_S1.);
#3674 = LINE('',#3675,#3676);
#3675 = CARTESIAN_POINT('',(0.,0.,2.435E+03));
#3676 = VECTOR('',#3677,1.);
#3677 = DIRECTION('',(1.,0.,0.));
#3678 = PCURVE('',#3646,#3679);
#3679 = DEFINITIONAL_REPRESENTATION('',(#3680),#3684);
#3680 = LINE('',#3681,#3682);
#3681 = CARTESIAN_POINT('',(0.,-2.435E+03));
#3682 = VECTOR('',#3683,1.);
#3683 = DIRECTION('',(1.,0.));
#3684 = ( GEOMETRIC_REPRESENTATION_CONTEXT(2) 
PARAMETRIC_REPRESENTATION_CONTEXT() REPRESENTATION_CONTEXT('2D SPACE',''
  ) );
#3685 = PCURVE('',#3686,#3691);
#3686 = PLANE('',#3687);
#3687 = AXIS2_PLACEMENT_3D('',#3688,#3689,#3690);
#3688 = CARTESIAN_POINT('',(33.361878453039,16.,2.435E+03));
#3689 = DIRECTION('',(0.,0.,1.));
#3690 = DIRECTION('',(1.,0.,-0.));
#3691 = DEFINITIONAL_REPRESENTATION('',(#3692),#3696);
#3692 = LINE('',#3693,#3694);
#3693 = CARTESIAN_POINT('',(-33.36187845303,-16.));
#3694 = VECTOR('',#3695,1.);
#3695 = DIRECTION('',(1.,0.));
#3696 = ( GEOMETRIC_REPRESENTATION_CONTEXT(2) 
PARAMETRIC_REPRESENTATION_CONTEXT() REPRESENTATION_CONTEXT('2D SPACE',''
  ) );
#3697 = ORIENTED_EDGE('',*,*,#3698,.F.);
#3698 = EDGE_CURVE('',#3699,#3671,#3701,.T.);
#3699 = VERTEX_POINT('',#3700);
#3700 = CARTESIAN_POINT('',(76.,0.,0.));
#3701 = SURFACE_CURVE('',#3702,(#3706,#3713),.PCURVE_S1.);
#3702 = LINE('',#3703,#3704);
#3703 = CARTESIAN_POINT('',(76.,0.,0.));
#3704 = VECTOR('',#3705,1.);
#3705 = DIRECTION('',(0.,0.,1.));
#3706 = PCURVE('',#3646,#3707);
#3707 = DEFINITIONAL_REPRESENTATION('',(#3708),#3712);
#3708 = LINE('',#3709,#3710);
#3709 = CARTESIAN_POINT('',(76.,0.));
#3710 = VECTOR('',#3711,1.);
#3711 = DIRECTION('',(0.,-1.));
#3712 = ( GEOMETRIC_REPRESENTATION_CONTEXT(2) 
PARAMETRIC_REPRESENTATION_CONTEXT() REPRESENTATION_CONTEXT('2D SPACE',''
  ) );
#3713 = PCURVE('',#3714,#3719);
#3714 = PLANE('',#3715);
#3715 = AXIS2_PLACEMENT_3D('',#3716,#3717,#3718);
#3716 = CARTESIAN_POINT('',(76.,0.,0.));
#3717 = DIRECTION('',(-1.,0.,0.));
#3718 = DIRECTION('',(0.,1.,0.));
#3719 = DEFINITIONAL_REPRESENTATION('',(#3720),#3724);
#3720 = LINE('',#3721,#3722);
#3721 = CARTESIAN_POINT('',(0.,0.));
#3722 = VECTOR('',#3723,1.);
#3723 = DIRECTION('',(0.,-1.));
#3724 = ( GEOMETRIC_REPRESENTATION_CONTEXT(2) 
PARAMETRIC_REPRESENTATION_CONTEXT() REPRESENTATION_CONTEXT('2D SPACE',''
  ) );
#3725 = ORIENTED_EDGE('',*,*,#3726,.F.);
#3726 = EDGE_CURVE('',#3636,#3699,#3727,.T.);
#3727 = SURFACE_CURVE('',#3728,(#3732,#3739),.PCURVE_S1.);
#3728 = LINE('',#3729,#3730);
#3729 = CARTESIAN_POINT('',(0.,0.,0.));
#3730 = VECTOR('',#3731,1.);
#3731 = DIRECTION('',(1.,0.,0.));
#3732 = PCURVE('',#3646,#3733);
#3733 = DEFINITIONAL_REPRESENTATION('',(#3734),#3738);
#3734 = LINE('',#3735,#3736);
#3735 = CARTESIAN_POINT('',(0.,0.));
#3736 = VECTOR('',#3737,1.);
#3737 = DIRECTION('',(1.,0.));
#3738 = ( GEOMETRIC_REPRESENTATION_CONTEXT(2) 
PARAMETRIC_REPRESENTATION_CONTEXT() REPRESENTATION_CONTEXT('2D SPACE',''
  ) );
#3739 = PCURVE('',#3740,#3745);
#3740 = PLANE('',#3741);
#3741 = AXIS2_PLACEMENT_3D('',#3742,#3743,#3744);
#3742 = CARTESIAN_POINT('',(33.361878453039,16.,0.));
#3743 = DIRECTION('',(0.,0.,1.));
#3744 = DIRECTION('',(1.,0.,-0.));
#3745 = DEFINITIONAL_REPRESENTATION('',(#3746),#3750);
#3746 = LINE('',#3747,#3748);
#3747 = CARTESIAN_POINT('',(-33.36187845303,-16.));
#3748 = VECTOR('',#3749,1.);
#3749 = DIRECTION('',(1.,0.));
#3750 = ( GEOMETRIC_REPRESENTATION_CONTEXT(2) 
PARAMETRIC_REPRESENTATION_CONTEXT() REPRESENTATION_CONTEXT('2D SPACE',''
  ) );
#3751 = ADVANCED_FACE('',(#3752),#3714,.F.);
#3752 = FACE_BOUND('',#3753,.F.);
#3753 = EDGE_LOOP('',(#3754,#3755,#3778,#3806));
#3754 = ORIENTED_EDGE('',*,*,#3698,.T.);
#3755 = ORIENTED_EDGE('',*,*,#3756,.T.);
#3756 = EDGE_CURVE('',#3671,#3757,#3759,.T.);
#3757 = VERTEX_POINT('',#3758);
#3758 = CARTESIAN_POINT('',(76.,3.,2.435E+03));
#3759 = SURFACE_CURVE('',#3760,(#3764,#3771),.PCURVE_S1.);
#3760 = LINE('',#3761,#3762);
#3761 = CARTESIAN_POINT('',(76.,0.,2.435E+03));
#3762 = VECTOR('',#3763,1.);
#3763 = DIRECTION('',(0.,1.,0.));
#3764 = PCURVE('',#3714,#3765);
#3765 = DEFINITIONAL_REPRESENTATION('',(#3766),#3770);
#3766 = LINE('',#3767,#3768);
#3767 = CARTESIAN_POINT('',(0.,-2.435E+03));
#3768 = VECTOR('',#3769,1.);
#3769 = DIRECTION('',(1.,0.));
#3770 = ( GEOMETRIC_REPRESENTATION_CONTEXT(2) 
PARAMETRIC_REPRESENTATION_CONTEXT() REPRESENTATION_CONTEXT('2D SPACE',''
  ) );
#3771 = PCURVE('',#3686,#3772);
#3772 = DEFINITIONAL_REPRESENTATION('',(#3773),#3777);
#3773 = LINE('',#3774,#3775);
#3774 = CARTESIAN_POINT('',(42.638121546961,-16.));
#3775 = VECTOR('',#3776,1.);
#3776 = DIRECTION('',(0.,1.));
#3777 = ( GEOMETRIC_REPRESENTATION_CONTEXT(2) 
PARAMETRIC_REPRESENTATION_CONTEXT() REPRESENTATION_CONTEXT('2D SPACE',''
  ) );
#3778 = ORIENTED_EDGE('',*,*,#3779,.F.);
#3779 = EDGE_CURVE('',#3780,#3757,#3782,.T.);
#3780 = VERTEX_POINT('',#3781);
#3781 = CARTESIAN_POINT('',(76.,3.,0.));
#3782 = SURFACE_CURVE('',#3783,(#3787,#3794),.PCURVE_S1.);
#3783 = LINE('',#3784,#3785);
#3784 = CARTESIAN_POINT('',(76.,3.,0.));
#3785 = VECTOR('',#3786,1.);
#3786 = DIRECTION('',(0.,0.,1.));
#3787 = PCURVE('',#3714,#3788);
#3788 = DEFINITIONAL_REPRESENTATION('',(#3789),#3793);
#3789 = LINE('',#3790,#3791);
#3790 = CARTESIAN_POINT('',(3.,0.));
#3791 = VECTOR('',#3792,1.);
#3792 = DIRECTION('',(0.,-1.));
#3793 = ( GEOMETRIC_REPRESENTATION_CONTEXT(2) 
PARAMETRIC_REPRESENTATION_CONTEXT() REPRESENTATION_CONTEXT('2D SPACE',''
  ) );
#3794 = PCURVE('',#3795,#3800);
#3795 = PLANE('',#3796);
#3796 = AXIS2_PLACEMENT_3D('',#3797,#3798,#3799);
#3797 = CARTESIAN_POINT('',(76.,3.,0.));
#3798 = DIRECTION('',(0.,-1.,0.));
#3799 = DIRECTION('',(-1.,0.,0.));
#3800 = DEFINITIONAL_REPRESENTATION('',(#3801),#3805);
#3801 = LINE('',#3802,#3803);
#3802 = CARTESIAN_POINT('',(0.,-0.));
#3803 = VECTOR('',#3804,1.);
#3804 = DIRECTION('',(0.,-1.));
#3805 = ( GEOMETRIC_REPRESENTATION_CONTEXT(2) 
PARAMETRIC_REPRESENTATION_CONTEXT() REPRESENTATION_CONTEXT('2D SPACE',''
  ) );
#3806 = ORIENTED_EDGE('',*,*,#3807,.F.);
#3807 = EDGE_CURVE('',#3699,#3780,#3808,.T.);
#3808 = SURFACE_CURVE('',#3809,(#3813,#3820),.PCURVE_S1.);
#3809 = LINE('',#3810,#3811);
#3810 = CARTESIAN_POINT('',(76.,0.,0.));
#3811 = VECTOR('',#3812,1.);
#3812 = DIRECTION('',(0.,1.,0.));
#3813 = PCURVE('',#3714,#3814);
#3814 = DEFINITIONAL_REPRESENTATION('',(#3815),#3819);
#3815 = LINE('',#3816,#3817);
#3816 = CARTESIAN_POINT('',(0.,0.));
#3817 = VECTOR('',#3818,1.);
#3818 = DIRECTION('',(1.,0.));
#3819 = ( GEOMETRIC_REPRESENTATION_CONTEXT(2) 
PARAMETRIC_REPRESENTATION_CONTEXT() REPRESENTATION_CONTEXT('2D SPACE',''
  ) );
#3820 = PCURVE('',#3740,#3821);
#3821 = DEFINITIONAL_REPRESENTATION('',(#3822),#3826);
#3822 = LINE('',#3823,#3824);
#3823 = CARTESIAN_POINT('',(42.638121546961,-16.));
#3824 = VECTOR('',#3825,1.);
#3825 = DIRECTION('',(0.,1.));
#3826 = ( GEOMETRIC_REPRESENTATION_CONTEXT(2) 
PARAMETRIC_REPRESENTATION_CONTEXT() REPRESENTATION_CONTEXT('2D SPACE',''
  ) );
#3827 = ADVANCED_FACE('',(#3828),#3795,.F.);
#3828 = FACE_BOUND('',#3829,.F.);
#3829 = EDGE_LOOP('',(#3830,#3831,#3854,#3882));
#3830 = ORIENTED_EDGE('',*,*,#3779,.T.);
#3831 = ORIENTED_EDGE('',*,*,#3832,.T.);
#3832 = EDGE_CURVE('',#3757,#3833,#3835,.T.);
#3833 = VERTEX_POINT('',#3834);
#3834 = CARTESIAN_POINT('',(3.,3.,2.435E+03));
#3835 = SURFACE_CURVE('',#3836,(#3840,#3847),.PCURVE_S1.);
#3836 = LINE('',#3837,#3838);
#3837 = CARTESIAN_POINT('',(76.,3.,2.435E+03));
#3838 = VECTOR('',#3839,1.);
#3839 = DIRECTION('',(-1.,0.,0.));
#3840 = PCURVE('',#3795,#3841);
#3841 = DEFINITIONAL_REPRESENTATION('',(#3842),#3846);
#3842 = LINE('',#3843,#3844);
#3843 = CARTESIAN_POINT('',(0.,-2.435E+03));
#3844 = VECTOR('',#3845,1.);
#3845 = DIRECTION('',(1.,0.));
#3846 = ( GEOMETRIC_REPRESENTATION_CONTEXT(2) 
PARAMETRIC_REPRESENTATION_CONTEXT() REPRESENTATION_CONTEXT('2D SPACE',''
  ) );
#3847 = PCURVE('',#3686,#3848);
#3848 = DEFINITIONAL_REPRESENTATION('',(#3849),#3853);
#3849 = LINE('',#3850,#3851);
#3850 = CARTESIAN_POINT('',(42.638121546961,-13.));
#3851 = VECTOR('',#3852,1.);
#3852 = DIRECTION('',(-1.,0.));
#3853 = ( GEOMETRIC_REPRESENTATION_CONTEXT(2) 
PARAMETRIC_REPRESENTATION_CONTEXT() REPRESENTATION_CONTEXT('2D SPACE',''
  ) );
#3854 = ORIENTED_EDGE('',*,*,#3855,.F.);
#3855 = EDGE_CURVE('',#3856,#3833,#3858,.T.);
#3856 = VERTEX_POINT('',#3857);
#3857 = CARTESIAN_POINT('',(3.,3.,0.));
#3858 = SURFACE_CURVE('',#3859,(#3863,#3870),.PCURVE_S1.);
#3859 = LINE('',#3860,#3861);
#3860 = CARTESIAN_POINT('',(3.,3.,0.));
#3861 = VECTOR('',#3862,1.);
#3862 = DIRECTION('',(0.,0.,1.));
#3863 = PCURVE('',#3795,#3864);
#3864 = DEFINITIONAL_REPRESENTATION('',(#3865),#3869);
#3865 = LINE('',#3866,#3867);
#3866 = CARTESIAN_POINT('',(73.,0.));
#3867 = VECTOR('',#3868,1.);
#3868 = DIRECTION('',(0.,-1.));
#3869 = ( GEOMETRIC_REPRESENTATION_CONTEXT(2) 
PARAMETRIC_REPRESENTATION_CONTEXT() REPRESENTATION_CONTEXT('2D SPACE',''
  ) );
#3870 = PCURVE('',#3871,#3876);
#3871 = PLANE('',#3872);
#3872 = AXIS2_PLACEMENT_3D('',#3873,#3874,#3875);
#3873 = CARTESIAN_POINT('',(3.,3.,0.));
#3874 = DIRECTION('',(-1.,0.,0.));
#3875 = DIRECTION('',(0.,1.,0.));
#3876 = DEFINITIONAL_REPRESENTATION('',(#3877),#3881);
#3877 = LINE('',#3878,#3879);
#3878 = CARTESIAN_POINT('',(0.,0.));
#3879 = VECTOR('',#3880,1.);
#3880 = DIRECTION('',(0.,-1.));
#3881 = ( GEOMETRIC_REPRESENTATION_CONTEXT(2) 
PARAMETRIC_REPRESENTATION_CONTEXT() REPRESENTATION_CONTEXT('2D SPACE',''
  ) );
#3882 = ORIENTED_EDGE('',*,*,#3883,.F.);
#3883 = EDGE_CURVE('',#3780,#3856,#3884,.T.);
#3884 = SURFACE_CURVE('',#3885,(#3889,#3896),.PCURVE_S1.);
#3885 = LINE('',#3886,#3887);
#3886 = CARTESIAN_POINT('',(76.,3.,0.));
#3887 = VECTOR('',#3888,1.);
#3888 = DIRECTION('',(-1.,0.,0.));
#3889 = PCURVE('',#3795,#3890);
#3890 = DEFINITIONAL_REPRESENTATION('',(#3891),#3895);
#3891 = LINE('',#3892,#3893);
#3892 = CARTESIAN_POINT('',(0.,-0.));
#3893 = VECTOR('',#3894,1.);
#3894 = DIRECTION('',(1.,0.));
#3895 = ( GEOMETRIC_REPRESENTATION_CONTEXT(2) 
PARAMETRIC_REPRESENTATION_CONTEXT() REPRESENTATION_CONTEXT('2D SPACE',''
  ) );
#3896 = PCURVE('',#3740,#3897);
#3897 = DEFINITIONAL_REPRESENTATION('',(#3898),#3902);
#3898 = LINE('',#3899,#3900);
#3899 = CARTESIAN_POINT('',(42.638121546961,-13.));
#3900 = VECTOR('',#3901,1.);
#3901 = DIRECTION('',(-1.,0.));
#3902 = ( GEOMETRIC_REPRESENTATION_CONTEXT(2) 
PARAMETRIC_REPRESENTATION_CONTEXT() REPRESENTATION_CONTEXT('2D SPACE',''
  ) );
#3903 = ADVANCED_FACE('',(#3904),#3871,.F.);
#3904 = FACE_BOUND('',#3905,.F.);
#3905 = EDGE_LOOP('',(#3906,#3907,#3930,#3958));
#3906 = ORIENTED_EDGE('',*,*,#3855,.T.);
#3907 = ORIENTED_EDGE('',*,*,#3908,.T.);
#3908 = EDGE_CURVE('',#3833,#3909,#3911,.T.);
#3909 = VERTEX_POINT('',#3910);
#3910 = CARTESIAN_POINT('',(3.,29.,2.435E+03));
#3911 = SURFACE_CURVE('',#3912,(#3916,#3923),.PCURVE_S1.);
#3912 = LINE('',#3913,#3914);
#3913 = CARTESIAN_POINT('',(3.,3.,2.435E+03));
#3914 = VECTOR('',#3915,1.);
#3915 = DIRECTION('',(0.,1.,0.));
#3916 = PCURVE('',#3871,#3917);
#3917 = DEFINITIONAL_REPRESENTATION('',(#3918),#3922);
#3918 = LINE('',#3919,#3920);
#3919 = CARTESIAN_POINT('',(0.,-2.435E+03));
#3920 = VECTOR('',#3921,1.);
#3921 = DIRECTION('',(1.,0.));
#3922 = ( GEOMETRIC_REPRESENTATION_CONTEXT(2) 
PARAMETRIC_REPRESENTATION_CONTEXT() REPRESENTATION_CONTEXT('2D SPACE',''
  ) );
#3923 = PCURVE('',#3686,#3924);
#3924 = DEFINITIONAL_REPRESENTATION('',(#3925),#3929);
#3925 = LINE('',#3926,#3927);
#3926 = CARTESIAN_POINT('',(-30.36187845303,-13.));
#3927 = VECTOR('',#3928,1.);
#3928 = DIRECTION('',(0.,1.));
#3929 = ( GEOMETRIC_REPRESENTATION_CONTEXT(2) 
PARAMETRIC_REPRESENTATION_CONTEXT() REPRESENTATION_CONTEXT('2D SPACE',''
  ) );
#3930 = ORIENTED_EDGE('',*,*,#3931,.F.);
#3931 = EDGE_CURVE('',#3932,#3909,#3934,.T.);
#3932 = VERTEX_POINT('',#3933);
#3933 = CARTESIAN_POINT('',(3.,29.,0.));
#3934 = SURFACE_CURVE('',#3935,(#3939,#3946),.PCURVE_S1.);
#3935 = LINE('',#3936,#3937);
#3936 = CARTESIAN_POINT('',(3.,29.,0.));
#3937 = VECTOR('',#3938,1.);
#3938 = DIRECTION('',(0.,0.,1.));
#3939 = PCURVE('',#3871,#3940);
#3940 = DEFINITIONAL_REPRESENTATION('',(#3941),#3945);
#3941 = LINE('',#3942,#3943);
#3942 = CARTESIAN_POINT('',(26.,0.));
#3943 = VECTOR('',#3944,1.);
#3944 = DIRECTION('',(0.,-1.));
#3945 = ( GEOMETRIC_REPRESENTATION_CONTEXT(2) 
PARAMETRIC_REPRESENTATION_CONTEXT() REPRESENTATION_CONTEXT('2D SPACE',''
  ) );
#3946 = PCURVE('',#3947,#3952);
#3947 = PLANE('',#3948);
#3948 = AXIS2_PLACEMENT_3D('',#3949,#3950,#3951);
#3949 = CARTESIAN_POINT('',(3.,29.,0.));
#3950 = DIRECTION('',(0.,1.,0.));
#3951 = DIRECTION('',(1.,0.,0.));
#3952 = DEFINITIONAL_REPRESENTATION('',(#3953),#3957);
#3953 = LINE('',#3954,#3955);
#3954 = CARTESIAN_POINT('',(0.,0.));
#3955 = VECTOR('',#3956,1.);
#3956 = DIRECTION('',(0.,-1.));
#3957 = ( GEOMETRIC_REPRESENTATION_CONTEXT(2) 
PARAMETRIC_REPRESENTATION_CONTEXT() REPRESENTATION_CONTEXT('2D SPACE',''
  ) );
#3958 = ORIENTED_EDGE('',*,*,#3959,.F.);
#3959 = EDGE_CURVE('',#3856,#3932,#3960,.T.);
#3960 = SURFACE_CURVE('',#3961,(#3965,#3972),.PCURVE_S1.);
#3961 = LINE('',#3962,#3963);
#3962 = CARTESIAN_POINT('',(3.,3.,0.));
#3963 = VECTOR('',#3964,1.);
#3964 = DIRECTION('',(0.,1.,0.));
#3965 = PCURVE('',#3871,#3966);
#3966 = DEFINITIONAL_REPRESENTATION('',(#3967),#3971);
#3967 = LINE('',#3968,#3969);
#3968 = CARTESIAN_POINT('',(0.,0.));
#3969 = VECTOR('',#3970,1.);
#3970 = DIRECTION('',(1.,0.));
#3971 = ( GEOMETRIC_REPRESENTATION_CONTEXT(2) 
PARAMETRIC_REPRESENTATION_CONTEXT() REPRESENTATION_CONTEXT('2D SPACE',''
  ) );
#3972 = PCURVE('',#3740,#3973);
#3973 = DEFINITIONAL_REPRESENTATION('',(#3974),#3978);
#3974 = LINE('',#3975,#3976);
#3975 = CARTESIAN_POINT('',(-30.36187845303,-13.));
#3976 = VECTOR('',#3977,1.);
#3977 = DIRECTION('',(0.,1.));
#3978 = ( GEOMETRIC_REPRESENTATION_CONTEXT(2) 
PARAMETRIC_REPRESENTATION_CONTEXT() REPRESENTATION_CONTEXT('2D SPACE',''
  ) );
#3979 = ADVANCED_FACE('',(#3980),#3947,.F.);
#3980 = FACE_BOUND('',#3981,.F.);
#3981 = EDGE_LOOP('',(#3982,#3983,#4006,#4034));
#3982 = ORIENTED_EDGE('',*,*,#3931,.T.);
#3983 = ORIENTED_EDGE('',*,*,#3984,.T.);
#3984 = EDGE_CURVE('',#3909,#3985,#3987,.T.);
#3985 = VERTEX_POINT('',#3986);
#3986 = CARTESIAN_POINT('',(76.,29.,2.435E+03));
#3987 = SURFACE_CURVE('',#3988,(#3992,#3999),.PCURVE_S1.);
#3988 = LINE('',#3989,#3990);
#3989 = CARTESIAN_POINT('',(3.,29.,2.435E+03));
#3990 = VECTOR('',#3991,1.);
#3991 = DIRECTION('',(1.,0.,0.));
#3992 = PCURVE('',#3947,#3993);
#3993 = DEFINITIONAL_REPRESENTATION('',(#3994),#3998);
#3994 = LINE('',#3995,#3996);
#3995 = CARTESIAN_POINT('',(0.,-2.435E+03));
#3996 = VECTOR('',#3997,1.);
#3997 = DIRECTION('',(1.,0.));
#3998 = ( GEOMETRIC_REPRESENTATION_CONTEXT(2) 
PARAMETRIC_REPRESENTATION_CONTEXT() REPRESENTATION_CONTEXT('2D SPACE',''
  ) );
#3999 = PCURVE('',#3686,#4000);
#4000 = DEFINITIONAL_REPRESENTATION('',(#4001),#4005);
#4001 = LINE('',#4002,#4003);
#4002 = CARTESIAN_POINT('',(-30.36187845303,13.));
#4003 = VECTOR('',#4004,1.);
#4004 = DIRECTION('',(1.,0.));
#4005 = ( GEOMETRIC_REPRESENTATION_CONTEXT(2) 
PARAMETRIC_REPRESENTATION_CONTEXT() REPRESENTATION_CONTEXT('2D SPACE',''
  ) );
#4006 = ORIENTED_EDGE('',*,*,#4007,.F.);
#4007 = EDGE_CURVE('',#4008,#3985,#4010,.T.);
#4008 = VERTEX_POINT('',#4009);
#4009 = CARTESIAN_POINT('',(76.,29.,0.));
#4010 = SURFACE_CURVE('',#4011,(#4015,#4022),.PCURVE_S1.);
#4011 = LINE('',#4012,#4013);
#4012 = CARTESIAN_POINT('',(76.,29.,0.));
#4013 = VECTOR('',#4014,1.);
#4014 = DIRECTION('',(0.,0.,1.));
#4015 = PCURVE('',#3947,#4016);
#4016 = DEFINITIONAL_REPRESENTATION('',(#4017),#4021);
#4017 = LINE('',#4018,#4019);
#4018 = CARTESIAN_POINT('',(73.,0.));
#4019 = VECTOR('',#4020,1.);
#4020 = DIRECTION('',(0.,-1.));
#4021 = ( GEOMETRIC_REPRESENTATION_CONTEXT(2) 
PARAMETRIC_REPRESENTATION_CONTEXT() REPRESENTATION_CONTEXT('2D SPACE',''
  ) );
#4022 = PCURVE('',#4023,#4028);
#4023 = PLANE('',#4024);
#4024 = AXIS2_PLACEMENT_3D('',#4025,#4026,#4027);
#4025 = CARTESIAN_POINT('',(76.,29.,0.));
#4026 = DIRECTION('',(-1.,0.,0.));
#4027 = DIRECTION('',(0.,1.,0.));
#4028 = DEFINITIONAL_REPRESENTATION('',(#4029),#4033);
#4029 = LINE('',#4030,#4031);
#4030 = CARTESIAN_POINT('',(0.,0.));
#4031 = VECTOR('',#4032,1.);
#4032 = DIRECTION('',(0.,-1.));
#4033 = ( GEOMETRIC_REPRESENTATION_CONTEXT(2) 
PARAMETRIC_REPRESENTATION_CONTEXT() REPRESENTATION_CONTEXT('2D SPACE',''
  ) );
#4034 = ORIENTED_EDGE('',*,*,#4035,.F.);
#4035 = EDGE_CURVE('',#3932,#4008,#4036,.T.);
#4036 = SURFACE_CURVE('',#4037,(#4041,#4048),.PCURVE_S1.);
#4037 = LINE('',#4038,#4039);
#4038 = CARTESIAN_POINT('',(3.,29.,0.));
#4039 = VECTOR('',#4040,1.);
#4040 = DIRECTION('',(1.,0.,0.));
#4041 = PCURVE('',#3947,#4042);
#4042 = DEFINITIONAL_REPRESENTATION('',(#4043),#4047);
#4043 = LINE('',#4044,#4045);
#4044 = CARTESIAN_POINT('',(0.,0.));
#4045 = VECTOR('',#4046,1.);
#4046 = DIRECTION('',(1.,0.));
#4047 = ( GEOMETRIC_REPRESENTATION_CONTEXT(2) 
PARAMETRIC_REPRESENTATION_CONTEXT() REPRESENTATION_CONTEXT('2D SPACE',''
  ) );
#4048 = PCURVE('',#3740,#4049);
#4049 = DEFINITIONAL_REPRESENTATION('',(#4050),#4054);
#4050 = LINE('',#4051,#4052);
#4051 = CARTESIAN_POINT('',(-30.36187845303,13.));
#4052 = VECTOR('',#4053,1.);
#4053 = DIRECTION('',(1.,0.));
#4054 = ( GEOMETRIC_REPRESENTATION_CONTEXT(2) 
PARAMETRIC_REPRESENTATION_CONTEXT() REPRESENTATION_CONTEXT('2D SPACE',''
  ) );
#4055 = ADVANCED_FACE('',(#4056),#4023,.F.);
#4056 = FACE_BOUND('',#4057,.F.);
#4057 = EDGE_LOOP('',(#4058,#4059,#4082,#4110));
#4058 = ORIENTED_EDGE('',*,*,#4007,.T.);
#4059 = ORIENTED_EDGE('',*,*,#4060,.T.);
#4060 = EDGE_CURVE('',#3985,#4061,#4063,.T.);
#4061 = VERTEX_POINT('',#4062);
#4062 = CARTESIAN_POINT('',(76.,32.,2.435E+03));
#4063 = SURFACE_CURVE('',#4064,(#4068,#4075),.PCURVE_S1.);
#4064 = LINE('',#4065,#4066);
#4065 = CARTESIAN_POINT('',(76.,29.,2.435E+03));
#4066 = VECTOR('',#4067,1.);
#4067 = DIRECTION('',(0.,1.,0.));
#4068 = PCURVE('',#4023,#4069);
#4069 = DEFINITIONAL_REPRESENTATION('',(#4070),#4074);
#4070 = LINE('',#4071,#4072);
#4071 = CARTESIAN_POINT('',(0.,-2.435E+03));
#4072 = VECTOR('',#4073,1.);
#4073 = DIRECTION('',(1.,0.));
#4074 = ( GEOMETRIC_REPRESENTATION_CONTEXT(2) 
PARAMETRIC_REPRESENTATION_CONTEXT() REPRESENTATION_CONTEXT('2D SPACE',''
  ) );
#4075 = PCURVE('',#3686,#4076);
#4076 = DEFINITIONAL_REPRESENTATION('',(#4077),#4081);
#4077 = LINE('',#4078,#4079);
#4078 = CARTESIAN_POINT('',(42.638121546961,13.));
#4079 = VECTOR('',#4080,1.);
#4080 = DIRECTION('',(0.,1.));
#4081 = ( GEOMETRIC_REPRESENTATION_CONTEXT(2) 
PARAMETRIC_REPRESENTATION_CONTEXT() REPRESENTATION_CONTEXT('2D SPACE',''
  ) );
#4082 = ORIENTED_EDGE('',*,*,#4083,.F.);
#4083 = EDGE_CURVE('',#4084,#4061,#4086,.T.);
#4084 = VERTEX_POINT('',#4085);
#4085 = CARTESIAN_POINT('',(76.,32.,0.));
#4086 = SURFACE_CURVE('',#4087,(#4091,#4098),.PCURVE_S1.);
#4087 = LINE('',#4088,#4089);
#4088 = CARTESIAN_POINT('',(76.,32.,0.));
#4089 = VECTOR('',#4090,1.);
#4090 = DIRECTION('',(0.,0.,1.));
#4091 = PCURVE('',#4023,#4092);
#4092 = DEFINITIONAL_REPRESENTATION('',(#4093),#4097);
#4093 = LINE('',#4094,#4095);
#4094 = CARTESIAN_POINT('',(3.,0.));
#4095 = VECTOR('',#4096,1.);
#4096 = DIRECTION('',(0.,-1.));
#4097 = ( GEOMETRIC_REPRESENTATION_CONTEXT(2) 
PARAMETRIC_REPRESENTATION_CONTEXT() REPRESENTATION_CONTEXT('2D SPACE',''
  ) );
#4098 = PCURVE('',#4099,#4104);
#4099 = PLANE('',#4100);
#4100 = AXIS2_PLACEMENT_3D('',#4101,#4102,#4103);
#4101 = CARTESIAN_POINT('',(76.,32.,0.));
#4102 = DIRECTION('',(0.,-1.,0.));
#4103 = DIRECTION('',(-1.,0.,0.));
#4104 = DEFINITIONAL_REPRESENTATION('',(#4105),#4109);
#4105 = LINE('',#4106,#4107);
#4106 = CARTESIAN_POINT('',(0.,-0.));
#4107 = VECTOR('',#4108,1.);
#4108 = DIRECTION('',(0.,-1.));
#4109 = ( GEOMETRIC_REPRESENTATION_CONTEXT(2) 
PARAMETRIC_REPRESENTATION_CONTEXT() REPRESENTATION_CONTEXT('2D SPACE',''
  ) );
#4110 = ORIENTED_EDGE('',*,*,#4111,.F.);
#4111 = EDGE_CURVE('',#4008,#4084,#4112,.T.);
#4112 = SURFACE_CURVE('',#4113,(#4117,#4124),.PCURVE_S1.);
#4113 = LINE('',#4114,#4115);
#4114 = CARTESIAN_POINT('',(76.,29.,0.));
#4115 = VECTOR('',#4116,1.);
#4116 = DIRECTION('',(0.,1.,0.));
#4117 = PCURVE('',#4023,#4118);
#4118 = DEFINITIONAL_REPRESENTATION('',(#4119),#4123);
#4119 = LINE('',#4120,#4121);
#4120 = CARTESIAN_POINT('',(0.,0.));
#4121 = VECTOR('',#4122,1.);
#4122 = DIRECTION('',(1.,0.));
#4123 = ( GEOMETRIC_REPRESENTATION_CONTEXT(2) 
PARAMETRIC_REPRESENTATION_CONTEXT() REPRESENTATION_CONTEXT('2D SPACE',''
  ) );
#4124 = PCURVE('',#3740,#4125);
#4125 = DEFINITIONAL_REPRESENTATION('',(#4126),#4130);
#4126 = LINE('',#4127,#4128);
#4127 = CARTESIAN_POINT('',(42.638121546961,13.));
#4128 = VECTOR('',#4129,1.);
#4129 = DIRECTION('',(0.,1.));
#4130 = ( GEOMETRIC_REPRESENTATION_CONTEXT(2) 
PARAMETRIC_REPRESENTATION_CONTEXT() REPRESENTATION_CONTEXT('2D SPACE',''
  ) );
#4131 = ADVANCED_FACE('',(#4132),#4099,.F.);
#4132 = FACE_BOUND('',#4133,.F.);
#4133 = EDGE_LOOP('',(#4134,#4135,#4158,#4181));
#4134 = ORIENTED_EDGE('',*,*,#4083,.T.);
#4135 = ORIENTED_EDGE('',*,*,#4136,.T.);
#4136 = EDGE_CURVE('',#4061,#4137,#4139,.T.);
#4137 = VERTEX_POINT('',#4138);
#4138 = CARTESIAN_POINT('',(0.,32.,2.435E+03));
#4139 = SURFACE_CURVE('',#4140,(#4144,#4151),.PCURVE_S1.);
#4140 = LINE('',#4141,#4142);
#4141 = CARTESIAN_POINT('',(76.,32.,2.435E+03));
#4142 = VECTOR('',#4143,1.);
#4143 = DIRECTION('',(-1.,0.,0.));
#4144 = PCURVE('',#4099,#4145);
#4145 = DEFINITIONAL_REPRESENTATION('',(#4146),#4150);
#4146 = LINE('',#4147,#4148);
#4147 = CARTESIAN_POINT('',(0.,-2.435E+03));
#4148 = VECTOR('',#4149,1.);
#4149 = DIRECTION('',(1.,0.));
#4150 = ( GEOMETRIC_REPRESENTATION_CONTEXT(2) 
PARAMETRIC_REPRESENTATION_CONTEXT() REPRESENTATION_CONTEXT('2D SPACE',''
  ) );
#4151 = PCURVE('',#3686,#4152);
#4152 = DEFINITIONAL_REPRESENTATION('',(#4153),#4157);
#4153 = LINE('',#4154,#4155);
#4154 = CARTESIAN_POINT('',(42.638121546961,16.));
#4155 = VECTOR('',#4156,1.);
#4156 = DIRECTION('',(-1.,0.));
#4157 = ( GEOMETRIC_REPRESENTATION_CONTEXT(2) 
PARAMETRIC_REPRESENTATION_CONTEXT() REPRESENTATION_CONTEXT('2D SPACE',''
  ) );
#4158 = ORIENTED_EDGE('',*,*,#4159,.F.);
#4159 = EDGE_CURVE('',#4160,#4137,#4162,.T.);
#4160 = VERTEX_POINT('',#4161);
#4161 = CARTESIAN_POINT('',(0.,32.,0.));
#4162 = SURFACE_CURVE('',#4163,(#4167,#4174),.PCURVE_S1.);
#4163 = LINE('',#4164,#4165);
#4164 = CARTESIAN_POINT('',(0.,32.,0.));
#4165 = VECTOR('',#4166,1.);
#4166 = DIRECTION('',(0.,0.,1.));
#4167 = PCURVE('',#4099,#4168);
#4168 = DEFINITIONAL_REPRESENTATION('',(#4169),#4173);
#4169 = LINE('',#4170,#4171);
#4170 = CARTESIAN_POINT('',(76.,0.));
#4171 = VECTOR('',#4172,1.);
#4172 = DIRECTION('',(0.,-1.));
#4173 = ( GEOMETRIC_REPRESENTATION_CONTEXT(2) 
PARAMETRIC_REPRESENTATION_CONTEXT() REPRESENTATION_CONTEXT('2D SPACE',''
  ) );
#4174 = PCURVE('',#3658,#4175);
#4175 = DEFINITIONAL_REPRESENTATION('',(#4176),#4180);
#4176 = LINE('',#4177,#4178);
#4177 = CARTESIAN_POINT('',(0.,0.));
#4178 = VECTOR('',#4179,1.);
#4179 = DIRECTION('',(0.,-1.));
#4180 = ( GEOMETRIC_REPRESENTATION_CONTEXT(2) 
PARAMETRIC_REPRESENTATION_CONTEXT() REPRESENTATION_CONTEXT('2D SPACE',''
  ) );
#4181 = ORIENTED_EDGE('',*,*,#4182,.F.);
#4182 = EDGE_CURVE('',#4084,#4160,#4183,.T.);
#4183 = SURFACE_CURVE('',#4184,(#4188,#4195),.PCURVE_S1.);
#4184 = LINE('',#4185,#4186);
#4185 = CARTESIAN_POINT('',(76.,32.,0.));
#4186 = VECTOR('',#4187,1.);
#4187 = DIRECTION('',(-1.,0.,0.));
#4188 = PCURVE('',#4099,#4189);
#4189 = DEFINITIONAL_REPRESENTATION('',(#4190),#4194);
#4190 = LINE('',#4191,#4192);
#4191 = CARTESIAN_POINT('',(0.,-0.));
#4192 = VECTOR('',#4193,1.);
#4193 = DIRECTION('',(1.,0.));
#4194 = ( GEOMETRIC_REPRESENTATION_CONTEXT(2) 
PARAMETRIC_REPRESENTATION_CONTEXT() REPRESENTATION_CONTEXT('2D SPACE',''
  ) );
#4195 = PCURVE('',#3740,#4196);
#4196 = DEFINITIONAL_REPRESENTATION('',(#4197),#4201);
#4197 = LINE('',#4198,#4199);
#4198 = CARTESIAN_POINT('',(42.638121546961,16.));
#4199 = VECTOR('',#4200,1.);
#4200 = DIRECTION('',(-1.,0.));
#4201 = ( GEOMETRIC_REPRESENTATION_CONTEXT(2) 
PARAMETRIC_REPRESENTATION_CONTEXT() REPRESENTATION_CONTEXT('2D SPACE',''
  ) );
#4202 = ADVANCED_FACE('',(#4203),#3658,.F.);
#4203 = FACE_BOUND('',#4204,.F.);
#4204 = EDGE_LOOP('',(#4205,#4206,#4227,#4228));
#4205 = ORIENTED_EDGE('',*,*,#4159,.T.);
#4206 = ORIENTED_EDGE('',*,*,#4207,.T.);
#4207 = EDGE_CURVE('',#4137,#3638,#4208,.T.);
#4208 = SURFACE_CURVE('',#4209,(#4213,#4220),.PCURVE_S1.);
#4209 = LINE('',#4210,#4211);
#4210 = CARTESIAN_POINT('',(0.,32.,2.435E+03));
#4211 = VECTOR('',#4212,1.);
#4212 = DIRECTION('',(0.,-1.,0.));
#4213 = PCURVE('',#3658,#4214);
#4214 = DEFINITIONAL_REPRESENTATION('',(#4215),#4219);
#4215 = LINE('',#4216,#4217);
#4216 = CARTESIAN_POINT('',(0.,-2.435E+03));
#4217 = VECTOR('',#4218,1.);
#4218 = DIRECTION('',(1.,0.));
#4219 = ( GEOMETRIC_REPRESENTATION_CONTEXT(2) 
PARAMETRIC_REPRESENTATION_CONTEXT() REPRESENTATION_CONTEXT('2D SPACE',''
  ) );
#4220 = PCURVE('',#3686,#4221);
#4221 = DEFINITIONAL_REPRESENTATION('',(#4222),#4226);
#4222 = LINE('',#4223,#4224);
#4223 = CARTESIAN_POINT('',(-33.36187845303,16.));
#4224 = VECTOR('',#4225,1.);
#4225 = DIRECTION('',(0.,-1.));
#4226 = ( GEOMETRIC_REPRESENTATION_CONTEXT(2) 
PARAMETRIC_REPRESENTATION_CONTEXT() REPRESENTATION_CONTEXT('2D SPACE',''
  ) );
#4227 = ORIENTED_EDGE('',*,*,#3635,.F.);
#4228 = ORIENTED_EDGE('',*,*,#4229,.F.);
#4229 = EDGE_CURVE('',#4160,#3636,#4230,.T.);
#4230 = SURFACE_CURVE('',#4231,(#4235,#4242),.PCURVE_S1.);
#4231 = LINE('',#4232,#4233);
#4232 = CARTESIAN_POINT('',(0.,32.,0.));
#4233 = VECTOR('',#4234,1.);
#4234 = DIRECTION('',(0.,-1.,0.));
#4235 = PCURVE('',#3658,#4236);
#4236 = DEFINITIONAL_REPRESENTATION('',(#4237),#4241);
#4237 = LINE('',#4238,#4239);
#4238 = CARTESIAN_POINT('',(0.,0.));
#4239 = VECTOR('',#4240,1.);
#4240 = DIRECTION('',(1.,0.));
#4241 = ( GEOMETRIC_REPRESENTATION_CONTEXT(2) 
PARAMETRIC_REPRESENTATION_CONTEXT() REPRESENTATION_CONTEXT('2D SPACE',''
  ) );
#4242 = PCURVE('',#3740,#4243);
#4243 = DEFINITIONAL_REPRESENTATION('',(#4244),#4248);
#4244 = LINE('',#4245,#4246);
#4245 = CARTESIAN_POINT('',(-33.36187845303,16.));
#4246 = VECTOR('',#4247,1.);
#4247 = DIRECTION('',(0.,-1.));
#4248 = ( GEOMETRIC_REPRESENTATION_CONTEXT(2) 
PARAMETRIC_REPRESENTATION_CONTEXT() REPRESENTATION_CONTEXT('2D SPACE',''
  ) );
#4249 = ADVANCED_FACE('',(#4250),#3740,.F.);
#4250 = FACE_BOUND('',#4251,.F.);
#4251 = EDGE_LOOP('',(#4252,#4253,#4254,#4255,#4256,#4257,#4258,#4259));
#4252 = ORIENTED_EDGE('',*,*,#3726,.T.);
#4253 = ORIENTED_EDGE('',*,*,#3807,.T.);
#4254 = ORIENTED_EDGE('',*,*,#3883,.T.);
#4255 = ORIENTED_EDGE('',*,*,#3959,.T.);
#4256 = ORIENTED_EDGE('',*,*,#4035,.T.);
#4257 = ORIENTED_EDGE('',*,*,#4111,.T.);
#4258 = ORIENTED_EDGE('',*,*,#4182,.T.);
#4259 = ORIENTED_EDGE('',*,*,#4229,.T.);
#4260 = ADVANCED_FACE('',(#4261),#3686,.T.);
#4261 = FACE_BOUND('',#4262,.T.);
#4262 = EDGE_LOOP('',(#4263,#4264,#4265,#4266,#4267,#4268,#4269,#4270));
#4263 = ORIENTED_EDGE('',*,*,#3670,.T.);
#4264 = ORIENTED_EDGE('',*,*,#3756,.T.);
#4265 = ORIENTED_EDGE('',*,*,#3832,.T.);
#4266 = ORIENTED_EDGE('',*,*,#3908,.T.);
#4267 = ORIENTED_EDGE('',*,*,#3984,.T.);
#4268 = ORIENTED_EDGE('',*,*,#4060,.T.);
#4269 = ORIENTED_EDGE('',*,*,#4136,.T.);
#4270 = ORIENTED_EDGE('',*,*,#4207,.T.);
#4271 = ( GEOMETRIC_REPRESENTATION_CONTEXT(3) 
GLOBAL_UNCERTAINTY_ASSIGNED_CONTEXT((#4275)) 
GLOBAL_UNIT_ASSIGNED_CONTEXT((#4272,#4273,#4274)) REPRESENTATION_CONTEXT
('Context #1','3D Context with UNIT and UNCERTAINTY') );
#4272 = ( LENGTH_UNIT() NAMED_UNIT(*) SI_UNIT(.MILLI.,.METRE.) );
#4273 = ( NAMED_UNIT(*) PLANE_ANGLE_UNIT() SI_UNIT($,.RADIAN.) );
#4274 = ( NAMED_UNIT(*) SI_UNIT($,.STERADIAN.) SOLID_ANGLE_UNIT() );
#4275 = UNCERTAINTY_MEASURE_WITH_UNIT(LENGTH_MEASURE(1.E-07),#4272,
  'distance_accuracy_value','confusion accuracy');
#4276 = CONTEXT_DEPENDENT_SHAPE_REPRESENTATION(#4277,#4279);
#4277 = ( REPRESENTATION_RELATIONSHIP('','',#3628,#10) 
REPRESENTATION_RELATIONSHIP_WITH_TRANSFORMATION(#4278) 
SHAPE_REPRESENTATION_RELATIONSHIP() );
#4278 = ITEM_DEFINED_TRANSFORMATION('','',#11,#47);
#4279 = PRODUCT_DEFINITION_SHAPE('Placement','Placement of an item',
  #4280);
#4280 = NEXT_ASSEMBLY_USAGE_OCCURRENCE('20','','',#5,#3623,$);
#4281 = PRODUCT_RELATED_PRODUCT_CATEGORY('part',$,(#3625));
#4282 = SHAPE_DEFINITION_REPRESENTATION(#4283,#4289);
#4283 = PRODUCT_DEFINITION_SHAPE('','',#4284);
#4284 = PRODUCT_DEFINITION('design','',#4285,#4288);
#4285 = PRODUCT_DEFINITION_FORMATION('','',#4286);
#4286 = PRODUCT('Open CASCADE STEP translator 7.8 12.10',
  'Open CASCADE STEP translator 7.8 12.10','',(#4287));
#4287 = PRODUCT_CONTEXT('',#2,'mechanical');
#4288 = PRODUCT_DEFINITION_CONTEXT('part definition',#2,'design');
#4289 = ADVANCED_BREP_SHAPE_REPRESENTATION('',(#11,#4290),#4932);
#4290 = MANIFOLD_SOLID_BREP('',#4291);
#4291 = CLOSED_SHELL('',(#4292,#4412,#4488,#4564,#4640,#4716,#4792,#4863
    ,#4910,#4921));
#4292 = ADVANCED_FACE('',(#4293),#4307,.F.);
#4293 = FACE_BOUND('',#4294,.F.);
#4294 = EDGE_LOOP('',(#4295,#4330,#4358,#4386));
#4295 = ORIENTED_EDGE('',*,*,#4296,.T.);
#4296 = EDGE_CURVE('',#4297,#4299,#4301,.T.);
#4297 = VERTEX_POINT('',#4298);
#4298 = CARTESIAN_POINT('',(0.,0.,0.));
#4299 = VERTEX_POINT('',#4300);
#4300 = CARTESIAN_POINT('',(0.,0.,2.435E+03));
#4301 = SURFACE_CURVE('',#4302,(#4306,#4318),.PCURVE_S1.);
#4302 = LINE('',#4303,#4304);
#4303 = CARTESIAN_POINT('',(0.,0.,0.));
#4304 = VECTOR('',#4305,1.);
#4305 = DIRECTION('',(0.,0.,1.));
#4306 = PCURVE('',#4307,#4312);
#4307 = PLANE('',#4308);
#4308 = AXIS2_PLACEMENT_3D('',#4309,#4310,#4311);
#4309 = CARTESIAN_POINT('',(0.,0.,0.));
#4310 = DIRECTION('',(0.,1.,0.));
#4311 = DIRECTION('',(1.,0.,0.));
#4312 = DEFINITIONAL_REPRESENTATION('',(#4313),#4317);
#4313 = LINE('',#4314,#4315);
#4314 = CARTESIAN_POINT('',(0.,0.));
#4315 = VECTOR('',#4316,1.);
#4316 = DIRECTION('',(0.,-1.));
#4317 = ( GEOMETRIC_REPRESENTATION_CONTEXT(2) 
PARAMETRIC_REPRESENTATION_CONTEXT() REPRESENTATION_CONTEXT('2D SPACE',''
  ) );
#4318 = PCURVE('',#4319,#4324);
#4319 = PLANE('',#4320);
#4320 = AXIS2_PLACEMENT_3D('',#4321,#4322,#4323);
#4321 = CARTESIAN_POINT('',(0.,32.,0.));
#4322 = DIRECTION('',(1.,0.,-0.));
#4323 = DIRECTION('',(0.,-1.,0.));
#4324 = DEFINITIONAL_REPRESENTATION('',(#4325),#4329);
#4325 = LINE('',#4326,#4327);
#4326 = CARTESIAN_POINT('',(32.,0.));
#4327 = VECTOR('',#4328,1.);
#4328 = DIRECTION('',(0.,-1.));
#4329 = ( GEOMETRIC_REPRESENTATION_CONTEXT(2) 
PARAMETRIC_REPRESENTATION_CONTEXT() REPRESENTATION_CONTEXT('2D SPACE',''
  ) );
#4330 = ORIENTED_EDGE('',*,*,#4331,.T.);
#4331 = EDGE_CURVE('',#4299,#4332,#4334,.T.);
#4332 = VERTEX_POINT('',#4333);
#4333 = CARTESIAN_POINT('',(76.,0.,2.435E+03));
#4334 = SURFACE_CURVE('',#4335,(#4339,#4346),.PCURVE_S1.);
#4335 = LINE('',#4336,#4337);
#4336 = CARTESIAN_POINT('',(0.,0.,2.435E+03));
#4337 = VECTOR('',#4338,1.);
#4338 = DIRECTION('',(1.,0.,0.));
#4339 = PCURVE('',#4307,#4340);
#4340 = DEFINITIONAL_REPRESENTATION('',(#4341),#4345);
#4341 = LINE('',#4342,#4343);
#4342 = CARTESIAN_POINT('',(0.,-2.435E+03));
#4343 = VECTOR('',#4344,1.);
#4344 = DIRECTION('',(1.,0.));
#4345 = ( GEOMETRIC_REPRESENTATION_CONTEXT(2) 
PARAMETRIC_REPRESENTATION_CONTEXT() REPRESENTATION_CONTEXT('2D SPACE',''
  ) );
#4346 = PCURVE('',#4347,#4352);
#4347 = PLANE('',#4348);
#4348 = AXIS2_PLACEMENT_3D('',#4349,#4350,#4351);
#4349 = CARTESIAN_POINT('',(33.361878453039,16.,2.435E+03));
#4350 = DIRECTION('',(0.,0.,1.));
#4351 = DIRECTION('',(1.,0.,-0.));
#4352 = DEFINITIONAL_REPRESENTATION('',(#4353),#4357);
#4353 = LINE('',#4354,#4355);
#4354 = CARTESIAN_POINT('',(-33.36187845303,-16.));
#4355 = VECTOR('',#4356,1.);
#4356 = DIRECTION('',(1.,0.));
#4357 = ( GEOMETRIC_REPRESENTATION_CONTEXT(2) 
PARAMETRIC_REPRESENTATION_CONTEXT() REPRESENTATION_CONTEXT('2D SPACE',''
  ) );
#4358 = ORIENTED_EDGE('',*,*,#4359,.F.);
#4359 = EDGE_CURVE('',#4360,#4332,#4362,.T.);
#4360 = VERTEX_POINT('',#4361);
#4361 = CARTESIAN_POINT('',(76.,0.,0.));
#4362 = SURFACE_CURVE('',#4363,(#4367,#4374),.PCURVE_S1.);
#4363 = LINE('',#4364,#4365);
#4364 = CARTESIAN_POINT('',(76.,0.,0.));
#4365 = VECTOR('',#4366,1.);
#4366 = DIRECTION('',(0.,0.,1.));
#4367 = PCURVE('',#4307,#4368);
#4368 = DEFINITIONAL_REPRESENTATION('',(#4369),#4373);
#4369 = LINE('',#4370,#4371);
#4370 = CARTESIAN_POINT('',(76.,0.));
#4371 = VECTOR('',#4372,1.);
#4372 = DIRECTION('',(0.,-1.));
#4373 = ( GEOMETRIC_REPRESENTATION_CONTEXT(2) 
PARAMETRIC_REPRESENTATION_CONTEXT() REPRESENTATION_CONTEXT('2D SPACE',''
  ) );
#4374 = PCURVE('',#4375,#4380);
#4375 = PLANE('',#4376);
#4376 = AXIS2_PLACEMENT_3D('',#4377,#4378,#4379);
#4377 = CARTESIAN_POINT('',(76.,0.,0.));
#4378 = DIRECTION('',(-1.,0.,0.));
#4379 = DIRECTION('',(0.,1.,0.));
#4380 = DEFINITIONAL_REPRESENTATION('',(#4381),#4385);
#4381 = LINE('',#4382,#4383);
#4382 = CARTESIAN_POINT('',(0.,0.));
#4383 = VECTOR('',#4384,1.);
#4384 = DIRECTION('',(0.,-1.));
#4385 = ( GEOMETRIC_REPRESENTATION_CONTEXT(2) 
PARAMETRIC_REPRESENTATION_CONTEXT() REPRESENTATION_CONTEXT('2D SPACE',''
  ) );
#4386 = ORIENTED_EDGE('',*,*,#4387,.F.);
#4387 = EDGE_CURVE('',#4297,#4360,#4388,.T.);
#4388 = SURFACE_CURVE('',#4389,(#4393,#4400),.PCURVE_S1.);
#4389 = LINE('',#4390,#4391);
#4390 = CARTESIAN_POINT('',(0.,0.,0.));
#4391 = VECTOR('',#4392,1.);
#4392 = DIRECTION('',(1.,0.,0.));
#4393 = PCURVE('',#4307,#4394);
#4394 = DEFINITIONAL_REPRESENTATION('',(#4395),#4399);
#4395 = LINE('',#4396,#4397);
#4396 = CARTESIAN_POINT('',(0.,0.));
#4397 = VECTOR('',#4398,1.);
#4398 = DIRECTION('',(1.,0.));
#4399 = ( GEOMETRIC_REPRESENTATION_CONTEXT(2) 
PARAMETRIC_REPRESENTATION_CONTEXT() REPRESENTATION_CONTEXT('2D SPACE',''
  ) );
#4400 = PCURVE('',#4401,#4406);
#4401 = PLANE('',#4402);
#4402 = AXIS2_PLACEMENT_3D('',#4403,#4404,#4405);
#4403 = CARTESIAN_POINT('',(33.361878453039,16.,0.));
#4404 = DIRECTION('',(0.,0.,1.));
#4405 = DIRECTION('',(1.,0.,-0.));
#4406 = DEFINITIONAL_REPRESENTATION('',(#4407),#4411);
#4407 = LINE('',#4408,#4409);
#4408 = CARTESIAN_POINT('',(-33.36187845303,-16.));
#4409 = VECTOR('',#4410,1.);
#4410 = DIRECTION('',(1.,0.));
#4411 = ( GEOMETRIC_REPRESENTATION_CONTEXT(2) 
PARAMETRIC_REPRESENTATION_CONTEXT() REPRESENTATION_CONTEXT('2D SPACE',''
  ) );
#4412 = ADVANCED_FACE('',(#4413),#4375,.F.);
#4413 = FACE_BOUND('',#4414,.F.);
#4414 = EDGE_LOOP('',(#4415,#4416,#4439,#4467));
#4415 = ORIENTED_EDGE('',*,*,#4359,.T.);
#4416 = ORIENTED_EDGE('',*,*,#4417,.T.);
#4417 = EDGE_CURVE('',#4332,#4418,#4420,.T.);
#4418 = VERTEX_POINT('',#4419);
#4419 = CARTESIAN_POINT('',(76.,3.,2.435E+03));
#4420 = SURFACE_CURVE('',#4421,(#4425,#4432),.PCURVE_S1.);
#4421 = LINE('',#4422,#4423);
#4422 = CARTESIAN_POINT('',(76.,0.,2.435E+03));
#4423 = VECTOR('',#4424,1.);
#4424 = DIRECTION('',(0.,1.,0.));
#4425 = PCURVE('',#4375,#4426);
#4426 = DEFINITIONAL_REPRESENTATION('',(#4427),#4431);
#4427 = LINE('',#4428,#4429);
#4428 = CARTESIAN_POINT('',(0.,-2.435E+03));
#4429 = VECTOR('',#4430,1.);
#4430 = DIRECTION('',(1.,0.));
#4431 = ( GEOMETRIC_REPRESENTATION_CONTEXT(2) 
PARAMETRIC_REPRESENTATION_CONTEXT() REPRESENTATION_CONTEXT('2D SPACE',''
  ) );
#4432 = PCURVE('',#4347,#4433);
#4433 = DEFINITIONAL_REPRESENTATION('',(#4434),#4438);
#4434 = LINE('',#4435,#4436);
#4435 = CARTESIAN_POINT('',(42.638121546961,-16.));
#4436 = VECTOR('',#4437,1.);
#4437 = DIRECTION('',(0.,1.));
#4438 = ( GEOMETRIC_REPRESENTATION_CONTEXT(2) 
PARAMETRIC_REPRESENTATION_CONTEXT() REPRESENTATION_CONTEXT('2D SPACE',''
  ) );
#4439 = ORIENTED_EDGE('',*,*,#4440,.F.);
#4440 = EDGE_CURVE('',#4441,#4418,#4443,.T.);
#4441 = VERTEX_POINT('',#4442);
#4442 = CARTESIAN_POINT('',(76.,3.,0.));
#4443 = SURFACE_CURVE('',#4444,(#4448,#4455),.PCURVE_S1.);
#4444 = LINE('',#4445,#4446);
#4445 = CARTESIAN_POINT('',(76.,3.,0.));
#4446 = VECTOR('',#4447,1.);
#4447 = DIRECTION('',(0.,0.,1.));
#4448 = PCURVE('',#4375,#4449);
#4449 = DEFINITIONAL_REPRESENTATION('',(#4450),#4454);
#4450 = LINE('',#4451,#4452);
#4451 = CARTESIAN_POINT('',(3.,0.));
#4452 = VECTOR('',#4453,1.);
#4453 = DIRECTION('',(0.,-1.));
#4454 = ( GEOMETRIC_REPRESENTATION_CONTEXT(2) 
PARAMETRIC_REPRESENTATION_CONTEXT() REPRESENTATION_CONTEXT('2D SPACE',''
  ) );
#4455 = PCURVE('',#4456,#4461);
#4456 = PLANE('',#4457);
#4457 = AXIS2_PLACEMENT_3D('',#4458,#4459,#4460);
#4458 = CARTESIAN_POINT('',(76.,3.,0.));
#4459 = DIRECTION('',(0.,-1.,0.));
#4460 = DIRECTION('',(-1.,0.,0.));
#4461 = DEFINITIONAL_REPRESENTATION('',(#4462),#4466);
#4462 = LINE('',#4463,#4464);
#4463 = CARTESIAN_POINT('',(0.,-0.));
#4464 = VECTOR('',#4465,1.);
#4465 = DIRECTION('',(0.,-1.));
#4466 = ( GEOMETRIC_REPRESENTATION_CONTEXT(2) 
PARAMETRIC_REPRESENTATION_CONTEXT() REPRESENTATION_CONTEXT('2D SPACE',''
  ) );
#4467 = ORIENTED_EDGE('',*,*,#4468,.F.);
#4468 = EDGE_CURVE('',#4360,#4441,#4469,.T.);
#4469 = SURFACE_CURVE('',#4470,(#4474,#4481),.PCURVE_S1.);
#4470 = LINE('',#4471,#4472);
#4471 = CARTESIAN_POINT('',(76.,0.,0.));
#4472 = VECTOR('',#4473,1.);
#4473 = DIRECTION('',(0.,1.,0.));
#4474 = PCURVE('',#4375,#4475);
#4475 = DEFINITIONAL_REPRESENTATION('',(#4476),#4480);
#4476 = LINE('',#4477,#4478);
#4477 = CARTESIAN_POINT('',(0.,0.));
#4478 = VECTOR('',#4479,1.);
#4479 = DIRECTION('',(1.,0.));
#4480 = ( GEOMETRIC_REPRESENTATION_CONTEXT(2) 
PARAMETRIC_REPRESENTATION_CONTEXT() REPRESENTATION_CONTEXT('2D SPACE',''
  ) );
#4481 = PCURVE('',#4401,#4482);
#4482 = DEFINITIONAL_REPRESENTATION('',(#4483),#4487);
#4483 = LINE('',#4484,#4485);
#4484 = CARTESIAN_POINT('',(42.638121546961,-16.));
#4485 = VECTOR('',#4486,1.);
#4486 = DIRECTION('',(0.,1.));
#4487 = ( GEOMETRIC_REPRESENTATION_CONTEXT(2) 
PARAMETRIC_REPRESENTATION_CONTEXT() REPRESENTATION_CONTEXT('2D SPACE',''
  ) );
#4488 = ADVANCED_FACE('',(#4489),#4456,.F.);
#4489 = FACE_BOUND('',#4490,.F.);
#4490 = EDGE_LOOP('',(#4491,#4492,#4515,#4543));
#4491 = ORIENTED_EDGE('',*,*,#4440,.T.);
#4492 = ORIENTED_EDGE('',*,*,#4493,.T.);
#4493 = EDGE_CURVE('',#4418,#4494,#4496,.T.);
#4494 = VERTEX_POINT('',#4495);
#4495 = CARTESIAN_POINT('',(3.,3.,2.435E+03));
#4496 = SURFACE_CURVE('',#4497,(#4501,#4508),.PCURVE_S1.);
#4497 = LINE('',#4498,#4499);
#4498 = CARTESIAN_POINT('',(76.,3.,2.435E+03));
#4499 = VECTOR('',#4500,1.);
#4500 = DIRECTION('',(-1.,0.,0.));
#4501 = PCURVE('',#4456,#4502);
#4502 = DEFINITIONAL_REPRESENTATION('',(#4503),#4507);
#4503 = LINE('',#4504,#4505);
#4504 = CARTESIAN_POINT('',(0.,-2.435E+03));
#4505 = VECTOR('',#4506,1.);
#4506 = DIRECTION('',(1.,0.));
#4507 = ( GEOMETRIC_REPRESENTATION_CONTEXT(2) 
PARAMETRIC_REPRESENTATION_CONTEXT() REPRESENTATION_CONTEXT('2D SPACE',''
  ) );
#4508 = PCURVE('',#4347,#4509);
#4509 = DEFINITIONAL_REPRESENTATION('',(#4510),#4514);
#4510 = LINE('',#4511,#4512);
#4511 = CARTESIAN_POINT('',(42.638121546961,-13.));
#4512 = VECTOR('',#4513,1.);
#4513 = DIRECTION('',(-1.,0.));
#4514 = ( GEOMETRIC_REPRESENTATION_CONTEXT(2) 
PARAMETRIC_REPRESENTATION_CONTEXT() REPRESENTATION_CONTEXT('2D SPACE',''
  ) );
#4515 = ORIENTED_EDGE('',*,*,#4516,.F.);
#4516 = EDGE_CURVE('',#4517,#4494,#4519,.T.);
#4517 = VERTEX_POINT('',#4518);
#4518 = CARTESIAN_POINT('',(3.,3.,0.));
#4519 = SURFACE_CURVE('',#4520,(#4524,#4531),.PCURVE_S1.);
#4520 = LINE('',#4521,#4522);
#4521 = CARTESIAN_POINT('',(3.,3.,0.));
#4522 = VECTOR('',#4523,1.);
#4523 = DIRECTION('',(0.,0.,1.));
#4524 = PCURVE('',#4456,#4525);
#4525 = DEFINITIONAL_REPRESENTATION('',(#4526),#4530);
#4526 = LINE('',#4527,#4528);
#4527 = CARTESIAN_POINT('',(73.,0.));
#4528 = VECTOR('',#4529,1.);
#4529 = DIRECTION('',(0.,-1.));
#4530 = ( GEOMETRIC_REPRESENTATION_CONTEXT(2) 
PARAMETRIC_REPRESENTATION_CONTEXT() REPRESENTATION_CONTEXT('2D SPACE',''
  ) );
#4531 = PCURVE('',#4532,#4537);
#4532 = PLANE('',#4533);
#4533 = AXIS2_PLACEMENT_3D('',#4534,#4535,#4536);
#4534 = CARTESIAN_POINT('',(3.,3.,0.));
#4535 = DIRECTION('',(-1.,0.,0.));
#4536 = DIRECTION('',(0.,1.,0.));
#4537 = DEFINITIONAL_REPRESENTATION('',(#4538),#4542);
#4538 = LINE('',#4539,#4540);
#4539 = CARTESIAN_POINT('',(0.,0.));
#4540 = VECTOR('',#4541,1.);
#4541 = DIRECTION('',(0.,-1.));
#4542 = ( GEOMETRIC_REPRESENTATION_CONTEXT(2) 
PARAMETRIC_REPRESENTATION_CONTEXT() REPRESENTATION_CONTEXT('2D SPACE',''
  ) );
#4543 = ORIENTED_EDGE('',*,*,#4544,.F.);
#4544 = EDGE_CURVE('',#4441,#4517,#4545,.T.);
#4545 = SURFACE_CURVE('',#4546,(#4550,#4557),.PCURVE_S1.);
#4546 = LINE('',#4547,#4548);
#4547 = CARTESIAN_POINT('',(76.,3.,0.));
#4548 = VECTOR('',#4549,1.);
#4549 = DIRECTION('',(-1.,0.,0.));
#4550 = PCURVE('',#4456,#4551);
#4551 = DEFINITIONAL_REPRESENTATION('',(#4552),#4556);
#4552 = LINE('',#4553,#4554);
#4553 = CARTESIAN_POINT('',(0.,-0.));
#4554 = VECTOR('',#4555,1.);
#4555 = DIRECTION('',(1.,0.));
#4556 = ( GEOMETRIC_REPRESENTATION_CONTEXT(2) 
PARAMETRIC_REPRESENTATION_CONTEXT() REPRESENTATION_CONTEXT('2D SPACE',''
  ) );
#4557 = PCURVE('',#4401,#4558);
#4558 = DEFINITIONAL_REPRESENTATION('',(#4559),#4563);
#4559 = LINE('',#4560,#4561);
#4560 = CARTESIAN_POINT('',(42.638121546961,-13.));
#4561 = VECTOR('',#4562,1.);
#4562 = DIRECTION('',(-1.,0.));
#4563 = ( GEOMETRIC_REPRESENTATION_CONTEXT(2) 
PARAMETRIC_REPRESENTATION_CONTEXT() REPRESENTATION_CONTEXT('2D SPACE',''
  ) );
#4564 = ADVANCED_FACE('',(#4565),#4532,.F.);
#4565 = FACE_BOUND('',#4566,.F.);
#4566 = EDGE_LOOP('',(#4567,#4568,#4591,#4619));
#4567 = ORIENTED_EDGE('',*,*,#4516,.T.);
#4568 = ORIENTED_EDGE('',*,*,#4569,.T.);
#4569 = EDGE_CURVE('',#4494,#4570,#4572,.T.);
#4570 = VERTEX_POINT('',#4571);
#4571 = CARTESIAN_POINT('',(3.,29.,2.435E+03));
#4572 = SURFACE_CURVE('',#4573,(#4577,#4584),.PCURVE_S1.);
#4573 = LINE('',#4574,#4575);
#4574 = CARTESIAN_POINT('',(3.,3.,2.435E+03));
#4575 = VECTOR('',#4576,1.);
#4576 = DIRECTION('',(0.,1.,0.));
#4577 = PCURVE('',#4532,#4578);
#4578 = DEFINITIONAL_REPRESENTATION('',(#4579),#4583);
#4579 = LINE('',#4580,#4581);
#4580 = CARTESIAN_POINT('',(0.,-2.435E+03));
#4581 = VECTOR('',#4582,1.);
#4582 = DIRECTION('',(1.,0.));
#4583 = ( GEOMETRIC_REPRESENTATION_CONTEXT(2) 
PARAMETRIC_REPRESENTATION_CONTEXT() REPRESENTATION_CONTEXT('2D SPACE',''
  ) );
#4584 = PCURVE('',#4347,#4585);
#4585 = DEFINITIONAL_REPRESENTATION('',(#4586),#4590);
#4586 = LINE('',#4587,#4588);
#4587 = CARTESIAN_POINT('',(-30.36187845303,-13.));
#4588 = VECTOR('',#4589,1.);
#4589 = DIRECTION('',(0.,1.));
#4590 = ( GEOMETRIC_REPRESENTATION_CONTEXT(2) 
PARAMETRIC_REPRESENTATION_CONTEXT() REPRESENTATION_CONTEXT('2D SPACE',''
  ) );
#4591 = ORIENTED_EDGE('',*,*,#4592,.F.);
#4592 = EDGE_CURVE('',#4593,#4570,#4595,.T.);
#4593 = VERTEX_POINT('',#4594);
#4594 = CARTESIAN_POINT('',(3.,29.,0.));
#4595 = SURFACE_CURVE('',#4596,(#4600,#4607),.PCURVE_S1.);
#4596 = LINE('',#4597,#4598);
#4597 = CARTESIAN_POINT('',(3.,29.,0.));
#4598 = VECTOR('',#4599,1.);
#4599 = DIRECTION('',(0.,0.,1.));
#4600 = PCURVE('',#4532,#4601);
#4601 = DEFINITIONAL_REPRESENTATION('',(#4602),#4606);
#4602 = LINE('',#4603,#4604);
#4603 = CARTESIAN_POINT('',(26.,0.));
#4604 = VECTOR('',#4605,1.);
#4605 = DIRECTION('',(0.,-1.));
#4606 = ( GEOMETRIC_REPRESENTATION_CONTEXT(2) 
PARAMETRIC_REPRESENTATION_CONTEXT() REPRESENTATION_CONTEXT('2D SPACE',''
  ) );
#4607 = PCURVE('',#4608,#4613);
#4608 = PLANE('',#4609);
#4609 = AXIS2_PLACEMENT_3D('',#4610,#4611,#4612);
#4610 = CARTESIAN_POINT('',(3.,29.,0.));
#4611 = DIRECTION('',(0.,1.,0.));
#4612 = DIRECTION('',(1.,0.,0.));
#4613 = DEFINITIONAL_REPRESENTATION('',(#4614),#4618);
#4614 = LINE('',#4615,#4616);
#4615 = CARTESIAN_POINT('',(0.,0.));
#4616 = VECTOR('',#4617,1.);
#4617 = DIRECTION('',(0.,-1.));
#4618 = ( GEOMETRIC_REPRESENTATION_CONTEXT(2) 
PARAMETRIC_REPRESENTATION_CONTEXT() REPRESENTATION_CONTEXT('2D SPACE',''
  ) );
#4619 = ORIENTED_EDGE('',*,*,#4620,.F.);
#4620 = EDGE_CURVE('',#4517,#4593,#4621,.T.);
#4621 = SURFACE_CURVE('',#4622,(#4626,#4633),.PCURVE_S1.);
#4622 = LINE('',#4623,#4624);
#4623 = CARTESIAN_POINT('',(3.,3.,0.));
#4624 = VECTOR('',#4625,1.);
#4625 = DIRECTION('',(0.,1.,0.));
#4626 = PCURVE('',#4532,#4627);
#4627 = DEFINITIONAL_REPRESENTATION('',(#4628),#4632);
#4628 = LINE('',#4629,#4630);
#4629 = CARTESIAN_POINT('',(0.,0.));
#4630 = VECTOR('',#4631,1.);
#4631 = DIRECTION('',(1.,0.));
#4632 = ( GEOMETRIC_REPRESENTATION_CONTEXT(2) 
PARAMETRIC_REPRESENTATION_CONTEXT() REPRESENTATION_CONTEXT('2D SPACE',''
  ) );
#4633 = PCURVE('',#4401,#4634);
#4634 = DEFINITIONAL_REPRESENTATION('',(#4635),#4639);
#4635 = LINE('',#4636,#4637);
#4636 = CARTESIAN_POINT('',(-30.36187845303,-13.));
#4637 = VECTOR('',#4638,1.);
#4638 = DIRECTION('',(0.,1.));
#4639 = ( GEOMETRIC_REPRESENTATION_CONTEXT(2) 
PARAMETRIC_REPRESENTATION_CONTEXT() REPRESENTATION_CONTEXT('2D SPACE',''
  ) );
#4640 = ADVANCED_FACE('',(#4641),#4608,.F.);
#4641 = FACE_BOUND('',#4642,.F.);
#4642 = EDGE_LOOP('',(#4643,#4644,#4667,#4695));
#4643 = ORIENTED_EDGE('',*,*,#4592,.T.);
#4644 = ORIENTED_EDGE('',*,*,#4645,.T.);
#4645 = EDGE_CURVE('',#4570,#4646,#4648,.T.);
#4646 = VERTEX_POINT('',#4647);
#4647 = CARTESIAN_POINT('',(76.,29.,2.435E+03));
#4648 = SURFACE_CURVE('',#4649,(#4653,#4660),.PCURVE_S1.);
#4649 = LINE('',#4650,#4651);
#4650 = CARTESIAN_POINT('',(3.,29.,2.435E+03));
#4651 = VECTOR('',#4652,1.);
#4652 = DIRECTION('',(1.,0.,0.));
#4653 = PCURVE('',#4608,#4654);
#4654 = DEFINITIONAL_REPRESENTATION('',(#4655),#4659);
#4655 = LINE('',#4656,#4657);
#4656 = CARTESIAN_POINT('',(0.,-2.435E+03));
#4657 = VECTOR('',#4658,1.);
#4658 = DIRECTION('',(1.,0.));
#4659 = ( GEOMETRIC_REPRESENTATION_CONTEXT(2) 
PARAMETRIC_REPRESENTATION_CONTEXT() REPRESENTATION_CONTEXT('2D SPACE',''
  ) );
#4660 = PCURVE('',#4347,#4661);
#4661 = DEFINITIONAL_REPRESENTATION('',(#4662),#4666);
#4662 = LINE('',#4663,#4664);
#4663 = CARTESIAN_POINT('',(-30.36187845303,13.));
#4664 = VECTOR('',#4665,1.);
#4665 = DIRECTION('',(1.,0.));
#4666 = ( GEOMETRIC_REPRESENTATION_CONTEXT(2) 
PARAMETRIC_REPRESENTATION_CONTEXT() REPRESENTATION_CONTEXT('2D SPACE',''
  ) );
#4667 = ORIENTED_EDGE('',*,*,#4668,.F.);
#4668 = EDGE_CURVE('',#4669,#4646,#4671,.T.);
#4669 = VERTEX_POINT('',#4670);
#4670 = CARTESIAN_POINT('',(76.,29.,0.));
#4671 = SURFACE_CURVE('',#4672,(#4676,#4683),.PCURVE_S1.);
#4672 = LINE('',#4673,#4674);
#4673 = CARTESIAN_POINT('',(76.,29.,0.));
#4674 = VECTOR('',#4675,1.);
#4675 = DIRECTION('',(0.,0.,1.));
#4676 = PCURVE('',#4608,#4677);
#4677 = DEFINITIONAL_REPRESENTATION('',(#4678),#4682);
#4678 = LINE('',#4679,#4680);
#4679 = CARTESIAN_POINT('',(73.,0.));
#4680 = VECTOR('',#4681,1.);
#4681 = DIRECTION('',(0.,-1.));
#4682 = ( GEOMETRIC_REPRESENTATION_CONTEXT(2) 
PARAMETRIC_REPRESENTATION_CONTEXT() REPRESENTATION_CONTEXT('2D SPACE',''
  ) );
#4683 = PCURVE('',#4684,#4689);
#4684 = PLANE('',#4685);
#4685 = AXIS2_PLACEMENT_3D('',#4686,#4687,#4688);
#4686 = CARTESIAN_POINT('',(76.,29.,0.));
#4687 = DIRECTION('',(-1.,0.,0.));
#4688 = DIRECTION('',(0.,1.,0.));
#4689 = DEFINITIONAL_REPRESENTATION('',(#4690),#4694);
#4690 = LINE('',#4691,#4692);
#4691 = CARTESIAN_POINT('',(0.,0.));
#4692 = VECTOR('',#4693,1.);
#4693 = DIRECTION('',(0.,-1.));
#4694 = ( GEOMETRIC_REPRESENTATION_CONTEXT(2) 
PARAMETRIC_REPRESENTATION_CONTEXT() REPRESENTATION_CONTEXT('2D SPACE',''
  ) );
#4695 = ORIENTED_EDGE('',*,*,#4696,.F.);
#4696 = EDGE_CURVE('',#4593,#4669,#4697,.T.);
#4697 = SURFACE_CURVE('',#4698,(#4702,#4709),.PCURVE_S1.);
#4698 = LINE('',#4699,#4700);
#4699 = CARTESIAN_POINT('',(3.,29.,0.));
#4700 = VECTOR('',#4701,1.);
#4701 = DIRECTION('',(1.,0.,0.));
#4702 = PCURVE('',#4608,#4703);
#4703 = DEFINITIONAL_REPRESENTATION('',(#4704),#4708);
#4704 = LINE('',#4705,#4706);
#4705 = CARTESIAN_POINT('',(0.,0.));
#4706 = VECTOR('',#4707,1.);
#4707 = DIRECTION('',(1.,0.));
#4708 = ( GEOMETRIC_REPRESENTATION_CONTEXT(2) 
PARAMETRIC_REPRESENTATION_CONTEXT() REPRESENTATION_CONTEXT('2D SPACE',''
  ) );
#4709 = PCURVE('',#4401,#4710);
#4710 = DEFINITIONAL_REPRESENTATION('',(#4711),#4715);
#4711 = LINE('',#4712,#4713);
#4712 = CARTESIAN_POINT('',(-30.36187845303,13.));
#4713 = VECTOR('',#4714,1.);
#4714 = DIRECTION('',(1.,0.));
#4715 = ( GEOMETRIC_REPRESENTATION_CONTEXT(2) 
PARAMETRIC_REPRESENTATION_CONTEXT() REPRESENTATION_CONTEXT('2D SPACE',''
  ) );
#4716 = ADVANCED_FACE('',(#4717),#4684,.F.);
#4717 = FACE_BOUND('',#4718,.F.);
#4718 = EDGE_LOOP('',(#4719,#4720,#4743,#4771));
#4719 = ORIENTED_EDGE('',*,*,#4668,.T.);
#4720 = ORIENTED_EDGE('',*,*,#4721,.T.);
#4721 = EDGE_CURVE('',#4646,#4722,#4724,.T.);
#4722 = VERTEX_POINT('',#4723);
#4723 = CARTESIAN_POINT('',(76.,32.,2.435E+03));
#4724 = SURFACE_CURVE('',#4725,(#4729,#4736),.PCURVE_S1.);
#4725 = LINE('',#4726,#4727);
#4726 = CARTESIAN_POINT('',(76.,29.,2.435E+03));
#4727 = VECTOR('',#4728,1.);
#4728 = DIRECTION('',(0.,1.,0.));
#4729 = PCURVE('',#4684,#4730);
#4730 = DEFINITIONAL_REPRESENTATION('',(#4731),#4735);
#4731 = LINE('',#4732,#4733);
#4732 = CARTESIAN_POINT('',(0.,-2.435E+03));
#4733 = VECTOR('',#4734,1.);
#4734 = DIRECTION('',(1.,0.));
#4735 = ( GEOMETRIC_REPRESENTATION_CONTEXT(2) 
PARAMETRIC_REPRESENTATION_CONTEXT() REPRESENTATION_CONTEXT('2D SPACE',''
  ) );
#4736 = PCURVE('',#4347,#4737);
#4737 = DEFINITIONAL_REPRESENTATION('',(#4738),#4742);
#4738 = LINE('',#4739,#4740);
#4739 = CARTESIAN_POINT('',(42.638121546961,13.));
#4740 = VECTOR('',#4741,1.);
#4741 = DIRECTION('',(0.,1.));
#4742 = ( GEOMETRIC_REPRESENTATION_CONTEXT(2) 
PARAMETRIC_REPRESENTATION_CONTEXT() REPRESENTATION_CONTEXT('2D SPACE',''
  ) );
#4743 = ORIENTED_EDGE('',*,*,#4744,.F.);
#4744 = EDGE_CURVE('',#4745,#4722,#4747,.T.);
#4745 = VERTEX_POINT('',#4746);
#4746 = CARTESIAN_POINT('',(76.,32.,0.));
#4747 = SURFACE_CURVE('',#4748,(#4752,#4759),.PCURVE_S1.);
#4748 = LINE('',#4749,#4750);
#4749 = CARTESIAN_POINT('',(76.,32.,0.));
#4750 = VECTOR('',#4751,1.);
#4751 = DIRECTION('',(0.,0.,1.));
#4752 = PCURVE('',#4684,#4753);
#4753 = DEFINITIONAL_REPRESENTATION('',(#4754),#4758);
#4754 = LINE('',#4755,#4756);
#4755 = CARTESIAN_POINT('',(3.,0.));
#4756 = VECTOR('',#4757,1.);
#4757 = DIRECTION('',(0.,-1.));
#4758 = ( GEOMETRIC_REPRESENTATION_CONTEXT(2) 
PARAMETRIC_REPRESENTATION_CONTEXT() REPRESENTATION_CONTEXT('2D SPACE',''
  ) );
#4759 = PCURVE('',#4760,#4765);
#4760 = PLANE('',#4761);
#4761 = AXIS2_PLACEMENT_3D('',#4762,#4763,#4764);
#4762 = CARTESIAN_POINT('',(76.,32.,0.));
#4763 = DIRECTION('',(0.,-1.,0.));
#4764 = DIRECTION('',(-1.,0.,0.));
#4765 = DEFINITIONAL_REPRESENTATION('',(#4766),#4770);
#4766 = LINE('',#4767,#4768);
#4767 = CARTESIAN_POINT('',(0.,-0.));
#4768 = VECTOR('',#4769,1.);
#4769 = DIRECTION('',(0.,-1.));
#4770 = ( GEOMETRIC_REPRESENTATION_CONTEXT(2) 
PARAMETRIC_REPRESENTATION_CONTEXT() REPRESENTATION_CONTEXT('2D SPACE',''
  ) );
#4771 = ORIENTED_EDGE('',*,*,#4772,.F.);
#4772 = EDGE_CURVE('',#4669,#4745,#4773,.T.);
#4773 = SURFACE_CURVE('',#4774,(#4778,#4785),.PCURVE_S1.);
#4774 = LINE('',#4775,#4776);
#4775 = CARTESIAN_POINT('',(76.,29.,0.));
#4776 = VECTOR('',#4777,1.);
#4777 = DIRECTION('',(0.,1.,0.));
#4778 = PCURVE('',#4684,#4779);
#4779 = DEFINITIONAL_REPRESENTATION('',(#4780),#4784);
#4780 = LINE('',#4781,#4782);
#4781 = CARTESIAN_POINT('',(0.,0.));
#4782 = VECTOR('',#4783,1.);
#4783 = DIRECTION('',(1.,0.));
#4784 = ( GEOMETRIC_REPRESENTATION_CONTEXT(2) 
PARAMETRIC_REPRESENTATION_CONTEXT() REPRESENTATION_CONTEXT('2D SPACE',''
  ) );
#4785 = PCURVE('',#4401,#4786);
#4786 = DEFINITIONAL_REPRESENTATION('',(#4787),#4791);
#4787 = LINE('',#4788,#4789);
#4788 = CARTESIAN_POINT('',(42.638121546961,13.));
#4789 = VECTOR('',#4790,1.);
#4790 = DIRECTION('',(0.,1.));
#4791 = ( GEOMETRIC_REPRESENTATION_CONTEXT(2) 
PARAMETRIC_REPRESENTATION_CONTEXT() REPRESENTATION_CONTEXT('2D SPACE',''
  ) );
#4792 = ADVANCED_FACE('',(#4793),#4760,.F.);
#4793 = FACE_BOUND('',#4794,.F.);
#4794 = EDGE_LOOP('',(#4795,#4796,#4819,#4842));
#4795 = ORIENTED_EDGE('',*,*,#4744,.T.);
#4796 = ORIENTED_EDGE('',*,*,#4797,.T.);
#4797 = EDGE_CURVE('',#4722,#4798,#4800,.T.);
#4798 = VERTEX_POINT('',#4799);
#4799 = CARTESIAN_POINT('',(0.,32.,2.435E+03));
#4800 = SURFACE_CURVE('',#4801,(#4805,#4812),.PCURVE_S1.);
#4801 = LINE('',#4802,#4803);
#4802 = CARTESIAN_POINT('',(76.,32.,2.435E+03));
#4803 = VECTOR('',#4804,1.);
#4804 = DIRECTION('',(-1.,0.,0.));
#4805 = PCURVE('',#4760,#4806);
#4806 = DEFINITIONAL_REPRESENTATION('',(#4807),#4811);
#4807 = LINE('',#4808,#4809);
#4808 = CARTESIAN_POINT('',(0.,-2.435E+03));
#4809 = VECTOR('',#4810,1.);
#4810 = DIRECTION('',(1.,0.));
#4811 = ( GEOMETRIC_REPRESENTATION_CONTEXT(2) 
PARAMETRIC_REPRESENTATION_CONTEXT() REPRESENTATION_CONTEXT('2D SPACE',''
  ) );
#4812 = PCURVE('',#4347,#4813);
#4813 = DEFINITIONAL_REPRESENTATION('',(#4814),#4818);
#4814 = LINE('',#4815,#4816);
#4815 = CARTESIAN_POINT('',(42.638121546961,16.));
#4816 = VECTOR('',#4817,1.);
#4817 = DIRECTION('',(-1.,0.));
#4818 = ( GEOMETRIC_REPRESENTATION_CONTEXT(2) 
PARAMETRIC_REPRESENTATION_CONTEXT() REPRESENTATION_CONTEXT('2D SPACE',''
  ) );
#4819 = ORIENTED_EDGE('',*,*,#4820,.F.);
#4820 = EDGE_CURVE('',#4821,#4798,#4823,.T.);
#4821 = VERTEX_POINT('',#4822);
#4822 = CARTESIAN_POINT('',(0.,32.,0.));
#4823 = SURFACE_CURVE('',#4824,(#4828,#4835),.PCURVE_S1.);
#4824 = LINE('',#4825,#4826);
#4825 = CARTESIAN_POINT('',(0.,32.,0.));
#4826 = VECTOR('',#4827,1.);
#4827 = DIRECTION('',(0.,0.,1.));
#4828 = PCURVE('',#4760,#4829);
#4829 = DEFINITIONAL_REPRESENTATION('',(#4830),#4834);
#4830 = LINE('',#4831,#4832);
#4831 = CARTESIAN_POINT('',(76.,0.));
#4832 = VECTOR('',#4833,1.);
#4833 = DIRECTION('',(0.,-1.));
#4834 = ( GEOMETRIC_REPRESENTATION_CONTEXT(2) 
PARAMETRIC_REPRESENTATION_CONTEXT() REPRESENTATION_CONTEXT('2D SPACE',''
  ) );
#4835 = PCURVE('',#4319,#4836);
#4836 = DEFINITIONAL_REPRESENTATION('',(#4837),#4841);
#4837 = LINE('',#4838,#4839);
#4838 = CARTESIAN_POINT('',(0.,0.));
#4839 = VECTOR('',#4840,1.);
#4840 = DIRECTION('',(0.,-1.));
#4841 = ( GEOMETRIC_REPRESENTATION_CONTEXT(2) 
PARAMETRIC_REPRESENTATION_CONTEXT() REPRESENTATION_CONTEXT('2D SPACE',''
  ) );
#4842 = ORIENTED_EDGE('',*,*,#4843,.F.);
#4843 = EDGE_CURVE('',#4745,#4821,#4844,.T.);
#4844 = SURFACE_CURVE('',#4845,(#4849,#4856),.PCURVE_S1.);
#4845 = LINE('',#4846,#4847);
#4846 = CARTESIAN_POINT('',(76.,32.,0.));
#4847 = VECTOR('',#4848,1.);
#4848 = DIRECTION('',(-1.,0.,0.));
#4849 = PCURVE('',#4760,#4850);
#4850 = DEFINITIONAL_REPRESENTATION('',(#4851),#4855);
#4851 = LINE('',#4852,#4853);
#4852 = CARTESIAN_POINT('',(0.,-0.));
#4853 = VECTOR('',#4854,1.);
#4854 = DIRECTION('',(1.,0.));
#4855 = ( GEOMETRIC_REPRESENTATION_CONTEXT(2) 
PARAMETRIC_REPRESENTATION_CONTEXT() REPRESENTATION_CONTEXT('2D SPACE',''
  ) );
#4856 = PCURVE('',#4401,#4857);
#4857 = DEFINITIONAL_REPRESENTATION('',(#4858),#4862);
#4858 = LINE('',#4859,#4860);
#4859 = CARTESIAN_POINT('',(42.638121546961,16.));
#4860 = VECTOR('',#4861,1.);
#4861 = DIRECTION('',(-1.,0.));
#4862 = ( GEOMETRIC_REPRESENTATION_CONTEXT(2) 
PARAMETRIC_REPRESENTATION_CONTEXT() REPRESENTATION_CONTEXT('2D SPACE',''
  ) );
#4863 = ADVANCED_FACE('',(#4864),#4319,.F.);
#4864 = FACE_BOUND('',#4865,.F.);
#4865 = EDGE_LOOP('',(#4866,#4867,#4888,#4889));
#4866 = ORIENTED_EDGE('',*,*,#4820,.T.);
#4867 = ORIENTED_EDGE('',*,*,#4868,.T.);
#4868 = EDGE_CURVE('',#4798,#4299,#4869,.T.);
#4869 = SURFACE_CURVE('',#4870,(#4874,#4881),.PCURVE_S1.);
#4870 = LINE('',#4871,#4872);
#4871 = CARTESIAN_POINT('',(0.,32.,2.435E+03));
#4872 = VECTOR('',#4873,1.);
#4873 = DIRECTION('',(0.,-1.,0.));
#4874 = PCURVE('',#4319,#4875);
#4875 = DEFINITIONAL_REPRESENTATION('',(#4876),#4880);
#4876 = LINE('',#4877,#4878);
#4877 = CARTESIAN_POINT('',(0.,-2.435E+03));
#4878 = VECTOR('',#4879,1.);
#4879 = DIRECTION('',(1.,0.));
#4880 = ( GEOMETRIC_REPRESENTATION_CONTEXT(2) 
PARAMETRIC_REPRESENTATION_CONTEXT() REPRESENTATION_CONTEXT('2D SPACE',''
  ) );
#4881 = PCURVE('',#4347,#4882);
#4882 = DEFINITIONAL_REPRESENTATION('',(#4883),#4887);
#4883 = LINE('',#4884,#4885);
#4884 = CARTESIAN_POINT('',(-33.36187845303,16.));
#4885 = VECTOR('',#4886,1.);
#4886 = DIRECTION('',(0.,-1.));
#4887 = ( GEOMETRIC_REPRESENTATION_CONTEXT(2) 
PARAMETRIC_REPRESENTATION_CONTEXT() REPRESENTATION_CONTEXT('2D SPACE',''
  ) );
#4888 = ORIENTED_EDGE('',*,*,#4296,.F.);
#4889 = ORIENTED_EDGE('',*,*,#4890,.F.);
#4890 = EDGE_CURVE('',#4821,#4297,#4891,.T.);
#4891 = SURFACE_CURVE('',#4892,(#4896,#4903),.PCURVE_S1.);
#4892 = LINE('',#4893,#4894);
#4893 = CARTESIAN_POINT('',(0.,32.,0.));
#4894 = VECTOR('',#4895,1.);
#4895 = DIRECTION('',(0.,-1.,0.));
#4896 = PCURVE('',#4319,#4897);
#4897 = DEFINITIONAL_REPRESENTATION('',(#4898),#4902);
#4898 = LINE('',#4899,#4900);
#4899 = CARTESIAN_POINT('',(0.,0.));
#4900 = VECTOR('',#4901,1.);
#4901 = DIRECTION('',(1.,0.));
#4902 = ( GEOMETRIC_REPRESENTATION_CONTEXT(2) 
PARAMETRIC_REPRESENTATION_CONTEXT() REPRESENTATION_CONTEXT('2D SPACE',''
  ) );
#4903 = PCURVE('',#4401,#4904);
#4904 = DEFINITIONAL_REPRESENTATION('',(#4905),#4909);
#4905 = LINE('',#4906,#4907);
#4906 = CARTESIAN_POINT('',(-33.36187845303,16.));
#4907 = VECTOR('',#4908,1.);
#4908 = DIRECTION('',(0.,-1.));
#4909 = ( GEOMETRIC_REPRESENTATION_CONTEXT(2) 
PARAMETRIC_REPRESENTATION_CONTEXT() REPRESENTATION_CONTEXT('2D SPACE',''
  ) );
#4910 = ADVANCED_FACE('',(#4911),#4401,.F.);
#4911 = FACE_BOUND('',#4912,.F.);
#4912 = EDGE_LOOP('',(#4913,#4914,#4915,#4916,#4917,#4918,#4919,#4920));
#4913 = ORIENTED_EDGE('',*,*,#4387,.T.);
#4914 = ORIENTED_EDGE('',*,*,#4468,.T.);
#4915 = ORIENTED_EDGE('',*,*,#4544,.T.);
#4916 = ORIENTED_EDGE('',*,*,#4620,.T.);
#4917 = ORIENTED_EDGE('',*,*,#4696,.T.);
#4918 = ORIENTED_EDGE('',*,*,#4772,.T.);
#4919 = ORIENTED_EDGE('',*,*,#4843,.T.);
#4920 = ORIENTED_EDGE('',*,*,#4890,.T.);
#4921 = ADVANCED_FACE('',(#4922),#4347,.T.);
#4922 = FACE_BOUND('',#4923,.T.);
#4923 = EDGE_LOOP('',(#4924,#4925,#4926,#4927,#4928,#4929,#4930,#4931));
#4924 = ORIENTED_EDGE('',*,*,#4331,.T.);
#4925 = ORIENTED_EDGE('',*,*,#4417,.T.);
#4926 = ORIENTED_EDGE('',*,*,#4493,.T.);
#4927 = ORIENTED_EDGE('',*,*,#4569,.T.);
#4928 = ORIENTED_EDGE('',*,*,#4645,.T.);
#4929 = ORIENTED_EDGE('',*,*,#4721,.T.);
#4930 = ORIENTED_EDGE('',*,*,#4797,.T.);
#4931 = ORIENTED_EDGE('',*,*,#4868,.T.);
#4932 = ( GEOMETRIC_REPRESENTATION_CONTEXT(3) 
GLOBAL_UNCERTAINTY_ASSIGNED_CONTEXT((#4936)) 
GLOBAL_UNIT_ASSIGNED_CONTEXT((#4933,#4934,#4935)) REPRESENTATION_CONTEXT
('Context #1','3D Context with UNIT and UNCERTAINTY') );
#4933 = ( LENGTH_UNIT() NAMED_UNIT(*) SI_UNIT(.MILLI.,.METRE.) );
#4934 = ( NAMED_UNIT(*) PLANE_ANGLE_UNIT() SI_UNIT($,.RADIAN.) );
#4935 = ( NAMED_UNIT(*) SI_UNIT($,.STERADIAN.) SOLID_ANGLE_UNIT() );
#4936 = UNCERTAINTY_MEASURE_WITH_UNIT(LENGTH_MEASURE(1.E-07),#4933,
  'distance_accuracy_value','confusion accuracy');
#4937 = CONTEXT_DEPENDENT_SHAPE_REPRESENTATION(#4938,#4940);
#4938 = ( REPRESENTATION_RELATIONSHIP('','',#4289,#10) 
REPRESENTATION_RELATIONSHIP_WITH_TRANSFORMATION(#4939) 
SHAPE_REPRESENTATION_RELATIONSHIP() );
#4939 = ITEM_DEFINED_TRANSFORMATION('','',#11,#51);
#4940 = PRODUCT_DEFINITION_SHAPE('Placement','Placement of an item',
  #4941);
#4941 = NEXT_ASSEMBLY_USAGE_OCCURRENCE('21','','',#5,#4284,$);
#4942 = PRODUCT_RELATED_PRODUCT_CATEGORY('part',$,(#4286));
#4943 = SHAPE_DEFINITION_REPRESENTATION(#4944,#4950);
#4944 = PRODUCT_DEFINITION_SHAPE('','',#4945);
#4945 = PRODUCT_DEFINITION('design','',#4946,#4949);
#4946 = PRODUCT_DEFINITION_FORMATION('','',#4947);
#4947 = PRODUCT('Open CASCADE STEP translator 7.8 12.11',
  'Open CASCADE STEP translator 7.8 12.11','',(#4948));
#4948 = PRODUCT_CONTEXT('',#2,'mechanical');
#4949 = PRODUCT_DEFINITION_CONTEXT('part definition',#2,'design');
#4950 = ADVANCED_BREP_SHAPE_REPRESENTATION('',(#11,#4951),#5133);
#4951 = MANIFOLD_SOLID_BREP('',#4952);
#4952 = CLOSED_SHELL('',(#4953,#5041,#5119,#5126));
#4953 = ADVANCED_FACE('',(#4954),#4968,.T.);
#4954 = FACE_BOUND('',#4955,.F.);
#4955 = EDGE_LOOP('',(#4956,#4986,#5013,#5014));
#4956 = ORIENTED_EDGE('',*,*,#4957,.T.);
#4957 = EDGE_CURVE('',#4958,#4960,#4962,.T.);
#4958 = VERTEX_POINT('',#4959);
#4959 = CARTESIAN_POINT('',(12.7,0.,0.));
#4960 = VERTEX_POINT('',#4961);
#4961 = CARTESIAN_POINT('',(12.7,0.,1.6E+03));
#4962 = SEAM_CURVE('',#4963,(#4967,#4979),.PCURVE_S1.);
#4963 = LINE('',#4964,#4965);
#4964 = CARTESIAN_POINT('',(12.7,0.,0.));
#4965 = VECTOR('',#4966,1.);
#4966 = DIRECTION('',(0.,0.,1.));
#4967 = PCURVE('',#4968,#4973);
#4968 = CYLINDRICAL_SURFACE('',#4969,12.7);
#4969 = AXIS2_PLACEMENT_3D('',#4970,#4971,#4972);
#4970 = CARTESIAN_POINT('',(0.,0.,0.));
#4971 = DIRECTION('',(-0.,-0.,-1.));
#4972 = DIRECTION('',(1.,0.,0.));
#4973 = DEFINITIONAL_REPRESENTATION('',(#4974),#4978);
#4974 = LINE('',#4975,#4976);
#4975 = CARTESIAN_POINT('',(-0.,0.));
#4976 = VECTOR('',#4977,1.);
#4977 = DIRECTION('',(-0.,-1.));
#4978 = ( GEOMETRIC_REPRESENTATION_CONTEXT(2) 
PARAMETRIC_REPRESENTATION_CONTEXT() REPRESENTATION_CONTEXT('2D SPACE',''
  ) );
#4979 = PCURVE('',#4968,#4980);
#4980 = DEFINITIONAL_REPRESENTATION('',(#4981),#4985);
#4981 = LINE('',#4982,#4983);
#4982 = CARTESIAN_POINT('',(-6.28318530718,0.));
#4983 = VECTOR('',#4984,1.);
#4984 = DIRECTION('',(-0.,-1.));
#4985 = ( GEOMETRIC_REPRESENTATION_CONTEXT(2) 
PARAMETRIC_REPRESENTATION_CONTEXT() REPRESENTATION_CONTEXT('2D SPACE',''
  ) );
#4986 = ORIENTED_EDGE('',*,*,#4987,.T.);
#4987 = EDGE_CURVE('',#4960,#4960,#4988,.T.);
#4988 = SURFACE_CURVE('',#4989,(#4994,#5001),.PCURVE_S1.);
#4989 = CIRCLE('',#4990,12.7);
#4990 = AXIS2_PLACEMENT_3D('',#4991,#4992,#4993);
#4991 = CARTESIAN_POINT('',(0.,0.,1.6E+03));
#4992 = DIRECTION('',(0.,0.,1.));
#4993 = DIRECTION('',(1.,0.,0.));
#4994 = PCURVE('',#4968,#4995);
#4995 = DEFINITIONAL_REPRESENTATION('',(#4996),#5000);
#4996 = LINE('',#4997,#4998);
#4997 = CARTESIAN_POINT('',(-0.,-1.6E+03));
#4998 = VECTOR('',#4999,1.);
#4999 = DIRECTION('',(-1.,0.));
#5000 = ( GEOMETRIC_REPRESENTATION_CONTEXT(2) 
PARAMETRIC_REPRESENTATION_CONTEXT() REPRESENTATION_CONTEXT('2D SPACE',''
  ) );
#5001 = PCURVE('',#5002,#5007);
#5002 = PLANE('',#5003);
#5003 = AXIS2_PLACEMENT_3D('',#5004,#5005,#5006);
#5004 = CARTESIAN_POINT('',(0.,1.204325410458E-15,1.6E+03));
#5005 = DIRECTION('',(0.,0.,1.));
#5006 = DIRECTION('',(1.,0.,-0.));
#5007 = DEFINITIONAL_REPRESENTATION('',(#5008),#5012);
#5008 = CIRCLE('',#5009,12.7);
#5009 = AXIS2_PLACEMENT_2D('',#5010,#5011);
#5010 = CARTESIAN_POINT('',(0.,-1.204325410458E-15));
#5011 = DIRECTION('',(1.,0.));
#5012 = ( GEOMETRIC_REPRESENTATION_CONTEXT(2) 
PARAMETRIC_REPRESENTATION_CONTEXT() REPRESENTATION_CONTEXT('2D SPACE',''
  ) );
#5013 = ORIENTED_EDGE('',*,*,#4957,.F.);
#5014 = ORIENTED_EDGE('',*,*,#5015,.F.);
#5015 = EDGE_CURVE('',#4958,#4958,#5016,.T.);
#5016 = SURFACE_CURVE('',#5017,(#5022,#5029),.PCURVE_S1.);
#5017 = CIRCLE('',#5018,12.7);
#5018 = AXIS2_PLACEMENT_3D('',#5019,#5020,#5021);
#5019 = CARTESIAN_POINT('',(0.,0.,0.));
#5020 = DIRECTION('',(0.,0.,1.));
#5021 = DIRECTION('',(1.,0.,0.));
#5022 = PCURVE('',#4968,#5023);
#5023 = DEFINITIONAL_REPRESENTATION('',(#5024),#5028);
#5024 = LINE('',#5025,#5026);
#5025 = CARTESIAN_POINT('',(-0.,0.));
#5026 = VECTOR('',#5027,1.);
#5027 = DIRECTION('',(-1.,0.));
#5028 = ( GEOMETRIC_REPRESENTATION_CONTEXT(2) 
PARAMETRIC_REPRESENTATION_CONTEXT() REPRESENTATION_CONTEXT('2D SPACE',''
  ) );
#5029 = PCURVE('',#5030,#5035);
#5030 = PLANE('',#5031);
#5031 = AXIS2_PLACEMENT_3D('',#5032,#5033,#5034);
#5032 = CARTESIAN_POINT('',(0.,1.204325410458E-15,0.));
#5033 = DIRECTION('',(0.,0.,1.));
#5034 = DIRECTION('',(1.,0.,-0.));
#5035 = DEFINITIONAL_REPRESENTATION('',(#5036),#5040);
#5036 = CIRCLE('',#5037,12.7);
#5037 = AXIS2_PLACEMENT_2D('',#5038,#5039);
#5038 = CARTESIAN_POINT('',(0.,-1.204325410458E-15));
#5039 = DIRECTION('',(1.,0.));
#5040 = ( GEOMETRIC_REPRESENTATION_CONTEXT(2) 
PARAMETRIC_REPRESENTATION_CONTEXT() REPRESENTATION_CONTEXT('2D SPACE',''
  ) );
#5041 = ADVANCED_FACE('',(#5042),#5056,.F.);
#5042 = FACE_BOUND('',#5043,.T.);
#5043 = EDGE_LOOP('',(#5044,#5074,#5096,#5097));
#5044 = ORIENTED_EDGE('',*,*,#5045,.T.);
#5045 = EDGE_CURVE('',#5046,#5048,#5050,.T.);
#5046 = VERTEX_POINT('',#5047);
#5047 = CARTESIAN_POINT('',(10.2,5.594824691024E-16,0.));
#5048 = VERTEX_POINT('',#5049);
#5049 = CARTESIAN_POINT('',(10.2,5.594824691024E-16,1.6E+03));
#5050 = SEAM_CURVE('',#5051,(#5055,#5067),.PCURVE_S1.);
#5051 = LINE('',#5052,#5053);
#5052 = CARTESIAN_POINT('',(10.2,5.594824691024E-16,0.));
#5053 = VECTOR('',#5054,1.);
#5054 = DIRECTION('',(0.,0.,1.));
#5055 = PCURVE('',#5056,#5061);
#5056 = CYLINDRICAL_SURFACE('',#5057,10.2);
#5057 = AXIS2_PLACEMENT_3D('',#5058,#5059,#5060);
#5058 = CARTESIAN_POINT('',(5.986462419396E-14,5.594824691024E-16,0.));
#5059 = DIRECTION('',(-0.,-0.,-1.));
#5060 = DIRECTION('',(1.,0.,0.));
#5061 = DEFINITIONAL_REPRESENTATION('',(#5062),#5066);
#5062 = LINE('',#5063,#5064);
#5063 = CARTESIAN_POINT('',(-0.,0.));
#5064 = VECTOR('',#5065,1.);
#5065 = DIRECTION('',(-0.,-1.));
#5066 = ( GEOMETRIC_REPRESENTATION_CONTEXT(2) 
PARAMETRIC_REPRESENTATION_CONTEXT() REPRESENTATION_CONTEXT('2D SPACE',''
  ) );
#5067 = PCURVE('',#5056,#5068);
#5068 = DEFINITIONAL_REPRESENTATION('',(#5069),#5073);
#5069 = LINE('',#5070,#5071);
#5070 = CARTESIAN_POINT('',(-6.28318530718,0.));
#5071 = VECTOR('',#5072,1.);
#5072 = DIRECTION('',(-0.,-1.));
#5073 = ( GEOMETRIC_REPRESENTATION_CONTEXT(2) 
PARAMETRIC_REPRESENTATION_CONTEXT() REPRESENTATION_CONTEXT('2D SPACE',''
  ) );
#5074 = ORIENTED_EDGE('',*,*,#5075,.T.);
#5075 = EDGE_CURVE('',#5048,#5048,#5076,.T.);
#5076 = SURFACE_CURVE('',#5077,(#5082,#5089),.PCURVE_S1.);
#5077 = CIRCLE('',#5078,10.2);
#5078 = AXIS2_PLACEMENT_3D('',#5079,#5080,#5081);
#5079 = CARTESIAN_POINT('',(5.986462419396E-14,5.594824691024E-16,
    1.6E+03));
#5080 = DIRECTION('',(0.,0.,1.));
#5081 = DIRECTION('',(1.,0.,0.));
#5082 = PCURVE('',#5056,#5083);
#5083 = DEFINITIONAL_REPRESENTATION('',(#5084),#5088);
#5084 = LINE('',#5085,#5086);
#5085 = CARTESIAN_POINT('',(-0.,-1.6E+03));
#5086 = VECTOR('',#5087,1.);
#5087 = DIRECTION('',(-1.,0.));
#5088 = ( GEOMETRIC_REPRESENTATION_CONTEXT(2) 
PARAMETRIC_REPRESENTATION_CONTEXT() REPRESENTATION_CONTEXT('2D SPACE',''
  ) );
#5089 = PCURVE('',#5002,#5090);
#5090 = DEFINITIONAL_REPRESENTATION('',(#5091),#5095);
#5091 = CIRCLE('',#5092,10.2);
#5092 = AXIS2_PLACEMENT_2D('',#5093,#5094);
#5093 = CARTESIAN_POINT('',(5.986462419396E-14,-6.448429413554E-16));
#5094 = DIRECTION('',(1.,0.));
#5095 = ( GEOMETRIC_REPRESENTATION_CONTEXT(2) 
PARAMETRIC_REPRESENTATION_CONTEXT() REPRESENTATION_CONTEXT('2D SPACE',''
  ) );
#5096 = ORIENTED_EDGE('',*,*,#5045,.F.);
#5097 = ORIENTED_EDGE('',*,*,#5098,.F.);
#5098 = EDGE_CURVE('',#5046,#5046,#5099,.T.);
#5099 = SURFACE_CURVE('',#5100,(#5105,#5112),.PCURVE_S1.);
#5100 = CIRCLE('',#5101,10.2);
#5101 = AXIS2_PLACEMENT_3D('',#5102,#5103,#5104);
#5102 = CARTESIAN_POINT('',(5.986462419396E-14,5.594824691024E-16,0.));
#5103 = DIRECTION('',(0.,0.,1.));
#5104 = DIRECTION('',(1.,0.,0.));
#5105 = PCURVE('',#5056,#5106);
#5106 = DEFINITIONAL_REPRESENTATION('',(#5107),#5111);
#5107 = LINE('',#5108,#5109);
#5108 = CARTESIAN_POINT('',(-0.,0.));
#5109 = VECTOR('',#5110,1.);
#5110 = DIRECTION('',(-1.,0.));
#5111 = ( GEOMETRIC_REPRESENTATION_CONTEXT(2) 
PARAMETRIC_REPRESENTATION_CONTEXT() REPRESENTATION_CONTEXT('2D SPACE',''
  ) );
#5112 = PCURVE('',#5030,#5113);
#5113 = DEFINITIONAL_REPRESENTATION('',(#5114),#5118);
#5114 = CIRCLE('',#5115,10.2);
#5115 = AXIS2_PLACEMENT_2D('',#5116,#5117);
#5116 = CARTESIAN_POINT('',(5.986462419396E-14,-6.448429413554E-16));
#5117 = DIRECTION('',(1.,0.));
#5118 = ( GEOMETRIC_REPRESENTATION_CONTEXT(2) 
PARAMETRIC_REPRESENTATION_CONTEXT() REPRESENTATION_CONTEXT('2D SPACE',''
  ) );
#5119 = ADVANCED_FACE('',(#5120,#5123),#5030,.F.);
#5120 = FACE_BOUND('',#5121,.F.);
#5121 = EDGE_LOOP('',(#5122));
#5122 = ORIENTED_EDGE('',*,*,#5015,.T.);
#5123 = FACE_BOUND('',#5124,.F.);
#5124 = EDGE_LOOP('',(#5125));
#5125 = ORIENTED_EDGE('',*,*,#5098,.F.);
#5126 = ADVANCED_FACE('',(#5127,#5130),#5002,.T.);
#5127 = FACE_BOUND('',#5128,.T.);
#5128 = EDGE_LOOP('',(#5129));
#5129 = ORIENTED_EDGE('',*,*,#4987,.T.);
#5130 = FACE_BOUND('',#5131,.T.);
#5131 = EDGE_LOOP('',(#5132));
#5132 = ORIENTED_EDGE('',*,*,#5075,.F.);
#5133 = ( GEOMETRIC_REPRESENTATION_CONTEXT(3) 
GLOBAL_UNCERTAINTY_ASSIGNED_CONTEXT((#5137)) 
GLOBAL_UNIT_ASSIGNED_CONTEXT((#5134,#5135,#5136)) REPRESENTATION_CONTEXT
('Context #1','3D Context with UNIT and UNCERTAINTY') );
#5134 = ( LENGTH_UNIT() NAMED_UNIT(*) SI_UNIT(.MILLI.,.METRE.) );
#5135 = ( NAMED_UNIT(*) PLANE_ANGLE_UNIT() SI_UNIT($,.RADIAN.) );
#5136 = ( NAMED_UNIT(*) SI_UNIT($,.STERADIAN.) SOLID_ANGLE_UNIT() );
#5137 = UNCERTAINTY_MEASURE_WITH_UNIT(LENGTH_MEASURE(1.E-07),#5134,
  'distance_accuracy_value','confusion accuracy');
#5138 = CONTEXT_DEPENDENT_SHAPE_REPRESENTATION(#5139,#5141);
#5139 = ( REPRESENTATION_RELATIONSHIP('','',#4950,#10) 
REPRESENTATION_RELATIONSHIP_WITH_TRANSFORMATION(#5140) 
SHAPE_REPRESENTATION_RELATIONSHIP() );
#5140 = ITEM_DEFINED_TRANSFORMATION('','',#11,#55);
#5141 = PRODUCT_DEFINITION_SHAPE('Placement','Placement of an item',
  #5142);
#5142 = NEXT_ASSEMBLY_USAGE_OCCURRENCE('22','','',#5,#4945,$);
#5143 = PRODUCT_RELATED_PRODUCT_CATEGORY('part',$,(#4947));
#5144 = SHAPE_DEFINITION_REPRESENTATION(#5145,#5151);
#5145 = PRODUCT_DEFINITION_SHAPE('','',#5146);
#5146 = PRODUCT_DEFINITION('design','',#5147,#5150);
#5147 = PRODUCT_DEFINITION_FORMATION('','',#5148);
#5148 = PRODUCT('Open CASCADE STEP translator 7.8 12.12',
  'Open CASCADE STEP translator 7.8 12.12','',(#5149));
#5149 = PRODUCT_CONTEXT('',#2,'mechanical');
#5150 = PRODUCT_DEFINITION_CONTEXT('part definition',#2,'design');
#5151 = ADVANCED_BREP_SHAPE_REPRESENTATION('',(#11,#5152),#6046);
#5152 = MANIFOLD_SOLID_BREP('',#5153);
#5153 = CLOSED_SHELL('',(#5154,#5274,#5350,#5574,#5623,#5650,#5657,#5712
    ,#5767,#5822,#5877,#5932,#5971,#5975,#5979,#5983,#5987,#6042));
#5154 = ADVANCED_FACE('',(#5155),#5169,.F.);
#5155 = FACE_BOUND('',#5156,.F.);
#5156 = EDGE_LOOP('',(#5157,#5192,#5220,#5248));
#5157 = ORIENTED_EDGE('',*,*,#5158,.F.);
#5158 = EDGE_CURVE('',#5159,#5161,#5163,.T.);
#5159 = VERTEX_POINT('',#5160);
#5160 = CARTESIAN_POINT('',(-75.,-60.,-2.));
#5161 = VERTEX_POINT('',#5162);
#5162 = CARTESIAN_POINT('',(-75.,-60.,2.));
#5163 = SURFACE_CURVE('',#5164,(#5168,#5180),.PCURVE_S1.);
#5164 = LINE('',#5165,#5166);
#5165 = CARTESIAN_POINT('',(-75.,-60.,-2.));
#5166 = VECTOR('',#5167,1.);
#5167 = DIRECTION('',(0.,0.,1.));
#5168 = PCURVE('',#5169,#5174);
#5169 = PLANE('',#5170);
#5170 = AXIS2_PLACEMENT_3D('',#5171,#5172,#5173);
#5171 = CARTESIAN_POINT('',(-75.,-60.,-2.));
#5172 = DIRECTION('',(1.,0.,0.));
#5173 = DIRECTION('',(0.,0.,1.));
#5174 = DEFINITIONAL_REPRESENTATION('',(#5175),#5179);
#5175 = LINE('',#5176,#5177);
#5176 = CARTESIAN_POINT('',(0.,0.));
#5177 = VECTOR('',#5178,1.);
#5178 = DIRECTION('',(1.,0.));
#5179 = ( GEOMETRIC_REPRESENTATION_CONTEXT(2) 
PARAMETRIC_REPRESENTATION_CONTEXT() REPRESENTATION_CONTEXT('2D SPACE',''
  ) );
#5180 = PCURVE('',#5181,#5186);
#5181 = PLANE('',#5182);
#5182 = AXIS2_PLACEMENT_3D('',#5183,#5184,#5185);
#5183 = CARTESIAN_POINT('',(-75.,-60.,-2.));
#5184 = DIRECTION('',(0.,1.,0.));
#5185 = DIRECTION('',(0.,0.,1.));
#5186 = DEFINITIONAL_REPRESENTATION('',(#5187),#5191);
#5187 = LINE('',#5188,#5189);
#5188 = CARTESIAN_POINT('',(0.,0.));
#5189 = VECTOR('',#5190,1.);
#5190 = DIRECTION('',(1.,0.));
#5191 = ( GEOMETRIC_REPRESENTATION_CONTEXT(2) 
PARAMETRIC_REPRESENTATION_CONTEXT() REPRESENTATION_CONTEXT('2D SPACE',''
  ) );
#5192 = ORIENTED_EDGE('',*,*,#5193,.T.);
#5193 = EDGE_CURVE('',#5159,#5194,#5196,.T.);
#5194 = VERTEX_POINT('',#5195);
#5195 = CARTESIAN_POINT('',(-75.,60.,-2.));
#5196 = SURFACE_CURVE('',#5197,(#5201,#5208),.PCURVE_S1.);
#5197 = LINE('',#5198,#5199);
#5198 = CARTESIAN_POINT('',(-75.,-60.,-2.));
#5199 = VECTOR('',#5200,1.);
#5200 = DIRECTION('',(0.,1.,0.));
#5201 = PCURVE('',#5169,#5202);
#5202 = DEFINITIONAL_REPRESENTATION('',(#5203),#5207);
#5203 = LINE('',#5204,#5205);
#5204 = CARTESIAN_POINT('',(0.,0.));
#5205 = VECTOR('',#5206,1.);
#5206 = DIRECTION('',(0.,-1.));
#5207 = ( GEOMETRIC_REPRESENTATION_CONTEXT(2) 
PARAMETRIC_REPRESENTATION_CONTEXT() REPRESENTATION_CONTEXT('2D SPACE',''
  ) );
#5208 = PCURVE('',#5209,#5214);
#5209 = PLANE('',#5210);
#5210 = AXIS2_PLACEMENT_3D('',#5211,#5212,#5213);
#5211 = CARTESIAN_POINT('',(-75.,-60.,-2.));
#5212 = DIRECTION('',(0.,0.,1.));
#5213 = DIRECTION('',(1.,0.,0.));
#5214 = DEFINITIONAL_REPRESENTATION('',(#5215),#5219);
#5215 = LINE('',#5216,#5217);
#5216 = CARTESIAN_POINT('',(0.,0.));
#5217 = VECTOR('',#5218,1.);
#5218 = DIRECTION('',(0.,1.));
#5219 = ( GEOMETRIC_REPRESENTATION_CONTEXT(2) 
PARAMETRIC_REPRESENTATION_CONTEXT() REPRESENTATION_CONTEXT('2D SPACE',''
  ) );
#5220 = ORIENTED_EDGE('',*,*,#5221,.T.);
#5221 = EDGE_CURVE('',#5194,#5222,#5224,.T.);
#5222 = VERTEX_POINT('',#5223);
#5223 = CARTESIAN_POINT('',(-75.,60.,2.));
#5224 = SURFACE_CURVE('',#5225,(#5229,#5236),.PCURVE_S1.);
#5225 = LINE('',#5226,#5227);
#5226 = CARTESIAN_POINT('',(-75.,60.,-2.));
#5227 = VECTOR('',#5228,1.);
#5228 = DIRECTION('',(0.,0.,1.));
#5229 = PCURVE('',#5169,#5230);
#5230 = DEFINITIONAL_REPRESENTATION('',(#5231),#5235);
#5231 = LINE('',#5232,#5233);
#5232 = CARTESIAN_POINT('',(0.,-120.));
#5233 = VECTOR('',#5234,1.);
#5234 = DIRECTION('',(1.,0.));
#5235 = ( GEOMETRIC_REPRESENTATION_CONTEXT(2) 
PARAMETRIC_REPRESENTATION_CONTEXT() REPRESENTATION_CONTEXT('2D SPACE',''
  ) );
#5236 = PCURVE('',#5237,#5242);
#5237 = PLANE('',#5238);
#5238 = AXIS2_PLACEMENT_3D('',#5239,#5240,#5241);
#5239 = CARTESIAN_POINT('',(-75.,60.,-2.));
#5240 = DIRECTION('',(0.,1.,0.));
#5241 = DIRECTION('',(0.,0.,1.));
#5242 = DEFINITIONAL_REPRESENTATION('',(#5243),#5247);
#5243 = LINE('',#5244,#5245);
#5244 = CARTESIAN_POINT('',(0.,0.));
#5245 = VECTOR('',#5246,1.);
#5246 = DIRECTION('',(1.,0.));
#5247 = ( GEOMETRIC_REPRESENTATION_CONTEXT(2) 
PARAMETRIC_REPRESENTATION_CONTEXT() REPRESENTATION_CONTEXT('2D SPACE',''
  ) );
#5248 = ORIENTED_EDGE('',*,*,#5249,.F.);
#5249 = EDGE_CURVE('',#5161,#5222,#5250,.T.);
#5250 = SURFACE_CURVE('',#5251,(#5255,#5262),.PCURVE_S1.);
#5251 = LINE('',#5252,#5253);
#5252 = CARTESIAN_POINT('',(-75.,-60.,2.));
#5253 = VECTOR('',#5254,1.);
#5254 = DIRECTION('',(0.,1.,0.));
#5255 = PCURVE('',#5169,#5256);
#5256 = DEFINITIONAL_REPRESENTATION('',(#5257),#5261);
#5257 = LINE('',#5258,#5259);
#5258 = CARTESIAN_POINT('',(4.,0.));
#5259 = VECTOR('',#5260,1.);
#5260 = DIRECTION('',(0.,-1.));
#5261 = ( GEOMETRIC_REPRESENTATION_CONTEXT(2) 
PARAMETRIC_REPRESENTATION_CONTEXT() REPRESENTATION_CONTEXT('2D SPACE',''
  ) );
#5262 = PCURVE('',#5263,#5268);
#5263 = PLANE('',#5264);
#5264 = AXIS2_PLACEMENT_3D('',#5265,#5266,#5267);
#5265 = CARTESIAN_POINT('',(-75.,-60.,2.));
#5266 = DIRECTION('',(0.,0.,1.));
#5267 = DIRECTION('',(1.,0.,0.));
#5268 = DEFINITIONAL_REPRESENTATION('',(#5269),#5273);
#5269 = LINE('',#5270,#5271);
#5270 = CARTESIAN_POINT('',(0.,0.));
#5271 = VECTOR('',#5272,1.);
#5272 = DIRECTION('',(0.,1.));
#5273 = ( GEOMETRIC_REPRESENTATION_CONTEXT(2) 
PARAMETRIC_REPRESENTATION_CONTEXT() REPRESENTATION_CONTEXT('2D SPACE',''
  ) );
#5274 = ADVANCED_FACE('',(#5275),#5181,.F.);
#5275 = FACE_BOUND('',#5276,.F.);
#5276 = EDGE_LOOP('',(#5277,#5300,#5301,#5324));
#5277 = ORIENTED_EDGE('',*,*,#5278,.F.);
#5278 = EDGE_CURVE('',#5159,#5279,#5281,.T.);
#5279 = VERTEX_POINT('',#5280);
#5280 = CARTESIAN_POINT('',(75.,-60.,-2.));
#5281 = SURFACE_CURVE('',#5282,(#5286,#5293),.PCURVE_S1.);
#5282 = LINE('',#5283,#5284);
#5283 = CARTESIAN_POINT('',(-75.,-60.,-2.));
#5284 = VECTOR('',#5285,1.);
#5285 = DIRECTION('',(1.,0.,0.));
#5286 = PCURVE('',#5181,#5287);
#5287 = DEFINITIONAL_REPRESENTATION('',(#5288),#5292);
#5288 = LINE('',#5289,#5290);
#5289 = CARTESIAN_POINT('',(0.,0.));
#5290 = VECTOR('',#5291,1.);
#5291 = DIRECTION('',(0.,1.));
#5292 = ( GEOMETRIC_REPRESENTATION_CONTEXT(2) 
PARAMETRIC_REPRESENTATION_CONTEXT() REPRESENTATION_CONTEXT('2D SPACE',''
  ) );
#5293 = PCURVE('',#5209,#5294);
#5294 = DEFINITIONAL_REPRESENTATION('',(#5295),#5299);
#5295 = LINE('',#5296,#5297);
#5296 = CARTESIAN_POINT('',(0.,0.));
#5297 = VECTOR('',#5298,1.);
#5298 = DIRECTION('',(1.,0.));
#5299 = ( GEOMETRIC_REPRESENTATION_CONTEXT(2) 
PARAMETRIC_REPRESENTATION_CONTEXT() REPRESENTATION_CONTEXT('2D SPACE',''
  ) );
#5300 = ORIENTED_EDGE('',*,*,#5158,.T.);
#5301 = ORIENTED_EDGE('',*,*,#5302,.T.);
#5302 = EDGE_CURVE('',#5161,#5303,#5305,.T.);
#5303 = VERTEX_POINT('',#5304);
#5304 = CARTESIAN_POINT('',(75.,-60.,2.));
#5305 = SURFACE_CURVE('',#5306,(#5310,#5317),.PCURVE_S1.);
#5306 = LINE('',#5307,#5308);
#5307 = CARTESIAN_POINT('',(-75.,-60.,2.));
#5308 = VECTOR('',#5309,1.);
#5309 = DIRECTION('',(1.,0.,0.));
#5310 = PCURVE('',#5181,#5311);
#5311 = DEFINITIONAL_REPRESENTATION('',(#5312),#5316);
#5312 = LINE('',#5313,#5314);
#5313 = CARTESIAN_POINT('',(4.,0.));
#5314 = VECTOR('',#5315,1.);
#5315 = DIRECTION('',(0.,1.));
#5316 = ( GEOMETRIC_REPRESENTATION_CONTEXT(2) 
PARAMETRIC_REPRESENTATION_CONTEXT() REPRESENTATION_CONTEXT('2D SPACE',''
  ) );
#5317 = PCURVE('',#5263,#5318);
#5318 = DEFINITIONAL_REPRESENTATION('',(#5319),#5323);
#5319 = LINE('',#5320,#5321);
#5320 = CARTESIAN_POINT('',(0.,0.));
#5321 = VECTOR('',#5322,1.);
#5322 = DIRECTION('',(1.,0.));
#5323 = ( GEOMETRIC_REPRESENTATION_CONTEXT(2) 
PARAMETRIC_REPRESENTATION_CONTEXT() REPRESENTATION_CONTEXT('2D SPACE',''
  ) );
#5324 = ORIENTED_EDGE('',*,*,#5325,.F.);
#5325 = EDGE_CURVE('',#5279,#5303,#5326,.T.);
#5326 = SURFACE_CURVE('',#5327,(#5331,#5338),.PCURVE_S1.);
#5327 = LINE('',#5328,#5329);
#5328 = CARTESIAN_POINT('',(75.,-60.,-2.));
#5329 = VECTOR('',#5330,1.);
#5330 = DIRECTION('',(0.,0.,1.));
#5331 = PCURVE('',#5181,#5332);
#5332 = DEFINITIONAL_REPRESENTATION('',(#5333),#5337);
#5333 = LINE('',#5334,#5335);
#5334 = CARTESIAN_POINT('',(0.,150.));
#5335 = VECTOR('',#5336,1.);
#5336 = DIRECTION('',(1.,0.));
#5337 = ( GEOMETRIC_REPRESENTATION_CONTEXT(2) 
PARAMETRIC_REPRESENTATION_CONTEXT() REPRESENTATION_CONTEXT('2D SPACE',''
  ) );
#5338 = PCURVE('',#5339,#5344);
#5339 = PLANE('',#5340);
#5340 = AXIS2_PLACEMENT_3D('',#5341,#5342,#5343);
#5341 = CARTESIAN_POINT('',(75.,-60.,-2.));
#5342 = DIRECTION('',(1.,0.,0.));
#5343 = DIRECTION('',(0.,0.,1.));
#5344 = DEFINITIONAL_REPRESENTATION('',(#5345),#5349);
#5345 = LINE('',#5346,#5347);
#5346 = CARTESIAN_POINT('',(0.,0.));
#5347 = VECTOR('',#5348,1.);
#5348 = DIRECTION('',(1.,0.));
#5349 = ( GEOMETRIC_REPRESENTATION_CONTEXT(2) 
PARAMETRIC_REPRESENTATION_CONTEXT() REPRESENTATION_CONTEXT('2D SPACE',''
  ) );
#5350 = ADVANCED_FACE('',(#5351,#5399,#5434,#5469,#5504,#5539),#5263,.T.
  );
#5351 = FACE_BOUND('',#5352,.T.);
#5352 = EDGE_LOOP('',(#5353,#5354,#5355,#5378));
#5353 = ORIENTED_EDGE('',*,*,#5249,.F.);
#5354 = ORIENTED_EDGE('',*,*,#5302,.T.);
#5355 = ORIENTED_EDGE('',*,*,#5356,.T.);
#5356 = EDGE_CURVE('',#5303,#5357,#5359,.T.);
#5357 = VERTEX_POINT('',#5358);
#5358 = CARTESIAN_POINT('',(75.,60.,2.));
#5359 = SURFACE_CURVE('',#5360,(#5364,#5371),.PCURVE_S1.);
#5360 = LINE('',#5361,#5362);
#5361 = CARTESIAN_POINT('',(75.,-60.,2.));
#5362 = VECTOR('',#5363,1.);
#5363 = DIRECTION('',(0.,1.,0.));
#5364 = PCURVE('',#5263,#5365);
#5365 = DEFINITIONAL_REPRESENTATION('',(#5366),#5370);
#5366 = LINE('',#5367,#5368);
#5367 = CARTESIAN_POINT('',(150.,0.));
#5368 = VECTOR('',#5369,1.);
#5369 = DIRECTION('',(0.,1.));
#5370 = ( GEOMETRIC_REPRESENTATION_CONTEXT(2) 
PARAMETRIC_REPRESENTATION_CONTEXT() REPRESENTATION_CONTEXT('2D SPACE',''
  ) );
#5371 = PCURVE('',#5339,#5372);
#5372 = DEFINITIONAL_REPRESENTATION('',(#5373),#5377);
#5373 = LINE('',#5374,#5375);
#5374 = CARTESIAN_POINT('',(4.,0.));
#5375 = VECTOR('',#5376,1.);
#5376 = DIRECTION('',(0.,-1.));
#5377 = ( GEOMETRIC_REPRESENTATION_CONTEXT(2) 
PARAMETRIC_REPRESENTATION_CONTEXT() REPRESENTATION_CONTEXT('2D SPACE',''
  ) );
#5378 = ORIENTED_EDGE('',*,*,#5379,.F.);
#5379 = EDGE_CURVE('',#5222,#5357,#5380,.T.);
#5380 = SURFACE_CURVE('',#5381,(#5385,#5392),.PCURVE_S1.);
#5381 = LINE('',#5382,#5383);
#5382 = CARTESIAN_POINT('',(-75.,60.,2.));
#5383 = VECTOR('',#5384,1.);
#5384 = DIRECTION('',(1.,0.,0.));
#5385 = PCURVE('',#5263,#5386);
#5386 = DEFINITIONAL_REPRESENTATION('',(#5387),#5391);
#5387 = LINE('',#5388,#5389);
#5388 = CARTESIAN_POINT('',(0.,120.));
#5389 = VECTOR('',#5390,1.);
#5390 = DIRECTION('',(1.,0.));
#5391 = ( GEOMETRIC_REPRESENTATION_CONTEXT(2) 
PARAMETRIC_REPRESENTATION_CONTEXT() REPRESENTATION_CONTEXT('2D SPACE',''
  ) );
#5392 = PCURVE('',#5237,#5393);
#5393 = DEFINITIONAL_REPRESENTATION('',(#5394),#5398);
#5394 = LINE('',#5395,#5396);
#5395 = CARTESIAN_POINT('',(4.,0.));
#5396 = VECTOR('',#5397,1.);
#5397 = DIRECTION('',(0.,1.));
#5398 = ( GEOMETRIC_REPRESENTATION_CONTEXT(2) 
PARAMETRIC_REPRESENTATION_CONTEXT() REPRESENTATION_CONTEXT('2D SPACE',''
  ) );
#5399 = FACE_BOUND('',#5400,.T.);
#5400 = EDGE_LOOP('',(#5401));
#5401 = ORIENTED_EDGE('',*,*,#5402,.T.);
#5402 = EDGE_CURVE('',#5403,#5403,#5405,.T.);
#5403 = VERTEX_POINT('',#5404);
#5404 = CARTESIAN_POINT('',(26.,-15.,2.));
#5405 = SURFACE_CURVE('',#5406,(#5411,#5422),.PCURVE_S1.);
#5406 = CIRCLE('',#5407,26.);
#5407 = AXIS2_PLACEMENT_3D('',#5408,#5409,#5410);
#5408 = CARTESIAN_POINT('',(0.,-15.,2.));
#5409 = DIRECTION('',(0.,0.,-1.));
#5410 = DIRECTION('',(1.,0.,0.));
#5411 = PCURVE('',#5263,#5412);
#5412 = DEFINITIONAL_REPRESENTATION('',(#5413),#5421);
#5413 = ( BOUNDED_CURVE() B_SPLINE_CURVE(2,(#5414,#5415,#5416,#5417,
#5418,#5419,#5420),.UNSPECIFIED.,.T.,.F.) B_SPLINE_CURVE_WITH_KNOTS((1,2
    ,2,2,2,1),(-2.094395102393,0.,2.094395102393,4.188790204786,
6.28318530718,8.377580409573),.UNSPECIFIED.) CURVE() 
GEOMETRIC_REPRESENTATION_ITEM() RATIONAL_B_SPLINE_CURVE((1.,0.5,1.,0.5,
1.,0.5,1.)) REPRESENTATION_ITEM('') );
#5414 = CARTESIAN_POINT('',(101.,45.));
#5415 = CARTESIAN_POINT('',(101.,-3.332099679079E-02));
#5416 = CARTESIAN_POINT('',(62.,22.483339501605));
#5417 = CARTESIAN_POINT('',(23.,45.));
#5418 = CARTESIAN_POINT('',(62.,67.516660498395));
#5419 = CARTESIAN_POINT('',(101.,90.033320996791));
#5420 = CARTESIAN_POINT('',(101.,45.));
#5421 = ( GEOMETRIC_REPRESENTATION_CONTEXT(2) 
PARAMETRIC_REPRESENTATION_CONTEXT() REPRESENTATION_CONTEXT('2D SPACE',''
  ) );
#5422 = PCURVE('',#5423,#5428);
#5423 = CYLINDRICAL_SURFACE('',#5424,26.);
#5424 = AXIS2_PLACEMENT_3D('',#5425,#5426,#5427);
#5425 = CARTESIAN_POINT('',(0.,-15.,0.));
#5426 = DIRECTION('',(-0.,-0.,-1.));
#5427 = DIRECTION('',(1.,0.,0.));
#5428 = DEFINITIONAL_REPRESENTATION('',(#5429),#5433);
#5429 = LINE('',#5430,#5431);
#5430 = CARTESIAN_POINT('',(-6.28318530718,-2.));
#5431 = VECTOR('',#5432,1.);
#5432 = DIRECTION('',(1.,-0.));
#5433 = ( GEOMETRIC_REPRESENTATION_CONTEXT(2) 
PARAMETRIC_REPRESENTATION_CONTEXT() REPRESENTATION_CONTEXT('2D SPACE',''
  ) );
#5434 = FACE_BOUND('',#5435,.T.);
#5435 = EDGE_LOOP('',(#5436));
#5436 = ORIENTED_EDGE('',*,*,#5437,.T.);
#5437 = EDGE_CURVE('',#5438,#5438,#5440,.T.);
#5438 = VERTEX_POINT('',#5439);
#5439 = CARTESIAN_POINT('',(-44.5,10.,2.));
#5440 = SURFACE_CURVE('',#5441,(#5446,#5457),.PCURVE_S1.);
#5441 = CIRCLE('',#5442,5.5);
#5442 = AXIS2_PLACEMENT_3D('',#5443,#5444,#5445);
#5443 = CARTESIAN_POINT('',(-50.,10.,2.));
#5444 = DIRECTION('',(0.,0.,-1.));
#5445 = DIRECTION('',(1.,0.,0.));
#5446 = PCURVE('',#5263,#5447);
#5447 = DEFINITIONAL_REPRESENTATION('',(#5448),#5456);
#5448 = ( BOUNDED_CURVE() B_SPLINE_CURVE(2,(#5449,#5450,#5451,#5452,
#5453,#5454,#5455),.UNSPECIFIED.,.T.,.F.) B_SPLINE_CURVE_WITH_KNOTS((1,2
    ,2,2,2,1),(-2.094395102393,0.,2.094395102393,4.188790204786,
6.28318530718,8.377580409573),.UNSPECIFIED.) CURVE() 
GEOMETRIC_REPRESENTATION_ITEM() RATIONAL_B_SPLINE_CURVE((1.,0.5,1.,0.5,
1.,0.5,1.)) REPRESENTATION_ITEM('') );
#5449 = CARTESIAN_POINT('',(30.5,70.));
#5450 = CARTESIAN_POINT('',(30.5,60.473720558371));
#5451 = CARTESIAN_POINT('',(22.25,65.236860279186));
#5452 = CARTESIAN_POINT('',(14.,70.));
#5453 = CARTESIAN_POINT('',(22.25,74.763139720814));
#5454 = CARTESIAN_POINT('',(30.5,79.526279441629));
#5455 = CARTESIAN_POINT('',(30.5,70.));
#5456 = ( GEOMETRIC_REPRESENTATION_CONTEXT(2) 
PARAMETRIC_REPRESENTATION_CONTEXT() REPRESENTATION_CONTEXT('2D SPACE',''
  ) );
#5457 = PCURVE('',#5458,#5463);
#5458 = CYLINDRICAL_SURFACE('',#5459,5.5);
#5459 = AXIS2_PLACEMENT_3D('',#5460,#5461,#5462);
#5460 = CARTESIAN_POINT('',(-50.,10.,-1.));
#5461 = DIRECTION('',(-0.,-0.,-1.));
#5462 = DIRECTION('',(1.,0.,0.));
#5463 = DEFINITIONAL_REPRESENTATION('',(#5464),#5468);
#5464 = LINE('',#5465,#5466);
#5465 = CARTESIAN_POINT('',(-6.28318530718,-3.));
#5466 = VECTOR('',#5467,1.);
#5467 = DIRECTION('',(1.,-0.));
#5468 = ( GEOMETRIC_REPRESENTATION_CONTEXT(2) 
PARAMETRIC_REPRESENTATION_CONTEXT() REPRESENTATION_CONTEXT('2D SPACE',''
  ) );
#5469 = FACE_BOUND('',#5470,.T.);
#5470 = EDGE_LOOP('',(#5471));
#5471 = ORIENTED_EDGE('',*,*,#5472,.T.);
#5472 = EDGE_CURVE('',#5473,#5473,#5475,.T.);
#5473 = VERTEX_POINT('',#5474);
#5474 = CARTESIAN_POINT('',(-44.5,40.,2.));
#5475 = SURFACE_CURVE('',#5476,(#5481,#5492),.PCURVE_S1.);
#5476 = CIRCLE('',#5477,5.5);
#5477 = AXIS2_PLACEMENT_3D('',#5478,#5479,#5480);
#5478 = CARTESIAN_POINT('',(-50.,40.,2.));
#5479 = DIRECTION('',(0.,0.,-1.));
#5480 = DIRECTION('',(1.,0.,0.));
#5481 = PCURVE('',#5263,#5482);
#5482 = DEFINITIONAL_REPRESENTATION('',(#5483),#5491);
#5483 = ( BOUNDED_CURVE() B_SPLINE_CURVE(2,(#5484,#5485,#5486,#5487,
#5488,#5489,#5490),.UNSPECIFIED.,.T.,.F.) B_SPLINE_CURVE_WITH_KNOTS((1,2
    ,2,2,2,1),(-2.094395102393,0.,2.094395102393,4.188790204786,
6.28318530718,8.377580409573),.UNSPECIFIED.) CURVE() 
GEOMETRIC_REPRESENTATION_ITEM() RATIONAL_B_SPLINE_CURVE((1.,0.5,1.,0.5,
1.,0.5,1.)) REPRESENTATION_ITEM('') );
#5484 = CARTESIAN_POINT('',(30.5,100.));
#5485 = CARTESIAN_POINT('',(30.5,90.473720558371));
#5486 = CARTESIAN_POINT('',(22.25,95.236860279186));
#5487 = CARTESIAN_POINT('',(14.,100.));
#5488 = CARTESIAN_POINT('',(22.25,104.76313972081));
#5489 = CARTESIAN_POINT('',(30.5,109.52627944162));
#5490 = CARTESIAN_POINT('',(30.5,100.));
#5491 = ( GEOMETRIC_REPRESENTATION_CONTEXT(2) 
PARAMETRIC_REPRESENTATION_CONTEXT() REPRESENTATION_CONTEXT('2D SPACE',''
  ) );
#5492 = PCURVE('',#5493,#5498);
#5493 = CYLINDRICAL_SURFACE('',#5494,5.5);
#5494 = AXIS2_PLACEMENT_3D('',#5495,#5496,#5497);
#5495 = CARTESIAN_POINT('',(-50.,40.,-1.));
#5496 = DIRECTION('',(-0.,-0.,-1.));
#5497 = DIRECTION('',(1.,0.,0.));
#5498 = DEFINITIONAL_REPRESENTATION('',(#5499),#5503);
#5499 = LINE('',#5500,#5501);
#5500 = CARTESIAN_POINT('',(-6.28318530718,-3.));
#5501 = VECTOR('',#5502,1.);
#5502 = DIRECTION('',(1.,-0.));
#5503 = ( GEOMETRIC_REPRESENTATION_CONTEXT(2) 
PARAMETRIC_REPRESENTATION_CONTEXT() REPRESENTATION_CONTEXT('2D SPACE',''
  ) );
#5504 = FACE_BOUND('',#5505,.T.);
#5505 = EDGE_LOOP('',(#5506));
#5506 = ORIENTED_EDGE('',*,*,#5507,.T.);
#5507 = EDGE_CURVE('',#5508,#5508,#5510,.T.);
#5508 = VERTEX_POINT('',#5509);
#5509 = CARTESIAN_POINT('',(55.5,10.,2.));
#5510 = SURFACE_CURVE('',#5511,(#5516,#5527),.PCURVE_S1.);
#5511 = CIRCLE('',#5512,5.5);
#5512 = AXIS2_PLACEMENT_3D('',#5513,#5514,#5515);
#5513 = CARTESIAN_POINT('',(50.,10.,2.));
#5514 = DIRECTION('',(0.,0.,-1.));
#5515 = DIRECTION('',(1.,0.,0.));
#5516 = PCURVE('',#5263,#5517);
#5517 = DEFINITIONAL_REPRESENTATION('',(#5518),#5526);
#5518 = ( BOUNDED_CURVE() B_SPLINE_CURVE(2,(#5519,#5520,#5521,#5522,
#5523,#5524,#5525),.UNSPECIFIED.,.T.,.F.) B_SPLINE_CURVE_WITH_KNOTS((1,2
    ,2,2,2,1),(-2.094395102393,0.,2.094395102393,4.188790204786,
6.28318530718,8.377580409573),.UNSPECIFIED.) CURVE() 
GEOMETRIC_REPRESENTATION_ITEM() RATIONAL_B_SPLINE_CURVE((1.,0.5,1.,0.5,
1.,0.5,1.)) REPRESENTATION_ITEM('') );
#5519 = CARTESIAN_POINT('',(130.5,70.));
#5520 = CARTESIAN_POINT('',(130.5,60.473720558371));
#5521 = CARTESIAN_POINT('',(122.25,65.236860279186));
#5522 = CARTESIAN_POINT('',(114.,70.));
#5523 = CARTESIAN_POINT('',(122.25,74.763139720814));
#5524 = CARTESIAN_POINT('',(130.5,79.526279441629));
#5525 = CARTESIAN_POINT('',(130.5,70.));
#5526 = ( GEOMETRIC_REPRESENTATION_CONTEXT(2) 
PARAMETRIC_REPRESENTATION_CONTEXT() REPRESENTATION_CONTEXT('2D SPACE',''
  ) );
#5527 = PCURVE('',#5528,#5533);
#5528 = CYLINDRICAL_SURFACE('',#5529,5.5);
#5529 = AXIS2_PLACEMENT_3D('',#5530,#5531,#5532);
#5530 = CARTESIAN_POINT('',(50.,10.,-1.));
#5531 = DIRECTION('',(-0.,-0.,-1.));
#5532 = DIRECTION('',(1.,0.,0.));
#5533 = DEFINITIONAL_REPRESENTATION('',(#5534),#5538);
#5534 = LINE('',#5535,#5536);
#5535 = CARTESIAN_POINT('',(-6.28318530718,-3.));
#5536 = VECTOR('',#5537,1.);
#5537 = DIRECTION('',(1.,-0.));
#5538 = ( GEOMETRIC_REPRESENTATION_CONTEXT(2) 
PARAMETRIC_REPRESENTATION_CONTEXT() REPRESENTATION_CONTEXT('2D SPACE',''
  ) );
#5539 = FACE_BOUND('',#5540,.T.);
#5540 = EDGE_LOOP('',(#5541));
#5541 = ORIENTED_EDGE('',*,*,#5542,.T.);
#5542 = EDGE_CURVE('',#5543,#5543,#5545,.T.);
#5543 = VERTEX_POINT('',#5544);
#5544 = CARTESIAN_POINT('',(55.5,40.,2.));
#5545 = SURFACE_CURVE('',#5546,(#5551,#5562),.PCURVE_S1.);
#5546 = CIRCLE('',#5547,5.5);
#5547 = AXIS2_PLACEMENT_3D('',#5548,#5549,#5550);
#5548 = CARTESIAN_POINT('',(50.,40.,2.));
#5549 = DIRECTION('',(0.,0.,-1.));
#5550 = DIRECTION('',(1.,0.,0.));
#5551 = PCURVE('',#5263,#5552);
#5552 = DEFINITIONAL_REPRESENTATION('',(#5553),#5561);
#5553 = ( BOUNDED_CURVE() B_SPLINE_CURVE(2,(#5554,#5555,#5556,#5557,
#5558,#5559,#5560),.UNSPECIFIED.,.T.,.F.) B_SPLINE_CURVE_WITH_KNOTS((1,2
    ,2,2,2,1),(-2.094395102393,0.,2.094395102393,4.188790204786,
6.28318530718,8.377580409573),.UNSPECIFIED.) CURVE() 
GEOMETRIC_REPRESENTATION_ITEM() RATIONAL_B_SPLINE_CURVE((1.,0.5,1.,0.5,
1.,0.5,1.)) REPRESENTATION_ITEM('') );
#5554 = CARTESIAN_POINT('',(130.5,100.));
#5555 = CARTESIAN_POINT('',(130.5,90.473720558371));
#5556 = CARTESIAN_POINT('',(122.25,95.236860279186));
#5557 = CARTESIAN_POINT('',(114.,100.));
#5558 = CARTESIAN_POINT('',(122.25,104.76313972081));
#5559 = CARTESIAN_POINT('',(130.5,109.52627944162));
#5560 = CARTESIAN_POINT('',(130.5,100.));
#5561 = ( GEOMETRIC_REPRESENTATION_CONTEXT(2) 
PARAMETRIC_REPRESENTATION_CONTEXT() REPRESENTATION_CONTEXT('2D SPACE',''
  ) );
#5562 = PCURVE('',#5563,#5568);
#5563 = CYLINDRICAL_SURFACE('',#5564,5.5);
#5564 = AXIS2_PLACEMENT_3D('',#5565,#5566,#5567);
#5565 = CARTESIAN_POINT('',(50.,40.,-1.));
#5566 = DIRECTION('',(-0.,-0.,-1.));
#5567 = DIRECTION('',(1.,0.,0.));
#5568 = DEFINITIONAL_REPRESENTATION('',(#5569),#5573);
#5569 = LINE('',#5570,#5571);
#5570 = CARTESIAN_POINT('',(-6.28318530718,-3.));
#5571 = VECTOR('',#5572,1.);
#5572 = DIRECTION('',(1.,-0.));
#5573 = ( GEOMETRIC_REPRESENTATION_CONTEXT(2) 
PARAMETRIC_REPRESENTATION_CONTEXT() REPRESENTATION_CONTEXT('2D SPACE',''
  ) );
#5574 = ADVANCED_FACE('',(#5575),#5237,.T.);
#5575 = FACE_BOUND('',#5576,.T.);
#5576 = EDGE_LOOP('',(#5577,#5600,#5601,#5602));
#5577 = ORIENTED_EDGE('',*,*,#5578,.F.);
#5578 = EDGE_CURVE('',#5194,#5579,#5581,.T.);
#5579 = VERTEX_POINT('',#5580);
#5580 = CARTESIAN_POINT('',(75.,60.,-2.));
#5581 = SURFACE_CURVE('',#5582,(#5586,#5593),.PCURVE_S1.);
#5582 = LINE('',#5583,#5584);
#5583 = CARTESIAN_POINT('',(-75.,60.,-2.));
#5584 = VECTOR('',#5585,1.);
#5585 = DIRECTION('',(1.,0.,0.));
#5586 = PCURVE('',#5237,#5587);
#5587 = DEFINITIONAL_REPRESENTATION('',(#5588),#5592);
#5588 = LINE('',#5589,#5590);
#5589 = CARTESIAN_POINT('',(0.,0.));
#5590 = VECTOR('',#5591,1.);
#5591 = DIRECTION('',(0.,1.));
#5592 = ( GEOMETRIC_REPRESENTATION_CONTEXT(2) 
PARAMETRIC_REPRESENTATION_CONTEXT() REPRESENTATION_CONTEXT('2D SPACE',''
  ) );
#5593 = PCURVE('',#5209,#5594);
#5594 = DEFINITIONAL_REPRESENTATION('',(#5595),#5599);
#5595 = LINE('',#5596,#5597);
#5596 = CARTESIAN_POINT('',(0.,120.));
#5597 = VECTOR('',#5598,1.);
#5598 = DIRECTION('',(1.,0.));
#5599 = ( GEOMETRIC_REPRESENTATION_CONTEXT(2) 
PARAMETRIC_REPRESENTATION_CONTEXT() REPRESENTATION_CONTEXT('2D SPACE',''
  ) );
#5600 = ORIENTED_EDGE('',*,*,#5221,.T.);
#5601 = ORIENTED_EDGE('',*,*,#5379,.T.);
#5602 = ORIENTED_EDGE('',*,*,#5603,.F.);
#5603 = EDGE_CURVE('',#5579,#5357,#5604,.T.);
#5604 = SURFACE_CURVE('',#5605,(#5609,#5616),.PCURVE_S1.);
#5605 = LINE('',#5606,#5607);
#5606 = CARTESIAN_POINT('',(75.,60.,-2.));
#5607 = VECTOR('',#5608,1.);
#5608 = DIRECTION('',(0.,0.,1.));
#5609 = PCURVE('',#5237,#5610);
#5610 = DEFINITIONAL_REPRESENTATION('',(#5611),#5615);
#5611 = LINE('',#5612,#5613);
#5612 = CARTESIAN_POINT('',(0.,150.));
#5613 = VECTOR('',#5614,1.);
#5614 = DIRECTION('',(1.,0.));
#5615 = ( GEOMETRIC_REPRESENTATION_CONTEXT(2) 
PARAMETRIC_REPRESENTATION_CONTEXT() REPRESENTATION_CONTEXT('2D SPACE',''
  ) );
#5616 = PCURVE('',#5339,#5617);
#5617 = DEFINITIONAL_REPRESENTATION('',(#5618),#5622);
#5618 = LINE('',#5619,#5620);
#5619 = CARTESIAN_POINT('',(0.,-120.));
#5620 = VECTOR('',#5621,1.);
#5621 = DIRECTION('',(1.,0.));
#5622 = ( GEOMETRIC_REPRESENTATION_CONTEXT(2) 
PARAMETRIC_REPRESENTATION_CONTEXT() REPRESENTATION_CONTEXT('2D SPACE',''
  ) );
#5623 = ADVANCED_FACE('',(#5624),#5209,.F.);
#5624 = FACE_BOUND('',#5625,.F.);
#5625 = EDGE_LOOP('',(#5626,#5627,#5628,#5649));
#5626 = ORIENTED_EDGE('',*,*,#5193,.F.);
#5627 = ORIENTED_EDGE('',*,*,#5278,.T.);
#5628 = ORIENTED_EDGE('',*,*,#5629,.T.);
#5629 = EDGE_CURVE('',#5279,#5579,#5630,.T.);
#5630 = SURFACE_CURVE('',#5631,(#5635,#5642),.PCURVE_S1.);
#5631 = LINE('',#5632,#5633);
#5632 = CARTESIAN_POINT('',(75.,-60.,-2.));
#5633 = VECTOR('',#5634,1.);
#5634 = DIRECTION('',(0.,1.,0.));
#5635 = PCURVE('',#5209,#5636);
#5636 = DEFINITIONAL_REPRESENTATION('',(#5637),#5641);
#5637 = LINE('',#5638,#5639);
#5638 = CARTESIAN_POINT('',(150.,0.));
#5639 = VECTOR('',#5640,1.);
#5640 = DIRECTION('',(0.,1.));
#5641 = ( GEOMETRIC_REPRESENTATION_CONTEXT(2) 
PARAMETRIC_REPRESENTATION_CONTEXT() REPRESENTATION_CONTEXT('2D SPACE',''
  ) );
#5642 = PCURVE('',#5339,#5643);
#5643 = DEFINITIONAL_REPRESENTATION('',(#5644),#5648);
#5644 = LINE('',#5645,#5646);
#5645 = CARTESIAN_POINT('',(0.,0.));
#5646 = VECTOR('',#5647,1.);
#5647 = DIRECTION('',(0.,-1.));
#5648 = ( GEOMETRIC_REPRESENTATION_CONTEXT(2) 
PARAMETRIC_REPRESENTATION_CONTEXT() REPRESENTATION_CONTEXT('2D SPACE',''
  ) );
#5649 = ORIENTED_EDGE('',*,*,#5578,.F.);
#5650 = ADVANCED_FACE('',(#5651),#5339,.T.);
#5651 = FACE_BOUND('',#5652,.T.);
#5652 = EDGE_LOOP('',(#5653,#5654,#5655,#5656));
#5653 = ORIENTED_EDGE('',*,*,#5325,.F.);
#5654 = ORIENTED_EDGE('',*,*,#5629,.T.);
#5655 = ORIENTED_EDGE('',*,*,#5603,.T.);
#5656 = ORIENTED_EDGE('',*,*,#5356,.F.);
#5657 = ADVANCED_FACE('',(#5658),#5423,.F.);
#5658 = FACE_BOUND('',#5659,.T.);
#5659 = EDGE_LOOP('',(#5660,#5689,#5710,#5711));
#5660 = ORIENTED_EDGE('',*,*,#5661,.F.);
#5661 = EDGE_CURVE('',#5662,#5662,#5664,.T.);
#5662 = VERTEX_POINT('',#5663);
#5663 = CARTESIAN_POINT('',(26.,-15.,0.));
#5664 = SURFACE_CURVE('',#5665,(#5670,#5677),.PCURVE_S1.);
#5665 = CIRCLE('',#5666,26.);
#5666 = AXIS2_PLACEMENT_3D('',#5667,#5668,#5669);
#5667 = CARTESIAN_POINT('',(0.,-15.,0.));
#5668 = DIRECTION('',(0.,0.,1.));
#5669 = DIRECTION('',(1.,0.,0.));
#5670 = PCURVE('',#5423,#5671);
#5671 = DEFINITIONAL_REPRESENTATION('',(#5672),#5676);
#5672 = LINE('',#5673,#5674);
#5673 = CARTESIAN_POINT('',(-0.,0.));
#5674 = VECTOR('',#5675,1.);
#5675 = DIRECTION('',(-1.,0.));
#5676 = ( GEOMETRIC_REPRESENTATION_CONTEXT(2) 
PARAMETRIC_REPRESENTATION_CONTEXT() REPRESENTATION_CONTEXT('2D SPACE',''
  ) );
#5677 = PCURVE('',#5678,#5683);
#5678 = PLANE('',#5679);
#5679 = AXIS2_PLACEMENT_3D('',#5680,#5681,#5682);
#5680 = CARTESIAN_POINT('',(-8.415016200243E-16,-15.,0.));
#5681 = DIRECTION('',(0.,0.,1.));
#5682 = DIRECTION('',(1.,0.,-0.));
#5683 = DEFINITIONAL_REPRESENTATION('',(#5684),#5688);
#5684 = CIRCLE('',#5685,26.);
#5685 = AXIS2_PLACEMENT_2D('',#5686,#5687);
#5686 = CARTESIAN_POINT('',(8.415016200243E-16,-3.552713678801E-15));
#5687 = DIRECTION('',(1.,0.));
#5688 = ( GEOMETRIC_REPRESENTATION_CONTEXT(2) 
PARAMETRIC_REPRESENTATION_CONTEXT() REPRESENTATION_CONTEXT('2D SPACE',''
  ) );
#5689 = ORIENTED_EDGE('',*,*,#5690,.T.);
#5690 = EDGE_CURVE('',#5662,#5403,#5691,.T.);
#5691 = SEAM_CURVE('',#5692,(#5696,#5703),.PCURVE_S1.);
#5692 = LINE('',#5693,#5694);
#5693 = CARTESIAN_POINT('',(26.,-15.,0.));
#5694 = VECTOR('',#5695,1.);
#5695 = DIRECTION('',(0.,0.,1.));
#5696 = PCURVE('',#5423,#5697);
#5697 = DEFINITIONAL_REPRESENTATION('',(#5698),#5702);
#5698 = LINE('',#5699,#5700);
#5699 = CARTESIAN_POINT('',(-6.28318530718,0.));
#5700 = VECTOR('',#5701,1.);
#5701 = DIRECTION('',(-0.,-1.));
#5702 = ( GEOMETRIC_REPRESENTATION_CONTEXT(2) 
PARAMETRIC_REPRESENTATION_CONTEXT() REPRESENTATION_CONTEXT('2D SPACE',''
  ) );
#5703 = PCURVE('',#5423,#5704);
#5704 = DEFINITIONAL_REPRESENTATION('',(#5705),#5709);
#5705 = LINE('',#5706,#5707);
#5706 = CARTESIAN_POINT('',(-0.,0.));
#5707 = VECTOR('',#5708,1.);
#5708 = DIRECTION('',(-0.,-1.));
#5709 = ( GEOMETRIC_REPRESENTATION_CONTEXT(2) 
PARAMETRIC_REPRESENTATION_CONTEXT() REPRESENTATION_CONTEXT('2D SPACE',''
  ) );
#5710 = ORIENTED_EDGE('',*,*,#5402,.F.);
#5711 = ORIENTED_EDGE('',*,*,#5690,.F.);
#5712 = ADVANCED_FACE('',(#5713),#5458,.F.);
#5713 = FACE_BOUND('',#5714,.T.);
#5714 = EDGE_LOOP('',(#5715,#5744,#5765,#5766));
#5715 = ORIENTED_EDGE('',*,*,#5716,.F.);
#5716 = EDGE_CURVE('',#5717,#5717,#5719,.T.);
#5717 = VERTEX_POINT('',#5718);
#5718 = CARTESIAN_POINT('',(-44.5,10.,-1.));
#5719 = SURFACE_CURVE('',#5720,(#5725,#5732),.PCURVE_S1.);
#5720 = CIRCLE('',#5721,5.5);
#5721 = AXIS2_PLACEMENT_3D('',#5722,#5723,#5724);
#5722 = CARTESIAN_POINT('',(-50.,10.,-1.));
#5723 = DIRECTION('',(0.,0.,1.));
#5724 = DIRECTION('',(1.,0.,0.));
#5725 = PCURVE('',#5458,#5726);
#5726 = DEFINITIONAL_REPRESENTATION('',(#5727),#5731);
#5727 = LINE('',#5728,#5729);
#5728 = CARTESIAN_POINT('',(-0.,0.));
#5729 = VECTOR('',#5730,1.);
#5730 = DIRECTION('',(-1.,0.));
#5731 = ( GEOMETRIC_REPRESENTATION_CONTEXT(2) 
PARAMETRIC_REPRESENTATION_CONTEXT() REPRESENTATION_CONTEXT('2D SPACE',''
  ) );
#5732 = PCURVE('',#5733,#5738);
#5733 = PLANE('',#5734);
#5734 = AXIS2_PLACEMENT_3D('',#5735,#5736,#5737);
#5735 = CARTESIAN_POINT('',(-50.,10.,-1.));
#5736 = DIRECTION('',(0.,0.,1.));
#5737 = DIRECTION('',(1.,0.,-0.));
#5738 = DEFINITIONAL_REPRESENTATION('',(#5739),#5743);
#5739 = CIRCLE('',#5740,5.5);
#5740 = AXIS2_PLACEMENT_2D('',#5741,#5742);
#5741 = CARTESIAN_POINT('',(-7.105427357601E-15,-1.7763568394E-15));
#5742 = DIRECTION('',(1.,0.));
#5743 = ( GEOMETRIC_REPRESENTATION_CONTEXT(2) 
PARAMETRIC_REPRESENTATION_CONTEXT() REPRESENTATION_CONTEXT('2D SPACE',''
  ) );
#5744 = ORIENTED_EDGE('',*,*,#5745,.T.);
#5745 = EDGE_CURVE('',#5717,#5438,#5746,.T.);
#5746 = SEAM_CURVE('',#5747,(#5751,#5758),.PCURVE_S1.);
#5747 = LINE('',#5748,#5749);
#5748 = CARTESIAN_POINT('',(-44.5,10.,-1.));
#5749 = VECTOR('',#5750,1.);
#5750 = DIRECTION('',(0.,0.,1.));
#5751 = PCURVE('',#5458,#5752);
#5752 = DEFINITIONAL_REPRESENTATION('',(#5753),#5757);
#5753 = LINE('',#5754,#5755);
#5754 = CARTESIAN_POINT('',(-6.28318530718,0.));
#5755 = VECTOR('',#5756,1.);
#5756 = DIRECTION('',(-0.,-1.));
#5757 = ( GEOMETRIC_REPRESENTATION_CONTEXT(2) 
PARAMETRIC_REPRESENTATION_CONTEXT() REPRESENTATION_CONTEXT('2D SPACE',''
  ) );
#5758 = PCURVE('',#5458,#5759);
#5759 = DEFINITIONAL_REPRESENTATION('',(#5760),#5764);
#5760 = LINE('',#5761,#5762);
#5761 = CARTESIAN_POINT('',(-0.,0.));
#5762 = VECTOR('',#5763,1.);
#5763 = DIRECTION('',(-0.,-1.));
#5764 = ( GEOMETRIC_REPRESENTATION_CONTEXT(2) 
PARAMETRIC_REPRESENTATION_CONTEXT() REPRESENTATION_CONTEXT('2D SPACE',''
  ) );
#5765 = ORIENTED_EDGE('',*,*,#5437,.F.);
#5766 = ORIENTED_EDGE('',*,*,#5745,.F.);
#5767 = ADVANCED_FACE('',(#5768),#5493,.F.);
#5768 = FACE_BOUND('',#5769,.T.);
#5769 = EDGE_LOOP('',(#5770,#5799,#5820,#5821));
#5770 = ORIENTED_EDGE('',*,*,#5771,.F.);
#5771 = EDGE_CURVE('',#5772,#5772,#5774,.T.);
#5772 = VERTEX_POINT('',#5773);
#5773 = CARTESIAN_POINT('',(-44.5,40.,-1.));
#5774 = SURFACE_CURVE('',#5775,(#5780,#5787),.PCURVE_S1.);
#5775 = CIRCLE('',#5776,5.5);
#5776 = AXIS2_PLACEMENT_3D('',#5777,#5778,#5779);
#5777 = CARTESIAN_POINT('',(-50.,40.,-1.));
#5778 = DIRECTION('',(0.,0.,1.));
#5779 = DIRECTION('',(1.,0.,0.));
#5780 = PCURVE('',#5493,#5781);
#5781 = DEFINITIONAL_REPRESENTATION('',(#5782),#5786);
#5782 = LINE('',#5783,#5784);
#5783 = CARTESIAN_POINT('',(-0.,0.));
#5784 = VECTOR('',#5785,1.);
#5785 = DIRECTION('',(-1.,0.));
#5786 = ( GEOMETRIC_REPRESENTATION_CONTEXT(2) 
PARAMETRIC_REPRESENTATION_CONTEXT() REPRESENTATION_CONTEXT('2D SPACE',''
  ) );
#5787 = PCURVE('',#5788,#5793);
#5788 = PLANE('',#5789);
#5789 = AXIS2_PLACEMENT_3D('',#5790,#5791,#5792);
#5790 = CARTESIAN_POINT('',(-50.,40.,-1.));
#5791 = DIRECTION('',(0.,0.,1.));
#5792 = DIRECTION('',(1.,0.,-0.));
#5793 = DEFINITIONAL_REPRESENTATION('',(#5794),#5798);
#5794 = CIRCLE('',#5795,5.5);
#5795 = AXIS2_PLACEMENT_2D('',#5796,#5797);
#5796 = CARTESIAN_POINT('',(-7.105427357601E-15,-7.105427357601E-15));
#5797 = DIRECTION('',(1.,0.));
#5798 = ( GEOMETRIC_REPRESENTATION_CONTEXT(2) 
PARAMETRIC_REPRESENTATION_CONTEXT() REPRESENTATION_CONTEXT('2D SPACE',''
  ) );
#5799 = ORIENTED_EDGE('',*,*,#5800,.T.);
#5800 = EDGE_CURVE('',#5772,#5473,#5801,.T.);
#5801 = SEAM_CURVE('',#5802,(#5806,#5813),.PCURVE_S1.);
#5802 = LINE('',#5803,#5804);
#5803 = CARTESIAN_POINT('',(-44.5,40.,-1.));
#5804 = VECTOR('',#5805,1.);
#5805 = DIRECTION('',(0.,0.,1.));
#5806 = PCURVE('',#5493,#5807);
#5807 = DEFINITIONAL_REPRESENTATION('',(#5808),#5812);
#5808 = LINE('',#5809,#5810);
#5809 = CARTESIAN_POINT('',(-6.28318530718,0.));
#5810 = VECTOR('',#5811,1.);
#5811 = DIRECTION('',(-0.,-1.));
#5812 = ( GEOMETRIC_REPRESENTATION_CONTEXT(2) 
PARAMETRIC_REPRESENTATION_CONTEXT() REPRESENTATION_CONTEXT('2D SPACE',''
  ) );
#5813 = PCURVE('',#5493,#5814);
#5814 = DEFINITIONAL_REPRESENTATION('',(#5815),#5819);
#5815 = LINE('',#5816,#5817);
#5816 = CARTESIAN_POINT('',(-0.,0.));
#5817 = VECTOR('',#5818,1.);
#5818 = DIRECTION('',(-0.,-1.));
#5819 = ( GEOMETRIC_REPRESENTATION_CONTEXT(2) 
PARAMETRIC_REPRESENTATION_CONTEXT() REPRESENTATION_CONTEXT('2D SPACE',''
  ) );
#5820 = ORIENTED_EDGE('',*,*,#5472,.F.);
#5821 = ORIENTED_EDGE('',*,*,#5800,.F.);
#5822 = ADVANCED_FACE('',(#5823),#5528,.F.);
#5823 = FACE_BOUND('',#5824,.T.);
#5824 = EDGE_LOOP('',(#5825,#5854,#5875,#5876));
#5825 = ORIENTED_EDGE('',*,*,#5826,.F.);
#5826 = EDGE_CURVE('',#5827,#5827,#5829,.T.);
#5827 = VERTEX_POINT('',#5828);
#5828 = CARTESIAN_POINT('',(55.5,10.,-1.));
#5829 = SURFACE_CURVE('',#5830,(#5835,#5842),.PCURVE_S1.);
#5830 = CIRCLE('',#5831,5.5);
#5831 = AXIS2_PLACEMENT_3D('',#5832,#5833,#5834);
#5832 = CARTESIAN_POINT('',(50.,10.,-1.));
#5833 = DIRECTION('',(0.,0.,1.));
#5834 = DIRECTION('',(1.,0.,0.));
#5835 = PCURVE('',#5528,#5836);
#5836 = DEFINITIONAL_REPRESENTATION('',(#5837),#5841);
#5837 = LINE('',#5838,#5839);
#5838 = CARTESIAN_POINT('',(-0.,0.));
#5839 = VECTOR('',#5840,1.);
#5840 = DIRECTION('',(-1.,0.));
#5841 = ( GEOMETRIC_REPRESENTATION_CONTEXT(2) 
PARAMETRIC_REPRESENTATION_CONTEXT() REPRESENTATION_CONTEXT('2D SPACE',''
  ) );
#5842 = PCURVE('',#5843,#5848);
#5843 = PLANE('',#5844);
#5844 = AXIS2_PLACEMENT_3D('',#5845,#5846,#5847);
#5845 = CARTESIAN_POINT('',(50.,10.,-1.));
#5846 = DIRECTION('',(0.,0.,1.));
#5847 = DIRECTION('',(1.,0.,-0.));
#5848 = DEFINITIONAL_REPRESENTATION('',(#5849),#5853);
#5849 = CIRCLE('',#5850,5.5);
#5850 = AXIS2_PLACEMENT_2D('',#5851,#5852);
#5851 = CARTESIAN_POINT('',(7.105427357601E-15,-1.7763568394E-15));
#5852 = DIRECTION('',(1.,0.));
#5853 = ( GEOMETRIC_REPRESENTATION_CONTEXT(2) 
PARAMETRIC_REPRESENTATION_CONTEXT() REPRESENTATION_CONTEXT('2D SPACE',''
  ) );
#5854 = ORIENTED_EDGE('',*,*,#5855,.T.);
#5855 = EDGE_CURVE('',#5827,#5508,#5856,.T.);
#5856 = SEAM_CURVE('',#5857,(#5861,#5868),.PCURVE_S1.);
#5857 = LINE('',#5858,#5859);
#5858 = CARTESIAN_POINT('',(55.5,10.,-1.));
#5859 = VECTOR('',#5860,1.);
#5860 = DIRECTION('',(0.,0.,1.));
#5861 = PCURVE('',#5528,#5862);
#5862 = DEFINITIONAL_REPRESENTATION('',(#5863),#5867);
#5863 = LINE('',#5864,#5865);
#5864 = CARTESIAN_POINT('',(-6.28318530718,0.));
#5865 = VECTOR('',#5866,1.);
#5866 = DIRECTION('',(-0.,-1.));
#5867 = ( GEOMETRIC_REPRESENTATION_CONTEXT(2) 
PARAMETRIC_REPRESENTATION_CONTEXT() REPRESENTATION_CONTEXT('2D SPACE',''
  ) );
#5868 = PCURVE('',#5528,#5869);
#5869 = DEFINITIONAL_REPRESENTATION('',(#5870),#5874);
#5870 = LINE('',#5871,#5872);
#5871 = CARTESIAN_POINT('',(-0.,0.));
#5872 = VECTOR('',#5873,1.);
#5873 = DIRECTION('',(-0.,-1.));
#5874 = ( GEOMETRIC_REPRESENTATION_CONTEXT(2) 
PARAMETRIC_REPRESENTATION_CONTEXT() REPRESENTATION_CONTEXT('2D SPACE',''
  ) );
#5875 = ORIENTED_EDGE('',*,*,#5507,.F.);
#5876 = ORIENTED_EDGE('',*,*,#5855,.F.);
#5877 = ADVANCED_FACE('',(#5878),#5563,.F.);
#5878 = FACE_BOUND('',#5879,.T.);
#5879 = EDGE_LOOP('',(#5880,#5909,#5930,#5931));
#5880 = ORIENTED_EDGE('',*,*,#5881,.F.);
#5881 = EDGE_CURVE('',#5882,#5882,#5884,.T.);
#5882 = VERTEX_POINT('',#5883);
#5883 = CARTESIAN_POINT('',(55.5,40.,-1.));
#5884 = SURFACE_CURVE('',#5885,(#5890,#5897),.PCURVE_S1.);
#5885 = CIRCLE('',#5886,5.5);
#5886 = AXIS2_PLACEMENT_3D('',#5887,#5888,#5889);
#5887 = CARTESIAN_POINT('',(50.,40.,-1.));
#5888 = DIRECTION('',(0.,0.,1.));
#5889 = DIRECTION('',(1.,0.,0.));
#5890 = PCURVE('',#5563,#5891);
#5891 = DEFINITIONAL_REPRESENTATION('',(#5892),#5896);
#5892 = LINE('',#5893,#5894);
#5893 = CARTESIAN_POINT('',(-0.,0.));
#5894 = VECTOR('',#5895,1.);
#5895 = DIRECTION('',(-1.,0.));
#5896 = ( GEOMETRIC_REPRESENTATION_CONTEXT(2) 
PARAMETRIC_REPRESENTATION_CONTEXT() REPRESENTATION_CONTEXT('2D SPACE',''
  ) );
#5897 = PCURVE('',#5898,#5903);
#5898 = PLANE('',#5899);
#5899 = AXIS2_PLACEMENT_3D('',#5900,#5901,#5902);
#5900 = CARTESIAN_POINT('',(50.,40.,-1.));
#5901 = DIRECTION('',(0.,0.,1.));
#5902 = DIRECTION('',(1.,0.,-0.));
#5903 = DEFINITIONAL_REPRESENTATION('',(#5904),#5908);
#5904 = CIRCLE('',#5905,5.5);
#5905 = AXIS2_PLACEMENT_2D('',#5906,#5907);
#5906 = CARTESIAN_POINT('',(7.105427357601E-15,-7.105427357601E-15));
#5907 = DIRECTION('',(1.,0.));
#5908 = ( GEOMETRIC_REPRESENTATION_CONTEXT(2) 
PARAMETRIC_REPRESENTATION_CONTEXT() REPRESENTATION_CONTEXT('2D SPACE',''
  ) );
#5909 = ORIENTED_EDGE('',*,*,#5910,.T.);
#5910 = EDGE_CURVE('',#5882,#5543,#5911,.T.);
#5911 = SEAM_CURVE('',#5912,(#5916,#5923),.PCURVE_S1.);
#5912 = LINE('',#5913,#5914);
#5913 = CARTESIAN_POINT('',(55.5,40.,-1.));
#5914 = VECTOR('',#5915,1.);
#5915 = DIRECTION('',(0.,0.,1.));
#5916 = PCURVE('',#5563,#5917);
#5917 = DEFINITIONAL_REPRESENTATION('',(#5918),#5922);
#5918 = LINE('',#5919,#5920);
#5919 = CARTESIAN_POINT('',(-6.28318530718,0.));
#5920 = VECTOR('',#5921,1.);
#5921 = DIRECTION('',(-0.,-1.));
#5922 = ( GEOMETRIC_REPRESENTATION_CONTEXT(2) 
PARAMETRIC_REPRESENTATION_CONTEXT() REPRESENTATION_CONTEXT('2D SPACE',''
  ) );
#5923 = PCURVE('',#5563,#5924);
#5924 = DEFINITIONAL_REPRESENTATION('',(#5925),#5929);
#5925 = LINE('',#5926,#5927);
#5926 = CARTESIAN_POINT('',(-0.,0.));
#5927 = VECTOR('',#5928,1.);
#5928 = DIRECTION('',(-0.,-1.));
#5929 = ( GEOMETRIC_REPRESENTATION_CONTEXT(2) 
PARAMETRIC_REPRESENTATION_CONTEXT() REPRESENTATION_CONTEXT('2D SPACE',''
  ) );
#5930 = ORIENTED_EDGE('',*,*,#5542,.F.);
#5931 = ORIENTED_EDGE('',*,*,#5910,.F.);
#5932 = ADVANCED_FACE('',(#5933,#5936),#5678,.T.);
#5933 = FACE_BOUND('',#5934,.T.);
#5934 = EDGE_LOOP('',(#5935));
#5935 = ORIENTED_EDGE('',*,*,#5661,.T.);
#5936 = FACE_BOUND('',#5937,.T.);
#5937 = EDGE_LOOP('',(#5938));
#5938 = ORIENTED_EDGE('',*,*,#5939,.T.);
#5939 = EDGE_CURVE('',#5940,#5940,#5942,.T.);
#5940 = VERTEX_POINT('',#5941);
#5941 = CARTESIAN_POINT('',(13.7,-15.,0.));
#5942 = SURFACE_CURVE('',#5943,(#5948,#5959),.PCURVE_S1.);
#5943 = CIRCLE('',#5944,13.7);
#5944 = AXIS2_PLACEMENT_3D('',#5945,#5946,#5947);
#5945 = CARTESIAN_POINT('',(0.,-15.,0.));
#5946 = DIRECTION('',(0.,0.,-1.));
#5947 = DIRECTION('',(1.,0.,0.));
#5948 = PCURVE('',#5678,#5949);
#5949 = DEFINITIONAL_REPRESENTATION('',(#5950),#5958);
#5950 = ( BOUNDED_CURVE() B_SPLINE_CURVE(2,(#5951,#5952,#5953,#5954,
#5955,#5956,#5957),.UNSPECIFIED.,.T.,.F.) B_SPLINE_CURVE_WITH_KNOTS((1,2
    ,2,2,2,1),(-2.094395102393,0.,2.094395102393,4.188790204786,
6.28318530718,8.377580409573),.UNSPECIFIED.) CURVE() 
GEOMETRIC_REPRESENTATION_ITEM() RATIONAL_B_SPLINE_CURVE((1.,0.5,1.,0.5,
1.,0.5,1.)) REPRESENTATION_ITEM('') );
#5951 = CARTESIAN_POINT('',(13.7,-3.552713678801E-15));
#5952 = CARTESIAN_POINT('',(13.7,-23.72909606369));
#5953 = CARTESIAN_POINT('',(-6.85,-11.86454803184));
#5954 = CARTESIAN_POINT('',(-27.4,-6.908245908464E-15));
#5955 = CARTESIAN_POINT('',(-6.85,11.864548031847));
#5956 = CARTESIAN_POINT('',(13.7,23.729096063694));
#5957 = CARTESIAN_POINT('',(13.7,-3.552713678801E-15));
#5958 = ( GEOMETRIC_REPRESENTATION_CONTEXT(2) 
PARAMETRIC_REPRESENTATION_CONTEXT() REPRESENTATION_CONTEXT('2D SPACE',''
  ) );
#5959 = PCURVE('',#5960,#5965);
#5960 = CYLINDRICAL_SURFACE('',#5961,13.7);
#5961 = AXIS2_PLACEMENT_3D('',#5962,#5963,#5964);
#5962 = CARTESIAN_POINT('',(0.,-15.,-1.));
#5963 = DIRECTION('',(-0.,-0.,-1.));
#5964 = DIRECTION('',(1.,0.,0.));
#5965 = DEFINITIONAL_REPRESENTATION('',(#5966),#5970);
#5966 = LINE('',#5967,#5968);
#5967 = CARTESIAN_POINT('',(-6.28318530718,-1.));
#5968 = VECTOR('',#5969,1.);
#5969 = DIRECTION('',(1.,-0.));
#5970 = ( GEOMETRIC_REPRESENTATION_CONTEXT(2) 
PARAMETRIC_REPRESENTATION_CONTEXT() REPRESENTATION_CONTEXT('2D SPACE',''
  ) );
#5971 = ADVANCED_FACE('',(#5972),#5733,.T.);
#5972 = FACE_BOUND('',#5973,.T.);
#5973 = EDGE_LOOP('',(#5974));
#5974 = ORIENTED_EDGE('',*,*,#5716,.T.);
#5975 = ADVANCED_FACE('',(#5976),#5788,.T.);
#5976 = FACE_BOUND('',#5977,.T.);
#5977 = EDGE_LOOP('',(#5978));
#5978 = ORIENTED_EDGE('',*,*,#5771,.T.);
#5979 = ADVANCED_FACE('',(#5980),#5843,.T.);
#5980 = FACE_BOUND('',#5981,.T.);
#5981 = EDGE_LOOP('',(#5982));
#5982 = ORIENTED_EDGE('',*,*,#5826,.T.);
#5983 = ADVANCED_FACE('',(#5984),#5898,.T.);
#5984 = FACE_BOUND('',#5985,.T.);
#5985 = EDGE_LOOP('',(#5986));
#5986 = ORIENTED_EDGE('',*,*,#5881,.T.);
#5987 = ADVANCED_FACE('',(#5988),#5960,.F.);
#5988 = FACE_BOUND('',#5989,.T.);
#5989 = EDGE_LOOP('',(#5990,#6013,#6040,#6041));
#5990 = ORIENTED_EDGE('',*,*,#5991,.F.);
#5991 = EDGE_CURVE('',#5992,#5940,#5994,.T.);
#5992 = VERTEX_POINT('',#5993);
#5993 = CARTESIAN_POINT('',(13.7,-15.,-1.));
#5994 = SEAM_CURVE('',#5995,(#5999,#6006),.PCURVE_S1.);
#5995 = LINE('',#5996,#5997);
#5996 = CARTESIAN_POINT('',(13.7,-15.,-1.));
#5997 = VECTOR('',#5998,1.);
#5998 = DIRECTION('',(0.,0.,1.));
#5999 = PCURVE('',#5960,#6000);
#6000 = DEFINITIONAL_REPRESENTATION('',(#6001),#6005);
#6001 = LINE('',#6002,#6003);
#6002 = CARTESIAN_POINT('',(-6.28318530718,0.));
#6003 = VECTOR('',#6004,1.);
#6004 = DIRECTION('',(-0.,-1.));
#6005 = ( GEOMETRIC_REPRESENTATION_CONTEXT(2) 
PARAMETRIC_REPRESENTATION_CONTEXT() REPRESENTATION_CONTEXT('2D SPACE',''
  ) );
#6006 = PCURVE('',#5960,#6007);
#6007 = DEFINITIONAL_REPRESENTATION('',(#6008),#6012);
#6008 = LINE('',#6009,#6010);
#6009 = CARTESIAN_POINT('',(-0.,0.));
#6010 = VECTOR('',#6011,1.);
#6011 = DIRECTION('',(-0.,-1.));
#6012 = ( GEOMETRIC_REPRESENTATION_CONTEXT(2) 
PARAMETRIC_REPRESENTATION_CONTEXT() REPRESENTATION_CONTEXT('2D SPACE',''
  ) );
#6013 = ORIENTED_EDGE('',*,*,#6014,.F.);
#6014 = EDGE_CURVE('',#5992,#5992,#6015,.T.);
#6015 = SURFACE_CURVE('',#6016,(#6021,#6028),.PCURVE_S1.);
#6016 = CIRCLE('',#6017,13.7);
#6017 = AXIS2_PLACEMENT_3D('',#6018,#6019,#6020);
#6018 = CARTESIAN_POINT('',(0.,-15.,-1.));
#6019 = DIRECTION('',(0.,0.,1.));
#6020 = DIRECTION('',(1.,0.,0.));
#6021 = PCURVE('',#5960,#6022);
#6022 = DEFINITIONAL_REPRESENTATION('',(#6023),#6027);
#6023 = LINE('',#6024,#6025);
#6024 = CARTESIAN_POINT('',(-0.,0.));
#6025 = VECTOR('',#6026,1.);
#6026 = DIRECTION('',(-1.,0.));
#6027 = ( GEOMETRIC_REPRESENTATION_CONTEXT(2) 
PARAMETRIC_REPRESENTATION_CONTEXT() REPRESENTATION_CONTEXT('2D SPACE',''
  ) );
#6028 = PCURVE('',#6029,#6034);
#6029 = PLANE('',#6030);
#6030 = AXIS2_PLACEMENT_3D('',#6031,#6032,#6033);
#6031 = CARTESIAN_POINT('',(-1.597010373769E-15,-15.,-1.));
#6032 = DIRECTION('',(0.,0.,1.));
#6033 = DIRECTION('',(1.,0.,-0.));
#6034 = DEFINITIONAL_REPRESENTATION('',(#6035),#6039);
#6035 = CIRCLE('',#6036,13.7);
#6036 = AXIS2_PLACEMENT_2D('',#6037,#6038);
#6037 = CARTESIAN_POINT('',(1.597010373769E-15,0.));
#6038 = DIRECTION('',(1.,0.));
#6039 = ( GEOMETRIC_REPRESENTATION_CONTEXT(2) 
PARAMETRIC_REPRESENTATION_CONTEXT() REPRESENTATION_CONTEXT('2D SPACE',''
  ) );
#6040 = ORIENTED_EDGE('',*,*,#5991,.T.);
#6041 = ORIENTED_EDGE('',*,*,#5939,.F.);
#6042 = ADVANCED_FACE('',(#6043),#6029,.T.);
#6043 = FACE_BOUND('',#6044,.T.);
#6044 = EDGE_LOOP('',(#6045));
#6045 = ORIENTED_EDGE('',*,*,#6014,.T.);
#6046 = ( GEOMETRIC_REPRESENTATION_CONTEXT(3) 
GLOBAL_UNCERTAINTY_ASSIGNED_CONTEXT((#6050)) 
GLOBAL_UNIT_ASSIGNED_CONTEXT((#6047,#6048,#6049)) REPRESENTATION_CONTEXT
('Context #1','3D Context with UNIT and UNCERTAINTY') );
#6047 = ( LENGTH_UNIT() NAMED_UNIT(*) SI_UNIT(.MILLI.,.METRE.) );
#6048 = ( NAMED_UNIT(*) PLANE_ANGLE_UNIT() SI_UNIT($,.RADIAN.) );
#6049 = ( NAMED_UNIT(*) SI_UNIT($,.STERADIAN.) SOLID_ANGLE_UNIT() );
#6050 = UNCERTAINTY_MEASURE_WITH_UNIT(LENGTH_MEASURE(1.E-07),#6047,
  'distance_accuracy_value','confusion accuracy');
#6051 = CONTEXT_DEPENDENT_SHAPE_REPRESENTATION(#6052,#6054);
#6052 = ( REPRESENTATION_RELATIONSHIP('','',#5151,#10) 
REPRESENTATION_RELATIONSHIP_WITH_TRANSFORMATION(#6053) 
SHAPE_REPRESENTATION_RELATIONSHIP() );
#6053 = ITEM_DEFINED_TRANSFORMATION('','',#11,#59);
#6054 = PRODUCT_DEFINITION_SHAPE('Placement','Placement of an item',
  #6055);
#6055 = NEXT_ASSEMBLY_USAGE_OCCURRENCE('23','','',#5,#5146,$);
#6056 = PRODUCT_RELATED_PRODUCT_CATEGORY('part',$,(#5148));
#6057 = SHAPE_DEFINITION_REPRESENTATION(#6058,#6064);
#6058 = PRODUCT_DEFINITION_SHAPE('','',#6059);
#6059 = PRODUCT_DEFINITION('design','',#6060,#6063);
#6060 = PRODUCT_DEFINITION_FORMATION('','',#6061);
#6061 = PRODUCT('Open CASCADE STEP translator 7.8 12.13',
  'Open CASCADE STEP translator 7.8 12.13','',(#6062));
#6062 = PRODUCT_CONTEXT('',#2,'mechanical');
#6063 = PRODUCT_DEFINITION_CONTEXT('part definition',#2,'design');
#6064 = ADVANCED_BREP_SHAPE_REPRESENTATION('',(#11,#6065),#7233);
#6065 = MANIFOLD_SOLID_BREP('',#6066);
#6066 = CLOSED_SHELL('',(#6067,#6187,#6319,#6368,#6463,#6635,#6767,#6914
    ,#6921,#6948,#6995,#7022,#7049,#7056,#7111,#7166,#7221,#7225,#7229)
  );
#6067 = ADVANCED_FACE('',(#6068),#6082,.F.);
#6068 = FACE_BOUND('',#6069,.F.);
#6069 = EDGE_LOOP('',(#6070,#6105,#6133,#6161));
#6070 = ORIENTED_EDGE('',*,*,#6071,.F.);
#6071 = EDGE_CURVE('',#6072,#6074,#6076,.T.);
#6072 = VERTEX_POINT('',#6073);
#6073 = CARTESIAN_POINT('',(-1.5,-50.,0.));
#6074 = VERTEX_POINT('',#6075);
#6075 = CARTESIAN_POINT('',(-1.5,-50.,50.));
#6076 = SURFACE_CURVE('',#6077,(#6081,#6093),.PCURVE_S1.);
#6077 = LINE('',#6078,#6079);
#6078 = CARTESIAN_POINT('',(-1.5,-50.,0.));
#6079 = VECTOR('',#6080,1.);
#6080 = DIRECTION('',(0.,0.,1.));
#6081 = PCURVE('',#6082,#6087);
#6082 = PLANE('',#6083);
#6083 = AXIS2_PLACEMENT_3D('',#6084,#6085,#6086);
#6084 = CARTESIAN_POINT('',(-1.5,-50.,0.));
#6085 = DIRECTION('',(1.,0.,0.));
#6086 = DIRECTION('',(0.,0.,1.));
#6087 = DEFINITIONAL_REPRESENTATION('',(#6088),#6092);
#6088 = LINE('',#6089,#6090);
#6089 = CARTESIAN_POINT('',(0.,0.));
#6090 = VECTOR('',#6091,1.);
#6091 = DIRECTION('',(1.,0.));
#6092 = ( GEOMETRIC_REPRESENTATION_CONTEXT(2) 
PARAMETRIC_REPRESENTATION_CONTEXT() REPRESENTATION_CONTEXT('2D SPACE',''
  ) );
#6093 = PCURVE('',#6094,#6099);
#6094 = PLANE('',#6095);
#6095 = AXIS2_PLACEMENT_3D('',#6096,#6097,#6098);
#6096 = CARTESIAN_POINT('',(-1.5,-50.,0.));
#6097 = DIRECTION('',(0.,1.,0.));
#6098 = DIRECTION('',(0.,0.,1.));
#6099 = DEFINITIONAL_REPRESENTATION('',(#6100),#6104);
#6100 = LINE('',#6101,#6102);
#6101 = CARTESIAN_POINT('',(0.,0.));
#6102 = VECTOR('',#6103,1.);
#6103 = DIRECTION('',(1.,0.));
#6104 = ( GEOMETRIC_REPRESENTATION_CONTEXT(2) 
PARAMETRIC_REPRESENTATION_CONTEXT() REPRESENTATION_CONTEXT('2D SPACE',''
  ) );
#6105 = ORIENTED_EDGE('',*,*,#6106,.T.);
#6106 = EDGE_CURVE('',#6072,#6107,#6109,.T.);
#6107 = VERTEX_POINT('',#6108);
#6108 = CARTESIAN_POINT('',(-1.5,50.,0.));
#6109 = SURFACE_CURVE('',#6110,(#6114,#6121),.PCURVE_S1.);
#6110 = LINE('',#6111,#6112);
#6111 = CARTESIAN_POINT('',(-1.5,-50.,0.));
#6112 = VECTOR('',#6113,1.);
#6113 = DIRECTION('',(0.,1.,0.));
#6114 = PCURVE('',#6082,#6115);
#6115 = DEFINITIONAL_REPRESENTATION('',(#6116),#6120);
#6116 = LINE('',#6117,#6118);
#6117 = CARTESIAN_POINT('',(0.,0.));
#6118 = VECTOR('',#6119,1.);
#6119 = DIRECTION('',(0.,-1.));
#6120 = ( GEOMETRIC_REPRESENTATION_CONTEXT(2) 
PARAMETRIC_REPRESENTATION_CONTEXT() REPRESENTATION_CONTEXT('2D SPACE',''
  ) );
#6121 = PCURVE('',#6122,#6127);
#6122 = PLANE('',#6123);
#6123 = AXIS2_PLACEMENT_3D('',#6124,#6125,#6126);
#6124 = CARTESIAN_POINT('',(-1.5,-50.,0.));
#6125 = DIRECTION('',(0.,0.,1.));
#6126 = DIRECTION('',(1.,0.,0.));
#6127 = DEFINITIONAL_REPRESENTATION('',(#6128),#6132);
#6128 = LINE('',#6129,#6130);
#6129 = CARTESIAN_POINT('',(0.,0.));
#6130 = VECTOR('',#6131,1.);
#6131 = DIRECTION('',(0.,1.));
#6132 = ( GEOMETRIC_REPRESENTATION_CONTEXT(2) 
PARAMETRIC_REPRESENTATION_CONTEXT() REPRESENTATION_CONTEXT('2D SPACE',''
  ) );
#6133 = ORIENTED_EDGE('',*,*,#6134,.T.);
#6134 = EDGE_CURVE('',#6107,#6135,#6137,.T.);
#6135 = VERTEX_POINT('',#6136);
#6136 = CARTESIAN_POINT('',(-1.5,50.,50.));
#6137 = SURFACE_CURVE('',#6138,(#6142,#6149),.PCURVE_S1.);
#6138 = LINE('',#6139,#6140);
#6139 = CARTESIAN_POINT('',(-1.5,50.,0.));
#6140 = VECTOR('',#6141,1.);
#6141 = DIRECTION('',(0.,0.,1.));
#6142 = PCURVE('',#6082,#6143);
#6143 = DEFINITIONAL_REPRESENTATION('',(#6144),#6148);
#6144 = LINE('',#6145,#6146);
#6145 = CARTESIAN_POINT('',(0.,-100.));
#6146 = VECTOR('',#6147,1.);
#6147 = DIRECTION('',(1.,0.));
#6148 = ( GEOMETRIC_REPRESENTATION_CONTEXT(2) 
PARAMETRIC_REPRESENTATION_CONTEXT() REPRESENTATION_CONTEXT('2D SPACE',''
  ) );
#6149 = PCURVE('',#6150,#6155);
#6150 = PLANE('',#6151);
#6151 = AXIS2_PLACEMENT_3D('',#6152,#6153,#6154);
#6152 = CARTESIAN_POINT('',(-1.5,50.,0.));
#6153 = DIRECTION('',(0.,1.,0.));
#6154 = DIRECTION('',(0.,0.,1.));
#6155 = DEFINITIONAL_REPRESENTATION('',(#6156),#6160);
#6156 = LINE('',#6157,#6158);
#6157 = CARTESIAN_POINT('',(0.,0.));
#6158 = VECTOR('',#6159,1.);
#6159 = DIRECTION('',(1.,0.));
#6160 = ( GEOMETRIC_REPRESENTATION_CONTEXT(2) 
PARAMETRIC_REPRESENTATION_CONTEXT() REPRESENTATION_CONTEXT('2D SPACE',''
  ) );
#6161 = ORIENTED_EDGE('',*,*,#6162,.F.);
#6162 = EDGE_CURVE('',#6074,#6135,#6163,.T.);
#6163 = SURFACE_CURVE('',#6164,(#6168,#6175),.PCURVE_S1.);
#6164 = LINE('',#6165,#6166);
#6165 = CARTESIAN_POINT('',(-1.5,-50.,50.));
#6166 = VECTOR('',#6167,1.);
#6167 = DIRECTION('',(0.,1.,0.));
#6168 = PCURVE('',#6082,#6169);
#6169 = DEFINITIONAL_REPRESENTATION('',(#6170),#6174);
#6170 = LINE('',#6171,#6172);
#6171 = CARTESIAN_POINT('',(50.,0.));
#6172 = VECTOR('',#6173,1.);
#6173 = DIRECTION('',(0.,-1.));
#6174 = ( GEOMETRIC_REPRESENTATION_CONTEXT(2) 
PARAMETRIC_REPRESENTATION_CONTEXT() REPRESENTATION_CONTEXT('2D SPACE',''
  ) );
#6175 = PCURVE('',#6176,#6181);
#6176 = PLANE('',#6177);
#6177 = AXIS2_PLACEMENT_3D('',#6178,#6179,#6180);
#6178 = CARTESIAN_POINT('',(-1.5,-50.,50.));
#6179 = DIRECTION('',(0.,0.,1.));
#6180 = DIRECTION('',(1.,0.,0.));
#6181 = DEFINITIONAL_REPRESENTATION('',(#6182),#6186);
#6182 = LINE('',#6183,#6184);
#6183 = CARTESIAN_POINT('',(0.,0.));
#6184 = VECTOR('',#6185,1.);
#6185 = DIRECTION('',(0.,1.));
#6186 = ( GEOMETRIC_REPRESENTATION_CONTEXT(2) 
PARAMETRIC_REPRESENTATION_CONTEXT() REPRESENTATION_CONTEXT('2D SPACE',''
  ) );
#6187 = ADVANCED_FACE('',(#6188),#6094,.F.);
#6188 = FACE_BOUND('',#6189,.F.);
#6189 = EDGE_LOOP('',(#6190,#6213,#6214,#6237,#6265,#6293));
#6190 = ORIENTED_EDGE('',*,*,#6191,.F.);
#6191 = EDGE_CURVE('',#6072,#6192,#6194,.T.);
#6192 = VERTEX_POINT('',#6193);
#6193 = CARTESIAN_POINT('',(101.5,-50.,0.));
#6194 = SURFACE_CURVE('',#6195,(#6199,#6206),.PCURVE_S1.);
#6195 = LINE('',#6196,#6197);
#6196 = CARTESIAN_POINT('',(-1.5,-50.,0.));
#6197 = VECTOR('',#6198,1.);
#6198 = DIRECTION('',(1.,0.,0.));
#6199 = PCURVE('',#6094,#6200);
#6200 = DEFINITIONAL_REPRESENTATION('',(#6201),#6205);
#6201 = LINE('',#6202,#6203);
#6202 = CARTESIAN_POINT('',(0.,0.));
#6203 = VECTOR('',#6204,1.);
#6204 = DIRECTION('',(0.,1.));
#6205 = ( GEOMETRIC_REPRESENTATION_CONTEXT(2) 
PARAMETRIC_REPRESENTATION_CONTEXT() REPRESENTATION_CONTEXT('2D SPACE',''
  ) );
#6206 = PCURVE('',#6122,#6207);
#6207 = DEFINITIONAL_REPRESENTATION('',(#6208),#6212);
#6208 = LINE('',#6209,#6210);
#6209 = CARTESIAN_POINT('',(0.,0.));
#6210 = VECTOR('',#6211,1.);
#6211 = DIRECTION('',(1.,0.));
#6212 = ( GEOMETRIC_REPRESENTATION_CONTEXT(2) 
PARAMETRIC_REPRESENTATION_CONTEXT() REPRESENTATION_CONTEXT('2D SPACE',''
  ) );
#6213 = ORIENTED_EDGE('',*,*,#6071,.T.);
#6214 = ORIENTED_EDGE('',*,*,#6215,.T.);
#6215 = EDGE_CURVE('',#6074,#6216,#6218,.T.);
#6216 = VERTEX_POINT('',#6217);
#6217 = CARTESIAN_POINT('',(1.5,-50.,50.));
#6218 = SURFACE_CURVE('',#6219,(#6223,#6230),.PCURVE_S1.);
#6219 = LINE('',#6220,#6221);
#6220 = CARTESIAN_POINT('',(-1.5,-50.,50.));
#6221 = VECTOR('',#6222,1.);
#6222 = DIRECTION('',(1.,0.,0.));
#6223 = PCURVE('',#6094,#6224);
#6224 = DEFINITIONAL_REPRESENTATION('',(#6225),#6229);
#6225 = LINE('',#6226,#6227);
#6226 = CARTESIAN_POINT('',(50.,0.));
#6227 = VECTOR('',#6228,1.);
#6228 = DIRECTION('',(0.,1.));
#6229 = ( GEOMETRIC_REPRESENTATION_CONTEXT(2) 
PARAMETRIC_REPRESENTATION_CONTEXT() REPRESENTATION_CONTEXT('2D SPACE',''
  ) );
#6230 = PCURVE('',#6176,#6231);
#6231 = DEFINITIONAL_REPRESENTATION('',(#6232),#6236);
#6232 = LINE('',#6233,#6234);
#6233 = CARTESIAN_POINT('',(0.,0.));
#6234 = VECTOR('',#6235,1.);
#6235 = DIRECTION('',(1.,0.));
#6236 = ( GEOMETRIC_REPRESENTATION_CONTEXT(2) 
PARAMETRIC_REPRESENTATION_CONTEXT() REPRESENTATION_CONTEXT('2D SPACE',''
  ) );
#6237 = ORIENTED_EDGE('',*,*,#6238,.F.);
#6238 = EDGE_CURVE('',#6239,#6216,#6241,.T.);
#6239 = VERTEX_POINT('',#6240);
#6240 = CARTESIAN_POINT('',(1.5,-50.,3.));
#6241 = SURFACE_CURVE('',#6242,(#6246,#6253),.PCURVE_S1.);
#6242 = LINE('',#6243,#6244);
#6243 = CARTESIAN_POINT('',(1.5,-50.,0.));
#6244 = VECTOR('',#6245,1.);
#6245 = DIRECTION('',(0.,0.,1.));
#6246 = PCURVE('',#6094,#6247);
#6247 = DEFINITIONAL_REPRESENTATION('',(#6248),#6252);
#6248 = LINE('',#6249,#6250);
#6249 = CARTESIAN_POINT('',(0.,3.));
#6250 = VECTOR('',#6251,1.);
#6251 = DIRECTION('',(1.,0.));
#6252 = ( GEOMETRIC_REPRESENTATION_CONTEXT(2) 
PARAMETRIC_REPRESENTATION_CONTEXT() REPRESENTATION_CONTEXT('2D SPACE',''
  ) );
#6253 = PCURVE('',#6254,#6259);
#6254 = PLANE('',#6255);
#6255 = AXIS2_PLACEMENT_3D('',#6256,#6257,#6258);
#6256 = CARTESIAN_POINT('',(1.5,-50.,0.));
#6257 = DIRECTION('',(1.,0.,0.));
#6258 = DIRECTION('',(0.,0.,1.));
#6259 = DEFINITIONAL_REPRESENTATION('',(#6260),#6264);
#6260 = LINE('',#6261,#6262);
#6261 = CARTESIAN_POINT('',(0.,0.));
#6262 = VECTOR('',#6263,1.);
#6263 = DIRECTION('',(1.,0.));
#6264 = ( GEOMETRIC_REPRESENTATION_CONTEXT(2) 
PARAMETRIC_REPRESENTATION_CONTEXT() REPRESENTATION_CONTEXT('2D SPACE',''
  ) );
#6265 = ORIENTED_EDGE('',*,*,#6266,.T.);
#6266 = EDGE_CURVE('',#6239,#6267,#6269,.T.);
#6267 = VERTEX_POINT('',#6268);
#6268 = CARTESIAN_POINT('',(101.5,-50.,3.));
#6269 = SURFACE_CURVE('',#6270,(#6274,#6281),.PCURVE_S1.);
#6270 = LINE('',#6271,#6272);
#6271 = CARTESIAN_POINT('',(1.5,-50.,3.));
#6272 = VECTOR('',#6273,1.);
#6273 = DIRECTION('',(1.,0.,0.));
#6274 = PCURVE('',#6094,#6275);
#6275 = DEFINITIONAL_REPRESENTATION('',(#6276),#6280);
#6276 = LINE('',#6277,#6278);
#6277 = CARTESIAN_POINT('',(3.,3.));
#6278 = VECTOR('',#6279,1.);
#6279 = DIRECTION('',(0.,1.));
#6280 = ( GEOMETRIC_REPRESENTATION_CONTEXT(2) 
PARAMETRIC_REPRESENTATION_CONTEXT() REPRESENTATION_CONTEXT('2D SPACE',''
  ) );
#6281 = PCURVE('',#6282,#6287);
#6282 = PLANE('',#6283);
#6283 = AXIS2_PLACEMENT_3D('',#6284,#6285,#6286);
#6284 = CARTESIAN_POINT('',(1.5,-50.,3.));
#6285 = DIRECTION('',(0.,0.,1.));
#6286 = DIRECTION('',(1.,0.,0.));
#6287 = DEFINITIONAL_REPRESENTATION('',(#6288),#6292);
#6288 = LINE('',#6289,#6290);
#6289 = CARTESIAN_POINT('',(0.,0.));
#6290 = VECTOR('',#6291,1.);
#6291 = DIRECTION('',(1.,0.));
#6292 = ( GEOMETRIC_REPRESENTATION_CONTEXT(2) 
PARAMETRIC_REPRESENTATION_CONTEXT() REPRESENTATION_CONTEXT('2D SPACE',''
  ) );
#6293 = ORIENTED_EDGE('',*,*,#6294,.F.);
#6294 = EDGE_CURVE('',#6192,#6267,#6295,.T.);
#6295 = SURFACE_CURVE('',#6296,(#6300,#6307),.PCURVE_S1.);
#6296 = LINE('',#6297,#6298);
#6297 = CARTESIAN_POINT('',(101.5,-50.,0.));
#6298 = VECTOR('',#6299,1.);
#6299 = DIRECTION('',(0.,0.,1.));
#6300 = PCURVE('',#6094,#6301);
#6301 = DEFINITIONAL_REPRESENTATION('',(#6302),#6306);
#6302 = LINE('',#6303,#6304);
#6303 = CARTESIAN_POINT('',(0.,103.));
#6304 = VECTOR('',#6305,1.);
#6305 = DIRECTION('',(1.,0.));
#6306 = ( GEOMETRIC_REPRESENTATION_CONTEXT(2) 
PARAMETRIC_REPRESENTATION_CONTEXT() REPRESENTATION_CONTEXT('2D SPACE',''
  ) );
#6307 = PCURVE('',#6308,#6313);
#6308 = PLANE('',#6309);
#6309 = AXIS2_PLACEMENT_3D('',#6310,#6311,#6312);
#6310 = CARTESIAN_POINT('',(101.5,-50.,0.));
#6311 = DIRECTION('',(1.,0.,0.));
#6312 = DIRECTION('',(0.,0.,1.));
#6313 = DEFINITIONAL_REPRESENTATION('',(#6314),#6318);
#6314 = LINE('',#6315,#6316);
#6315 = CARTESIAN_POINT('',(0.,0.));
#6316 = VECTOR('',#6317,1.);
#6317 = DIRECTION('',(1.,0.));
#6318 = ( GEOMETRIC_REPRESENTATION_CONTEXT(2) 
PARAMETRIC_REPRESENTATION_CONTEXT() REPRESENTATION_CONTEXT('2D SPACE',''
  ) );
#6319 = ADVANCED_FACE('',(#6320),#6176,.T.);
#6320 = FACE_BOUND('',#6321,.T.);
#6321 = EDGE_LOOP('',(#6322,#6323,#6324,#6347));
#6322 = ORIENTED_EDGE('',*,*,#6162,.F.);
#6323 = ORIENTED_EDGE('',*,*,#6215,.T.);
#6324 = ORIENTED_EDGE('',*,*,#6325,.T.);
#6325 = EDGE_CURVE('',#6216,#6326,#6328,.T.);
#6326 = VERTEX_POINT('',#6327);
#6327 = CARTESIAN_POINT('',(1.5,50.,50.));
#6328 = SURFACE_CURVE('',#6329,(#6333,#6340),.PCURVE_S1.);
#6329 = LINE('',#6330,#6331);
#6330 = CARTESIAN_POINT('',(1.5,-50.,50.));
#6331 = VECTOR('',#6332,1.);
#6332 = DIRECTION('',(0.,1.,0.));
#6333 = PCURVE('',#6176,#6334);
#6334 = DEFINITIONAL_REPRESENTATION('',(#6335),#6339);
#6335 = LINE('',#6336,#6337);
#6336 = CARTESIAN_POINT('',(3.,0.));
#6337 = VECTOR('',#6338,1.);
#6338 = DIRECTION('',(0.,1.));
#6339 = ( GEOMETRIC_REPRESENTATION_CONTEXT(2) 
PARAMETRIC_REPRESENTATION_CONTEXT() REPRESENTATION_CONTEXT('2D SPACE',''
  ) );
#6340 = PCURVE('',#6254,#6341);
#6341 = DEFINITIONAL_REPRESENTATION('',(#6342),#6346);
#6342 = LINE('',#6343,#6344);
#6343 = CARTESIAN_POINT('',(50.,0.));
#6344 = VECTOR('',#6345,1.);
#6345 = DIRECTION('',(0.,-1.));
#6346 = ( GEOMETRIC_REPRESENTATION_CONTEXT(2) 
PARAMETRIC_REPRESENTATION_CONTEXT() REPRESENTATION_CONTEXT('2D SPACE',''
  ) );
#6347 = ORIENTED_EDGE('',*,*,#6348,.F.);
#6348 = EDGE_CURVE('',#6135,#6326,#6349,.T.);
#6349 = SURFACE_CURVE('',#6350,(#6354,#6361),.PCURVE_S1.);
#6350 = LINE('',#6351,#6352);
#6351 = CARTESIAN_POINT('',(-1.5,50.,50.));
#6352 = VECTOR('',#6353,1.);
#6353 = DIRECTION('',(1.,0.,0.));
#6354 = PCURVE('',#6176,#6355);
#6355 = DEFINITIONAL_REPRESENTATION('',(#6356),#6360);
#6356 = LINE('',#6357,#6358);
#6357 = CARTESIAN_POINT('',(0.,100.));
#6358 = VECTOR('',#6359,1.);
#6359 = DIRECTION('',(1.,0.));
#6360 = ( GEOMETRIC_REPRESENTATION_CONTEXT(2) 
PARAMETRIC_REPRESENTATION_CONTEXT() REPRESENTATION_CONTEXT('2D SPACE',''
  ) );
#6361 = PCURVE('',#6150,#6362);
#6362 = DEFINITIONAL_REPRESENTATION('',(#6363),#6367);
#6363 = LINE('',#6364,#6365);
#6364 = CARTESIAN_POINT('',(50.,0.));
#6365 = VECTOR('',#6366,1.);
#6366 = DIRECTION('',(0.,1.));
#6367 = ( GEOMETRIC_REPRESENTATION_CONTEXT(2) 
PARAMETRIC_REPRESENTATION_CONTEXT() REPRESENTATION_CONTEXT('2D SPACE',''
  ) );
#6368 = ADVANCED_FACE('',(#6369),#6150,.T.);
#6369 = FACE_BOUND('',#6370,.T.);
#6370 = EDGE_LOOP('',(#6371,#6372,#6373,#6396,#6419,#6442));
#6371 = ORIENTED_EDGE('',*,*,#6134,.T.);
#6372 = ORIENTED_EDGE('',*,*,#6348,.T.);
#6373 = ORIENTED_EDGE('',*,*,#6374,.F.);
#6374 = EDGE_CURVE('',#6375,#6326,#6377,.T.);
#6375 = VERTEX_POINT('',#6376);
#6376 = CARTESIAN_POINT('',(1.5,50.,3.));
#6377 = SURFACE_CURVE('',#6378,(#6382,#6389),.PCURVE_S1.);
#6378 = LINE('',#6379,#6380);
#6379 = CARTESIAN_POINT('',(1.5,50.,0.));
#6380 = VECTOR('',#6381,1.);
#6381 = DIRECTION('',(0.,0.,1.));
#6382 = PCURVE('',#6150,#6383);
#6383 = DEFINITIONAL_REPRESENTATION('',(#6384),#6388);
#6384 = LINE('',#6385,#6386);
#6385 = CARTESIAN_POINT('',(0.,3.));
#6386 = VECTOR('',#6387,1.);
#6387 = DIRECTION('',(1.,0.));
#6388 = ( GEOMETRIC_REPRESENTATION_CONTEXT(2) 
PARAMETRIC_REPRESENTATION_CONTEXT() REPRESENTATION_CONTEXT('2D SPACE',''
  ) );
#6389 = PCURVE('',#6254,#6390);
#6390 = DEFINITIONAL_REPRESENTATION('',(#6391),#6395);
#6391 = LINE('',#6392,#6393);
#6392 = CARTESIAN_POINT('',(0.,-100.));
#6393 = VECTOR('',#6394,1.);
#6394 = DIRECTION('',(1.,0.));
#6395 = ( GEOMETRIC_REPRESENTATION_CONTEXT(2) 
PARAMETRIC_REPRESENTATION_CONTEXT() REPRESENTATION_CONTEXT('2D SPACE',''
  ) );
#6396 = ORIENTED_EDGE('',*,*,#6397,.T.);
#6397 = EDGE_CURVE('',#6375,#6398,#6400,.T.);
#6398 = VERTEX_POINT('',#6399);
#6399 = CARTESIAN_POINT('',(101.5,50.,3.));
#6400 = SURFACE_CURVE('',#6401,(#6405,#6412),.PCURVE_S1.);
#6401 = LINE('',#6402,#6403);
#6402 = CARTESIAN_POINT('',(1.5,50.,3.));
#6403 = VECTOR('',#6404,1.);
#6404 = DIRECTION('',(1.,0.,0.));
#6405 = PCURVE('',#6150,#6406);
#6406 = DEFINITIONAL_REPRESENTATION('',(#6407),#6411);
#6407 = LINE('',#6408,#6409);
#6408 = CARTESIAN_POINT('',(3.,3.));
#6409 = VECTOR('',#6410,1.);
#6410 = DIRECTION('',(0.,1.));
#6411 = ( GEOMETRIC_REPRESENTATION_CONTEXT(2) 
PARAMETRIC_REPRESENTATION_CONTEXT() REPRESENTATION_CONTEXT('2D SPACE',''
  ) );
#6412 = PCURVE('',#6282,#6413);
#6413 = DEFINITIONAL_REPRESENTATION('',(#6414),#6418);
#6414 = LINE('',#6415,#6416);
#6415 = CARTESIAN_POINT('',(0.,100.));
#6416 = VECTOR('',#6417,1.);
#6417 = DIRECTION('',(1.,0.));
#6418 = ( GEOMETRIC_REPRESENTATION_CONTEXT(2) 
PARAMETRIC_REPRESENTATION_CONTEXT() REPRESENTATION_CONTEXT('2D SPACE',''
  ) );
#6419 = ORIENTED_EDGE('',*,*,#6420,.F.);
#6420 = EDGE_CURVE('',#6421,#6398,#6423,.T.);
#6421 = VERTEX_POINT('',#6422);
#6422 = CARTESIAN_POINT('',(101.5,50.,0.));
#6423 = SURFACE_CURVE('',#6424,(#6428,#6435),.PCURVE_S1.);
#6424 = LINE('',#6425,#6426);
#6425 = CARTESIAN_POINT('',(101.5,50.,0.));
#6426 = VECTOR('',#6427,1.);
#6427 = DIRECTION('',(0.,0.,1.));
#6428 = PCURVE('',#6150,#6429);
#6429 = DEFINITIONAL_REPRESENTATION('',(#6430),#6434);
#6430 = LINE('',#6431,#6432);
#6431 = CARTESIAN_POINT('',(0.,103.));
#6432 = VECTOR('',#6433,1.);
#6433 = DIRECTION('',(1.,0.));
#6434 = ( GEOMETRIC_REPRESENTATION_CONTEXT(2) 
PARAMETRIC_REPRESENTATION_CONTEXT() REPRESENTATION_CONTEXT('2D SPACE',''
  ) );
#6435 = PCURVE('',#6308,#6436);
#6436 = DEFINITIONAL_REPRESENTATION('',(#6437),#6441);
#6437 = LINE('',#6438,#6439);
#6438 = CARTESIAN_POINT('',(0.,-100.));
#6439 = VECTOR('',#6440,1.);
#6440 = DIRECTION('',(1.,0.));
#6441 = ( GEOMETRIC_REPRESENTATION_CONTEXT(2) 
PARAMETRIC_REPRESENTATION_CONTEXT() REPRESENTATION_CONTEXT('2D SPACE',''
  ) );
#6442 = ORIENTED_EDGE('',*,*,#6443,.T.);
#6443 = EDGE_CURVE('',#6421,#6107,#6444,.T.);
#6444 = SURFACE_CURVE('',#6445,(#6449,#6456),.PCURVE_S1.);
#6445 = LINE('',#6446,#6447);
#6446 = CARTESIAN_POINT('',(101.5,50.,0.));
#6447 = VECTOR('',#6448,1.);
#6448 = DIRECTION('',(-1.,0.,0.));
#6449 = PCURVE('',#6150,#6450);
#6450 = DEFINITIONAL_REPRESENTATION('',(#6451),#6455);
#6451 = LINE('',#6452,#6453);
#6452 = CARTESIAN_POINT('',(0.,103.));
#6453 = VECTOR('',#6454,1.);
#6454 = DIRECTION('',(0.,-1.));
#6455 = ( GEOMETRIC_REPRESENTATION_CONTEXT(2) 
PARAMETRIC_REPRESENTATION_CONTEXT() REPRESENTATION_CONTEXT('2D SPACE',''
  ) );
#6456 = PCURVE('',#6122,#6457);
#6457 = DEFINITIONAL_REPRESENTATION('',(#6458),#6462);
#6458 = LINE('',#6459,#6460);
#6459 = CARTESIAN_POINT('',(103.,100.));
#6460 = VECTOR('',#6461,1.);
#6461 = DIRECTION('',(-1.,0.));
#6462 = ( GEOMETRIC_REPRESENTATION_CONTEXT(2) 
PARAMETRIC_REPRESENTATION_CONTEXT() REPRESENTATION_CONTEXT('2D SPACE',''
  ) );
#6463 = ADVANCED_FACE('',(#6464,#6490,#6525),#6122,.F.);
#6464 = FACE_BOUND('',#6465,.F.);
#6465 = EDGE_LOOP('',(#6466,#6467,#6468,#6489));
#6466 = ORIENTED_EDGE('',*,*,#6106,.F.);
#6467 = ORIENTED_EDGE('',*,*,#6191,.T.);
#6468 = ORIENTED_EDGE('',*,*,#6469,.T.);
#6469 = EDGE_CURVE('',#6192,#6421,#6470,.T.);
#6470 = SURFACE_CURVE('',#6471,(#6475,#6482),.PCURVE_S1.);
#6471 = LINE('',#6472,#6473);
#6472 = CARTESIAN_POINT('',(101.5,-50.,0.));
#6473 = VECTOR('',#6474,1.);
#6474 = DIRECTION('',(0.,1.,0.));
#6475 = PCURVE('',#6122,#6476);
#6476 = DEFINITIONAL_REPRESENTATION('',(#6477),#6481);
#6477 = LINE('',#6478,#6479);
#6478 = CARTESIAN_POINT('',(103.,0.));
#6479 = VECTOR('',#6480,1.);
#6480 = DIRECTION('',(0.,1.));
#6481 = ( GEOMETRIC_REPRESENTATION_CONTEXT(2) 
PARAMETRIC_REPRESENTATION_CONTEXT() REPRESENTATION_CONTEXT('2D SPACE',''
  ) );
#6482 = PCURVE('',#6308,#6483);
#6483 = DEFINITIONAL_REPRESENTATION('',(#6484),#6488);
#6484 = LINE('',#6485,#6486);
#6485 = CARTESIAN_POINT('',(0.,0.));
#6486 = VECTOR('',#6487,1.);
#6487 = DIRECTION('',(0.,-1.));
#6488 = ( GEOMETRIC_REPRESENTATION_CONTEXT(2) 
PARAMETRIC_REPRESENTATION_CONTEXT() REPRESENTATION_CONTEXT('2D SPACE',''
  ) );
#6489 = ORIENTED_EDGE('',*,*,#6443,.T.);
#6490 = FACE_BOUND('',#6491,.F.);
#6491 = EDGE_LOOP('',(#6492));
#6492 = ORIENTED_EDGE('',*,*,#6493,.T.);
#6493 = EDGE_CURVE('',#6494,#6494,#6496,.T.);
#6494 = VERTEX_POINT('',#6495);
#6495 = CARTESIAN_POINT('',(32.5,0.,0.));
#6496 = SURFACE_CURVE('',#6497,(#6502,#6513),.PCURVE_S1.);
#6497 = CIRCLE('',#6498,4.5);
#6498 = AXIS2_PLACEMENT_3D('',#6499,#6500,#6501);
#6499 = CARTESIAN_POINT('',(28.,0.,0.));
#6500 = DIRECTION('',(0.,0.,-1.));
#6501 = DIRECTION('',(1.,0.,0.));
#6502 = PCURVE('',#6122,#6503);
#6503 = DEFINITIONAL_REPRESENTATION('',(#6504),#6512);
#6504 = ( BOUNDED_CURVE() B_SPLINE_CURVE(2,(#6505,#6506,#6507,#6508,
#6509,#6510,#6511),.UNSPECIFIED.,.T.,.F.) B_SPLINE_CURVE_WITH_KNOTS((1,2
    ,2,2,2,1),(-2.094395102393,0.,2.094395102393,4.188790204786,
6.28318530718,8.377580409573),.UNSPECIFIED.) CURVE() 
GEOMETRIC_REPRESENTATION_ITEM() RATIONAL_B_SPLINE_CURVE((1.,0.5,1.,0.5,
1.,0.5,1.)) REPRESENTATION_ITEM('') );
#6505 = CARTESIAN_POINT('',(34.,50.));
#6506 = CARTESIAN_POINT('',(34.,42.20577136594));
#6507 = CARTESIAN_POINT('',(27.25,46.10288568297));
#6508 = CARTESIAN_POINT('',(20.5,50.));
#6509 = CARTESIAN_POINT('',(27.25,53.89711431703));
#6510 = CARTESIAN_POINT('',(34.,57.79422863406));
#6511 = CARTESIAN_POINT('',(34.,50.));
#6512 = ( GEOMETRIC_REPRESENTATION_CONTEXT(2) 
PARAMETRIC_REPRESENTATION_CONTEXT() REPRESENTATION_CONTEXT('2D SPACE',''
  ) );
#6513 = PCURVE('',#6514,#6519);
#6514 = CYLINDRICAL_SURFACE('',#6515,4.5);
#6515 = AXIS2_PLACEMENT_3D('',#6516,#6517,#6518);
#6516 = CARTESIAN_POINT('',(28.,0.,-1.));
#6517 = DIRECTION('',(-0.,-0.,-1.));
#6518 = DIRECTION('',(1.,0.,0.));
#6519 = DEFINITIONAL_REPRESENTATION('',(#6520),#6524);
#6520 = LINE('',#6521,#6522);
#6521 = CARTESIAN_POINT('',(-6.28318530718,-1.));
#6522 = VECTOR('',#6523,1.);
#6523 = DIRECTION('',(1.,-0.));
#6524 = ( GEOMETRIC_REPRESENTATION_CONTEXT(2) 
PARAMETRIC_REPRESENTATION_CONTEXT() REPRESENTATION_CONTEXT('2D SPACE',''
  ) );
#6525 = FACE_BOUND('',#6526,.F.);
#6526 = EDGE_LOOP('',(#6527,#6555,#6583,#6609));
#6527 = ORIENTED_EDGE('',*,*,#6528,.T.);
#6528 = EDGE_CURVE('',#6529,#6531,#6533,.T.);
#6529 = VERTEX_POINT('',#6530);
#6530 = CARTESIAN_POINT('',(88.,4.5,0.));
#6531 = VERTEX_POINT('',#6532);
#6532 = CARTESIAN_POINT('',(88.,-4.5,0.));
#6533 = SURFACE_CURVE('',#6534,(#6538,#6544),.PCURVE_S1.);
#6534 = LINE('',#6535,#6536);
#6535 = CARTESIAN_POINT('',(88.,-27.25,0.));
#6536 = VECTOR('',#6537,1.);
#6537 = DIRECTION('',(0.,-1.,0.));
#6538 = PCURVE('',#6122,#6539);
#6539 = DEFINITIONAL_REPRESENTATION('',(#6540),#6543);
#6540 = B_SPLINE_CURVE_WITH_KNOTS('',1,(#6541,#6542),.UNSPECIFIED.,.F.,
  .F.,(2,2),(-31.75,-22.75),.PIECEWISE_BEZIER_KNOTS.);
#6541 = CARTESIAN_POINT('',(89.5,54.5));
#6542 = CARTESIAN_POINT('',(89.5,45.5));
#6543 = ( GEOMETRIC_REPRESENTATION_CONTEXT(2) 
PARAMETRIC_REPRESENTATION_CONTEXT() REPRESENTATION_CONTEXT('2D SPACE',''
  ) );
#6544 = PCURVE('',#6545,#6550);
#6545 = PLANE('',#6546);
#6546 = AXIS2_PLACEMENT_3D('',#6547,#6548,#6549);
#6547 = CARTESIAN_POINT('',(88.,-4.5,-1.));
#6548 = DIRECTION('',(-1.,0.,0.));
#6549 = DIRECTION('',(0.,1.,0.));
#6550 = DEFINITIONAL_REPRESENTATION('',(#6551),#6554);
#6551 = B_SPLINE_CURVE_WITH_KNOTS('',1,(#6552,#6553),.UNSPECIFIED.,.F.,
  .F.,(2,2),(-31.75,-22.75),.PIECEWISE_BEZIER_KNOTS.);
#6552 = CARTESIAN_POINT('',(9.,-1.));
#6553 = CARTESIAN_POINT('',(0.,-1.));
#6554 = ( GEOMETRIC_REPRESENTATION_CONTEXT(2) 
PARAMETRIC_REPRESENTATION_CONTEXT() REPRESENTATION_CONTEXT('2D SPACE',''
  ) );
#6555 = ORIENTED_EDGE('',*,*,#6556,.F.);
#6556 = EDGE_CURVE('',#6557,#6531,#6559,.T.);
#6557 = VERTEX_POINT('',#6558);
#6558 = CARTESIAN_POINT('',(68.,-4.5,0.));
#6559 = SURFACE_CURVE('',#6560,(#6564,#6571),.PCURVE_S1.);
#6560 = LINE('',#6561,#6562);
#6561 = CARTESIAN_POINT('',(68.,-4.5,0.));
#6562 = VECTOR('',#6563,1.);
#6563 = DIRECTION('',(1.,0.,0.));
#6564 = PCURVE('',#6122,#6565);
#6565 = DEFINITIONAL_REPRESENTATION('',(#6566),#6570);
#6566 = LINE('',#6567,#6568);
#6567 = CARTESIAN_POINT('',(69.5,45.5));
#6568 = VECTOR('',#6569,1.);
#6569 = DIRECTION('',(1.,0.));
#6570 = ( GEOMETRIC_REPRESENTATION_CONTEXT(2) 
PARAMETRIC_REPRESENTATION_CONTEXT() REPRESENTATION_CONTEXT('2D SPACE',''
  ) );
#6571 = PCURVE('',#6572,#6577);
#6572 = PLANE('',#6573);
#6573 = AXIS2_PLACEMENT_3D('',#6574,#6575,#6576);
#6574 = CARTESIAN_POINT('',(68.,-4.5,-1.));
#6575 = DIRECTION('',(0.,1.,0.));
#6576 = DIRECTION('',(1.,0.,0.));
#6577 = DEFINITIONAL_REPRESENTATION('',(#6578),#6582);
#6578 = LINE('',#6579,#6580);
#6579 = CARTESIAN_POINT('',(0.,-1.));
#6580 = VECTOR('',#6581,1.);
#6581 = DIRECTION('',(1.,0.));
#6582 = ( GEOMETRIC_REPRESENTATION_CONTEXT(2) 
PARAMETRIC_REPRESENTATION_CONTEXT() REPRESENTATION_CONTEXT('2D SPACE',''
  ) );
#6583 = ORIENTED_EDGE('',*,*,#6584,.T.);
#6584 = EDGE_CURVE('',#6557,#6585,#6587,.T.);
#6585 = VERTEX_POINT('',#6586);
#6586 = CARTESIAN_POINT('',(68.,4.5,0.));
#6587 = SURFACE_CURVE('',#6588,(#6592,#6598),.PCURVE_S1.);
#6588 = LINE('',#6589,#6590);
#6589 = CARTESIAN_POINT('',(68.,-22.75,0.));
#6590 = VECTOR('',#6591,1.);
#6591 = DIRECTION('',(-0.,1.,0.));
#6592 = PCURVE('',#6122,#6593);
#6593 = DEFINITIONAL_REPRESENTATION('',(#6594),#6597);
#6594 = B_SPLINE_CURVE_WITH_KNOTS('',1,(#6595,#6596),.UNSPECIFIED.,.F.,
  .F.,(2,2),(18.25,27.25),.PIECEWISE_BEZIER_KNOTS.);
#6595 = CARTESIAN_POINT('',(69.5,45.5));
#6596 = CARTESIAN_POINT('',(69.5,54.5));
#6597 = ( GEOMETRIC_REPRESENTATION_CONTEXT(2) 
PARAMETRIC_REPRESENTATION_CONTEXT() REPRESENTATION_CONTEXT('2D SPACE',''
  ) );
#6598 = PCURVE('',#6599,#6604);
#6599 = PLANE('',#6600);
#6600 = AXIS2_PLACEMENT_3D('',#6601,#6602,#6603);
#6601 = CARTESIAN_POINT('',(68.,4.5,-1.));
#6602 = DIRECTION('',(1.,0.,-0.));
#6603 = DIRECTION('',(0.,-1.,0.));
#6604 = DEFINITIONAL_REPRESENTATION('',(#6605),#6608);
#6605 = B_SPLINE_CURVE_WITH_KNOTS('',1,(#6606,#6607),.UNSPECIFIED.,.F.,
  .F.,(2,2),(18.25,27.25),.PIECEWISE_BEZIER_KNOTS.);
#6606 = CARTESIAN_POINT('',(9.,-1.));
#6607 = CARTESIAN_POINT('',(0.,-1.));
#6608 = ( GEOMETRIC_REPRESENTATION_CONTEXT(2) 
PARAMETRIC_REPRESENTATION_CONTEXT() REPRESENTATION_CONTEXT('2D SPACE',''
  ) );
#6609 = ORIENTED_EDGE('',*,*,#6610,.F.);
#6610 = EDGE_CURVE('',#6529,#6585,#6611,.T.);
#6611 = SURFACE_CURVE('',#6612,(#6616,#6623),.PCURVE_S1.);
#6612 = LINE('',#6613,#6614);
#6613 = CARTESIAN_POINT('',(88.,4.5,0.));
#6614 = VECTOR('',#6615,1.);
#6615 = DIRECTION('',(-1.,0.,0.));
#6616 = PCURVE('',#6122,#6617);
#6617 = DEFINITIONAL_REPRESENTATION('',(#6618),#6622);
#6618 = LINE('',#6619,#6620);
#6619 = CARTESIAN_POINT('',(89.5,54.5));
#6620 = VECTOR('',#6621,1.);
#6621 = DIRECTION('',(-1.,0.));
#6622 = ( GEOMETRIC_REPRESENTATION_CONTEXT(2) 
PARAMETRIC_REPRESENTATION_CONTEXT() REPRESENTATION_CONTEXT('2D SPACE',''
  ) );
#6623 = PCURVE('',#6624,#6629);
#6624 = PLANE('',#6625);
#6625 = AXIS2_PLACEMENT_3D('',#6626,#6627,#6628);
#6626 = CARTESIAN_POINT('',(88.,4.5,-1.));
#6627 = DIRECTION('',(0.,-1.,0.));
#6628 = DIRECTION('',(-1.,0.,0.));
#6629 = DEFINITIONAL_REPRESENTATION('',(#6630),#6634);
#6630 = LINE('',#6631,#6632);
#6631 = CARTESIAN_POINT('',(0.,-1.));
#6632 = VECTOR('',#6633,1.);
#6633 = DIRECTION('',(1.,0.));
#6634 = ( GEOMETRIC_REPRESENTATION_CONTEXT(2) 
PARAMETRIC_REPRESENTATION_CONTEXT() REPRESENTATION_CONTEXT('2D SPACE',''
  ) );
#6635 = ADVANCED_FACE('',(#6636,#6662,#6697,#6732),#6254,.T.);
#6636 = FACE_BOUND('',#6637,.T.);
#6637 = EDGE_LOOP('',(#6638,#6639,#6660,#6661));
#6638 = ORIENTED_EDGE('',*,*,#6238,.F.);
#6639 = ORIENTED_EDGE('',*,*,#6640,.T.);
#6640 = EDGE_CURVE('',#6239,#6375,#6641,.T.);
#6641 = SURFACE_CURVE('',#6642,(#6646,#6653),.PCURVE_S1.);
#6642 = LINE('',#6643,#6644);
#6643 = CARTESIAN_POINT('',(1.5,-50.,3.));
#6644 = VECTOR('',#6645,1.);
#6645 = DIRECTION('',(0.,1.,0.));
#6646 = PCURVE('',#6254,#6647);
#6647 = DEFINITIONAL_REPRESENTATION('',(#6648),#6652);
#6648 = LINE('',#6649,#6650);
#6649 = CARTESIAN_POINT('',(3.,0.));
#6650 = VECTOR('',#6651,1.);
#6651 = DIRECTION('',(0.,-1.));
#6652 = ( GEOMETRIC_REPRESENTATION_CONTEXT(2) 
PARAMETRIC_REPRESENTATION_CONTEXT() REPRESENTATION_CONTEXT('2D SPACE',''
  ) );
#6653 = PCURVE('',#6282,#6654);
#6654 = DEFINITIONAL_REPRESENTATION('',(#6655),#6659);
#6655 = LINE('',#6656,#6657);
#6656 = CARTESIAN_POINT('',(0.,0.));
#6657 = VECTOR('',#6658,1.);
#6658 = DIRECTION('',(0.,1.));
#6659 = ( GEOMETRIC_REPRESENTATION_CONTEXT(2) 
PARAMETRIC_REPRESENTATION_CONTEXT() REPRESENTATION_CONTEXT('2D SPACE',''
  ) );
#6660 = ORIENTED_EDGE('',*,*,#6374,.T.);
#6661 = ORIENTED_EDGE('',*,*,#6325,.F.);
#6662 = FACE_BOUND('',#6663,.T.);
#6663 = EDGE_LOOP('',(#6664));
#6664 = ORIENTED_EDGE('',*,*,#6665,.T.);
#6665 = EDGE_CURVE('',#6666,#6666,#6668,.T.);
#6666 = VERTEX_POINT('',#6667);
#6667 = CARTESIAN_POINT('',(1.5,34.5,25.));
#6668 = SURFACE_CURVE('',#6669,(#6674,#6685),.PCURVE_S1.);
#6669 = CIRCLE('',#6670,4.5);
#6670 = AXIS2_PLACEMENT_3D('',#6671,#6672,#6673);
#6671 = CARTESIAN_POINT('',(1.5,30.,25.));
#6672 = DIRECTION('',(-1.,0.,0.));
#6673 = DIRECTION('',(0.,1.,0.));
#6674 = PCURVE('',#6254,#6675);
#6675 = DEFINITIONAL_REPRESENTATION('',(#6676),#6684);
#6676 = ( BOUNDED_CURVE() B_SPLINE_CURVE(2,(#6677,#6678,#6679,#6680,
#6681,#6682,#6683),.UNSPECIFIED.,.T.,.F.) B_SPLINE_CURVE_WITH_KNOTS((1,2
    ,2,2,2,1),(-2.094395102393,0.,2.094395102393,4.188790204786,
6.28318530718,8.377580409573),.UNSPECIFIED.) CURVE() 
GEOMETRIC_REPRESENTATION_ITEM() RATIONAL_B_SPLINE_CURVE((1.,0.5,1.,0.5,
1.,0.5,1.)) REPRESENTATION_ITEM('') );
#6677 = CARTESIAN_POINT('',(25.,-84.5));
#6678 = CARTESIAN_POINT('',(17.20577136594,-84.5));
#6679 = CARTESIAN_POINT('',(21.10288568297,-77.75));
#6680 = CARTESIAN_POINT('',(25.,-71.));
#6681 = CARTESIAN_POINT('',(28.89711431703,-77.75));
#6682 = CARTESIAN_POINT('',(32.79422863406,-84.5));
#6683 = CARTESIAN_POINT('',(25.,-84.5));
#6684 = ( GEOMETRIC_REPRESENTATION_CONTEXT(2) 
PARAMETRIC_REPRESENTATION_CONTEXT() REPRESENTATION_CONTEXT('2D SPACE',''
  ) );
#6685 = PCURVE('',#6686,#6691);
#6686 = CYLINDRICAL_SURFACE('',#6687,4.5);
#6687 = AXIS2_PLACEMENT_3D('',#6688,#6689,#6690);
#6688 = CARTESIAN_POINT('',(-1.,30.,25.));
#6689 = DIRECTION('',(-1.,-0.,-0.));
#6690 = DIRECTION('',(0.,1.,0.));
#6691 = DEFINITIONAL_REPRESENTATION('',(#6692),#6696);
#6692 = LINE('',#6693,#6694);
#6693 = CARTESIAN_POINT('',(-6.28318530718,-2.5));
#6694 = VECTOR('',#6695,1.);
#6695 = DIRECTION('',(1.,-0.));
#6696 = ( GEOMETRIC_REPRESENTATION_CONTEXT(2) 
PARAMETRIC_REPRESENTATION_CONTEXT() REPRESENTATION_CONTEXT('2D SPACE',''
  ) );
#6697 = FACE_BOUND('',#6698,.T.);
#6698 = EDGE_LOOP('',(#6699));
#6699 = ORIENTED_EDGE('',*,*,#6700,.T.);
#6700 = EDGE_CURVE('',#6701,#6701,#6703,.T.);
#6701 = VERTEX_POINT('',#6702);
#6702 = CARTESIAN_POINT('',(1.5,4.5,25.));
#6703 = SURFACE_CURVE('',#6704,(#6709,#6720),.PCURVE_S1.);
#6704 = CIRCLE('',#6705,4.5);
#6705 = AXIS2_PLACEMENT_3D('',#6706,#6707,#6708);
#6706 = CARTESIAN_POINT('',(1.5,0.,25.));
#6707 = DIRECTION('',(-1.,0.,0.));
#6708 = DIRECTION('',(0.,1.,0.));
#6709 = PCURVE('',#6254,#6710);
#6710 = DEFINITIONAL_REPRESENTATION('',(#6711),#6719);
#6711 = ( BOUNDED_CURVE() B_SPLINE_CURVE(2,(#6712,#6713,#6714,#6715,
#6716,#6717,#6718),.UNSPECIFIED.,.T.,.F.) B_SPLINE_CURVE_WITH_KNOTS((1,2
    ,2,2,2,1),(-2.094395102393,0.,2.094395102393,4.188790204786,
6.28318530718,8.377580409573),.UNSPECIFIED.) CURVE() 
GEOMETRIC_REPRESENTATION_ITEM() RATIONAL_B_SPLINE_CURVE((1.,0.5,1.,0.5,
1.,0.5,1.)) REPRESENTATION_ITEM('') );
#6712 = CARTESIAN_POINT('',(25.,-54.5));
#6713 = CARTESIAN_POINT('',(17.20577136594,-54.5));
#6714 = CARTESIAN_POINT('',(21.10288568297,-47.75));
#6715 = CARTESIAN_POINT('',(25.,-41.));
#6716 = CARTESIAN_POINT('',(28.89711431703,-47.75));
#6717 = CARTESIAN_POINT('',(32.79422863406,-54.5));
#6718 = CARTESIAN_POINT('',(25.,-54.5));
#6719 = ( GEOMETRIC_REPRESENTATION_CONTEXT(2) 
PARAMETRIC_REPRESENTATION_CONTEXT() REPRESENTATION_CONTEXT('2D SPACE',''
  ) );
#6720 = PCURVE('',#6721,#6726);
#6721 = CYLINDRICAL_SURFACE('',#6722,4.5);
#6722 = AXIS2_PLACEMENT_3D('',#6723,#6724,#6725);
#6723 = CARTESIAN_POINT('',(-1.,0.,25.));
#6724 = DIRECTION('',(-1.,-0.,-0.));
#6725 = DIRECTION('',(0.,1.,0.));
#6726 = DEFINITIONAL_REPRESENTATION('',(#6727),#6731);
#6727 = LINE('',#6728,#6729);
#6728 = CARTESIAN_POINT('',(-6.28318530718,-2.5));
#6729 = VECTOR('',#6730,1.);
#6730 = DIRECTION('',(1.,-0.));
#6731 = ( GEOMETRIC_REPRESENTATION_CONTEXT(2) 
PARAMETRIC_REPRESENTATION_CONTEXT() REPRESENTATION_CONTEXT('2D SPACE',''
  ) );
#6732 = FACE_BOUND('',#6733,.T.);
#6733 = EDGE_LOOP('',(#6734));
#6734 = ORIENTED_EDGE('',*,*,#6735,.T.);
#6735 = EDGE_CURVE('',#6736,#6736,#6738,.T.);
#6736 = VERTEX_POINT('',#6737);
#6737 = CARTESIAN_POINT('',(1.5,-25.5,25.));
#6738 = SURFACE_CURVE('',#6739,(#6744,#6755),.PCURVE_S1.);
#6739 = CIRCLE('',#6740,4.5);
#6740 = AXIS2_PLACEMENT_3D('',#6741,#6742,#6743);
#6741 = CARTESIAN_POINT('',(1.5,-30.,25.));
#6742 = DIRECTION('',(-1.,0.,0.));
#6743 = DIRECTION('',(0.,1.,0.));
#6744 = PCURVE('',#6254,#6745);
#6745 = DEFINITIONAL_REPRESENTATION('',(#6746),#6754);
#6746 = ( BOUNDED_CURVE() B_SPLINE_CURVE(2,(#6747,#6748,#6749,#6750,
#6751,#6752,#6753),.UNSPECIFIED.,.T.,.F.) B_SPLINE_CURVE_WITH_KNOTS((1,2
    ,2,2,2,1),(-2.094395102393,0.,2.094395102393,4.188790204786,
6.28318530718,8.377580409573),.UNSPECIFIED.) CURVE() 
GEOMETRIC_REPRESENTATION_ITEM() RATIONAL_B_SPLINE_CURVE((1.,0.5,1.,0.5,
1.,0.5,1.)) REPRESENTATION_ITEM('') );
#6747 = CARTESIAN_POINT('',(25.,-24.5));
#6748 = CARTESIAN_POINT('',(17.20577136594,-24.5));
#6749 = CARTESIAN_POINT('',(21.10288568297,-17.75));
#6750 = CARTESIAN_POINT('',(25.,-11.));
#6751 = CARTESIAN_POINT('',(28.89711431703,-17.75));
#6752 = CARTESIAN_POINT('',(32.79422863406,-24.5));
#6753 = CARTESIAN_POINT('',(25.,-24.5));
#6754 = ( GEOMETRIC_REPRESENTATION_CONTEXT(2) 
PARAMETRIC_REPRESENTATION_CONTEXT() REPRESENTATION_CONTEXT('2D SPACE',''
  ) );
#6755 = PCURVE('',#6756,#6761);
#6756 = CYLINDRICAL_SURFACE('',#6757,4.5);
#6757 = AXIS2_PLACEMENT_3D('',#6758,#6759,#6760);
#6758 = CARTESIAN_POINT('',(-1.,-30.,25.));
#6759 = DIRECTION('',(-1.,-0.,-0.));
#6760 = DIRECTION('',(0.,1.,0.));
#6761 = DEFINITIONAL_REPRESENTATION('',(#6762),#6766);
#6762 = LINE('',#6763,#6764);
#6763 = CARTESIAN_POINT('',(-6.28318530718,-2.5));
#6764 = VECTOR('',#6765,1.);
#6765 = DIRECTION('',(1.,-0.));
#6766 = ( GEOMETRIC_REPRESENTATION_CONTEXT(2) 
PARAMETRIC_REPRESENTATION_CONTEXT() REPRESENTATION_CONTEXT('2D SPACE',''
  ) );
#6767 = ADVANCED_FACE('',(#6768,#6794,#6824),#6282,.T.);
#6768 = FACE_BOUND('',#6769,.T.);
#6769 = EDGE_LOOP('',(#6770,#6771,#6772,#6793));
#6770 = ORIENTED_EDGE('',*,*,#6640,.F.);
#6771 = ORIENTED_EDGE('',*,*,#6266,.T.);
#6772 = ORIENTED_EDGE('',*,*,#6773,.T.);
#6773 = EDGE_CURVE('',#6267,#6398,#6774,.T.);
#6774 = SURFACE_CURVE('',#6775,(#6779,#6786),.PCURVE_S1.);
#6775 = LINE('',#6776,#6777);
#6776 = CARTESIAN_POINT('',(101.5,-50.,3.));
#6777 = VECTOR('',#6778,1.);
#6778 = DIRECTION('',(0.,1.,0.));
#6779 = PCURVE('',#6282,#6780);
#6780 = DEFINITIONAL_REPRESENTATION('',(#6781),#6785);
#6781 = LINE('',#6782,#6783);
#6782 = CARTESIAN_POINT('',(100.,0.));
#6783 = VECTOR('',#6784,1.);
#6784 = DIRECTION('',(0.,1.));
#6785 = ( GEOMETRIC_REPRESENTATION_CONTEXT(2) 
PARAMETRIC_REPRESENTATION_CONTEXT() REPRESENTATION_CONTEXT('2D SPACE',''
  ) );
#6786 = PCURVE('',#6308,#6787);
#6787 = DEFINITIONAL_REPRESENTATION('',(#6788),#6792);
#6788 = LINE('',#6789,#6790);
#6789 = CARTESIAN_POINT('',(3.,0.));
#6790 = VECTOR('',#6791,1.);
#6791 = DIRECTION('',(0.,-1.));
#6792 = ( GEOMETRIC_REPRESENTATION_CONTEXT(2) 
PARAMETRIC_REPRESENTATION_CONTEXT() REPRESENTATION_CONTEXT('2D SPACE',''
  ) );
#6793 = ORIENTED_EDGE('',*,*,#6397,.F.);
#6794 = FACE_BOUND('',#6795,.T.);
#6795 = EDGE_LOOP('',(#6796));
#6796 = ORIENTED_EDGE('',*,*,#6797,.T.);
#6797 = EDGE_CURVE('',#6798,#6798,#6800,.T.);
#6798 = VERTEX_POINT('',#6799);
#6799 = CARTESIAN_POINT('',(32.5,0.,3.));
#6800 = SURFACE_CURVE('',#6801,(#6806,#6817),.PCURVE_S1.);
#6801 = CIRCLE('',#6802,4.5);
#6802 = AXIS2_PLACEMENT_3D('',#6803,#6804,#6805);
#6803 = CARTESIAN_POINT('',(28.,0.,3.));
#6804 = DIRECTION('',(0.,0.,-1.));
#6805 = DIRECTION('',(1.,0.,0.));
#6806 = PCURVE('',#6282,#6807);
#6807 = DEFINITIONAL_REPRESENTATION('',(#6808),#6816);
#6808 = ( BOUNDED_CURVE() B_SPLINE_CURVE(2,(#6809,#6810,#6811,#6812,
#6813,#6814,#6815),.UNSPECIFIED.,.T.,.F.) B_SPLINE_CURVE_WITH_KNOTS((1,2
    ,2,2,2,1),(-2.094395102393,0.,2.094395102393,4.188790204786,
6.28318530718,8.377580409573),.UNSPECIFIED.) CURVE() 
GEOMETRIC_REPRESENTATION_ITEM() RATIONAL_B_SPLINE_CURVE((1.,0.5,1.,0.5,
1.,0.5,1.)) REPRESENTATION_ITEM('') );
#6809 = CARTESIAN_POINT('',(31.,50.));
#6810 = CARTESIAN_POINT('',(31.,42.20577136594));
#6811 = CARTESIAN_POINT('',(24.25,46.10288568297));
#6812 = CARTESIAN_POINT('',(17.5,50.));
#6813 = CARTESIAN_POINT('',(24.25,53.89711431703));
#6814 = CARTESIAN_POINT('',(31.,57.79422863406));
#6815 = CARTESIAN_POINT('',(31.,50.));
#6816 = ( GEOMETRIC_REPRESENTATION_CONTEXT(2) 
PARAMETRIC_REPRESENTATION_CONTEXT() REPRESENTATION_CONTEXT('2D SPACE',''
  ) );
#6817 = PCURVE('',#6514,#6818);
#6818 = DEFINITIONAL_REPRESENTATION('',(#6819),#6823);
#6819 = LINE('',#6820,#6821);
#6820 = CARTESIAN_POINT('',(-6.28318530718,-4.));
#6821 = VECTOR('',#6822,1.);
#6822 = DIRECTION('',(1.,-0.));
#6823 = ( GEOMETRIC_REPRESENTATION_CONTEXT(2) 
PARAMETRIC_REPRESENTATION_CONTEXT() REPRESENTATION_CONTEXT('2D SPACE',''
  ) );
#6824 = FACE_BOUND('',#6825,.T.);
#6825 = EDGE_LOOP('',(#6826,#6851,#6872,#6895));
#6826 = ORIENTED_EDGE('',*,*,#6827,.T.);
#6827 = EDGE_CURVE('',#6828,#6830,#6832,.T.);
#6828 = VERTEX_POINT('',#6829);
#6829 = CARTESIAN_POINT('',(88.,-4.5,3.));
#6830 = VERTEX_POINT('',#6831);
#6831 = CARTESIAN_POINT('',(68.,-4.5,3.));
#6832 = SURFACE_CURVE('',#6833,(#6837,#6844),.PCURVE_S1.);
#6833 = LINE('',#6834,#6835);
#6834 = CARTESIAN_POINT('',(88.,-4.5,3.));
#6835 = VECTOR('',#6836,1.);
#6836 = DIRECTION('',(-1.,0.,0.));
#6837 = PCURVE('',#6282,#6838);
#6838 = DEFINITIONAL_REPRESENTATION('',(#6839),#6843);
#6839 = LINE('',#6840,#6841);
#6840 = CARTESIAN_POINT('',(86.5,45.5));
#6841 = VECTOR('',#6842,1.);
#6842 = DIRECTION('',(-1.,0.));
#6843 = ( GEOMETRIC_REPRESENTATION_CONTEXT(2) 
PARAMETRIC_REPRESENTATION_CONTEXT() REPRESENTATION_CONTEXT('2D SPACE',''
  ) );
#6844 = PCURVE('',#6572,#6845);
#6845 = DEFINITIONAL_REPRESENTATION('',(#6846),#6850);
#6846 = LINE('',#6847,#6848);
#6847 = CARTESIAN_POINT('',(20.,-4.));
#6848 = VECTOR('',#6849,1.);
#6849 = DIRECTION('',(-1.,0.));
#6850 = ( GEOMETRIC_REPRESENTATION_CONTEXT(2) 
PARAMETRIC_REPRESENTATION_CONTEXT() REPRESENTATION_CONTEXT('2D SPACE',''
  ) );
#6851 = ORIENTED_EDGE('',*,*,#6852,.T.);
#6852 = EDGE_CURVE('',#6830,#6853,#6855,.T.);
#6853 = VERTEX_POINT('',#6854);
#6854 = CARTESIAN_POINT('',(68.,4.5,3.));
#6855 = SURFACE_CURVE('',#6856,(#6860,#6866),.PCURVE_S1.);
#6856 = LINE('',#6857,#6858);
#6857 = CARTESIAN_POINT('',(68.,-22.75,3.));
#6858 = VECTOR('',#6859,1.);
#6859 = DIRECTION('',(-0.,1.,0.));
#6860 = PCURVE('',#6282,#6861);
#6861 = DEFINITIONAL_REPRESENTATION('',(#6862),#6865);
#6862 = B_SPLINE_CURVE_WITH_KNOTS('',1,(#6863,#6864),.UNSPECIFIED.,.F.,
  .F.,(2,2),(18.25,27.25),.PIECEWISE_BEZIER_KNOTS.);
#6863 = CARTESIAN_POINT('',(66.5,45.5));
#6864 = CARTESIAN_POINT('',(66.5,54.5));
#6865 = ( GEOMETRIC_REPRESENTATION_CONTEXT(2) 
PARAMETRIC_REPRESENTATION_CONTEXT() REPRESENTATION_CONTEXT('2D SPACE',''
  ) );
#6866 = PCURVE('',#6599,#6867);
#6867 = DEFINITIONAL_REPRESENTATION('',(#6868),#6871);
#6868 = B_SPLINE_CURVE_WITH_KNOTS('',1,(#6869,#6870),.UNSPECIFIED.,.F.,
  .F.,(2,2),(18.25,27.25),.PIECEWISE_BEZIER_KNOTS.);
#6869 = CARTESIAN_POINT('',(9.,-4.));
#6870 = CARTESIAN_POINT('',(0.,-4.));
#6871 = ( GEOMETRIC_REPRESENTATION_CONTEXT(2) 
PARAMETRIC_REPRESENTATION_CONTEXT() REPRESENTATION_CONTEXT('2D SPACE',''
  ) );
#6872 = ORIENTED_EDGE('',*,*,#6873,.T.);
#6873 = EDGE_CURVE('',#6853,#6874,#6876,.T.);
#6874 = VERTEX_POINT('',#6875);
#6875 = CARTESIAN_POINT('',(88.,4.5,3.));
#6876 = SURFACE_CURVE('',#6877,(#6881,#6888),.PCURVE_S1.);
#6877 = LINE('',#6878,#6879);
#6878 = CARTESIAN_POINT('',(68.,4.5,3.));
#6879 = VECTOR('',#6880,1.);
#6880 = DIRECTION('',(1.,0.,0.));
#6881 = PCURVE('',#6282,#6882);
#6882 = DEFINITIONAL_REPRESENTATION('',(#6883),#6887);
#6883 = LINE('',#6884,#6885);
#6884 = CARTESIAN_POINT('',(66.5,54.5));
#6885 = VECTOR('',#6886,1.);
#6886 = DIRECTION('',(1.,0.));
#6887 = ( GEOMETRIC_REPRESENTATION_CONTEXT(2) 
PARAMETRIC_REPRESENTATION_CONTEXT() REPRESENTATION_CONTEXT('2D SPACE',''
  ) );
#6888 = PCURVE('',#6624,#6889);
#6889 = DEFINITIONAL_REPRESENTATION('',(#6890),#6894);
#6890 = LINE('',#6891,#6892);
#6891 = CARTESIAN_POINT('',(20.,-4.));
#6892 = VECTOR('',#6893,1.);
#6893 = DIRECTION('',(-1.,-0.));
#6894 = ( GEOMETRIC_REPRESENTATION_CONTEXT(2) 
PARAMETRIC_REPRESENTATION_CONTEXT() REPRESENTATION_CONTEXT('2D SPACE',''
  ) );
#6895 = ORIENTED_EDGE('',*,*,#6896,.T.);
#6896 = EDGE_CURVE('',#6874,#6828,#6897,.T.);
#6897 = SURFACE_CURVE('',#6898,(#6902,#6908),.PCURVE_S1.);
#6898 = LINE('',#6899,#6900);
#6899 = CARTESIAN_POINT('',(88.,-27.25,3.));
#6900 = VECTOR('',#6901,1.);
#6901 = DIRECTION('',(0.,-1.,0.));
#6902 = PCURVE('',#6282,#6903);
#6903 = DEFINITIONAL_REPRESENTATION('',(#6904),#6907);
#6904 = B_SPLINE_CURVE_WITH_KNOTS('',1,(#6905,#6906),.UNSPECIFIED.,.F.,
  .F.,(2,2),(-31.75,-22.75),.PIECEWISE_BEZIER_KNOTS.);
#6905 = CARTESIAN_POINT('',(86.5,54.5));
#6906 = CARTESIAN_POINT('',(86.5,45.5));
#6907 = ( GEOMETRIC_REPRESENTATION_CONTEXT(2) 
PARAMETRIC_REPRESENTATION_CONTEXT() REPRESENTATION_CONTEXT('2D SPACE',''
  ) );
#6908 = PCURVE('',#6545,#6909);
#6909 = DEFINITIONAL_REPRESENTATION('',(#6910),#6913);
#6910 = B_SPLINE_CURVE_WITH_KNOTS('',1,(#6911,#6912),.UNSPECIFIED.,.F.,
  .F.,(2,2),(-31.75,-22.75),.PIECEWISE_BEZIER_KNOTS.);
#6911 = CARTESIAN_POINT('',(9.,-4.));
#6912 = CARTESIAN_POINT('',(0.,-4.));
#6913 = ( GEOMETRIC_REPRESENTATION_CONTEXT(2) 
PARAMETRIC_REPRESENTATION_CONTEXT() REPRESENTATION_CONTEXT('2D SPACE',''
  ) );
#6914 = ADVANCED_FACE('',(#6915),#6308,.T.);
#6915 = FACE_BOUND('',#6916,.T.);
#6916 = EDGE_LOOP('',(#6917,#6918,#6919,#6920));
#6917 = ORIENTED_EDGE('',*,*,#6294,.F.);
#6918 = ORIENTED_EDGE('',*,*,#6469,.T.);
#6919 = ORIENTED_EDGE('',*,*,#6420,.T.);
#6920 = ORIENTED_EDGE('',*,*,#6773,.F.);
#6921 = ADVANCED_FACE('',(#6922),#6514,.F.);
#6922 = FACE_BOUND('',#6923,.T.);
#6923 = EDGE_LOOP('',(#6924,#6925,#6946,#6947));
#6924 = ORIENTED_EDGE('',*,*,#6493,.T.);
#6925 = ORIENTED_EDGE('',*,*,#6926,.T.);
#6926 = EDGE_CURVE('',#6494,#6798,#6927,.T.);
#6927 = SEAM_CURVE('',#6928,(#6932,#6939),.PCURVE_S1.);
#6928 = LINE('',#6929,#6930);
#6929 = CARTESIAN_POINT('',(32.5,0.,-1.));
#6930 = VECTOR('',#6931,1.);
#6931 = DIRECTION('',(0.,0.,1.));
#6932 = PCURVE('',#6514,#6933);
#6933 = DEFINITIONAL_REPRESENTATION('',(#6934),#6938);
#6934 = LINE('',#6935,#6936);
#6935 = CARTESIAN_POINT('',(-6.28318530718,0.));
#6936 = VECTOR('',#6937,1.);
#6937 = DIRECTION('',(-0.,-1.));
#6938 = ( GEOMETRIC_REPRESENTATION_CONTEXT(2) 
PARAMETRIC_REPRESENTATION_CONTEXT() REPRESENTATION_CONTEXT('2D SPACE',''
  ) );
#6939 = PCURVE('',#6514,#6940);
#6940 = DEFINITIONAL_REPRESENTATION('',(#6941),#6945);
#6941 = LINE('',#6942,#6943);
#6942 = CARTESIAN_POINT('',(-0.,0.));
#6943 = VECTOR('',#6944,1.);
#6944 = DIRECTION('',(-0.,-1.));
#6945 = ( GEOMETRIC_REPRESENTATION_CONTEXT(2) 
PARAMETRIC_REPRESENTATION_CONTEXT() REPRESENTATION_CONTEXT('2D SPACE',''
  ) );
#6946 = ORIENTED_EDGE('',*,*,#6797,.F.);
#6947 = ORIENTED_EDGE('',*,*,#6926,.F.);
#6948 = ADVANCED_FACE('',(#6949),#6572,.T.);
#6949 = FACE_BOUND('',#6950,.T.);
#6950 = EDGE_LOOP('',(#6951,#6952,#6973,#6974));
#6951 = ORIENTED_EDGE('',*,*,#6556,.F.);
#6952 = ORIENTED_EDGE('',*,*,#6953,.T.);
#6953 = EDGE_CURVE('',#6557,#6830,#6954,.T.);
#6954 = SURFACE_CURVE('',#6955,(#6959,#6966),.PCURVE_S1.);
#6955 = LINE('',#6956,#6957);
#6956 = CARTESIAN_POINT('',(68.,-4.5,-1.));
#6957 = VECTOR('',#6958,1.);
#6958 = DIRECTION('',(0.,0.,1.));
#6959 = PCURVE('',#6572,#6960);
#6960 = DEFINITIONAL_REPRESENTATION('',(#6961),#6965);
#6961 = LINE('',#6962,#6963);
#6962 = CARTESIAN_POINT('',(0.,0.));
#6963 = VECTOR('',#6964,1.);
#6964 = DIRECTION('',(0.,-1.));
#6965 = ( GEOMETRIC_REPRESENTATION_CONTEXT(2) 
PARAMETRIC_REPRESENTATION_CONTEXT() REPRESENTATION_CONTEXT('2D SPACE',''
  ) );
#6966 = PCURVE('',#6599,#6967);
#6967 = DEFINITIONAL_REPRESENTATION('',(#6968),#6972);
#6968 = LINE('',#6969,#6970);
#6969 = CARTESIAN_POINT('',(9.,0.));
#6970 = VECTOR('',#6971,1.);
#6971 = DIRECTION('',(0.,-1.));
#6972 = ( GEOMETRIC_REPRESENTATION_CONTEXT(2) 
PARAMETRIC_REPRESENTATION_CONTEXT() REPRESENTATION_CONTEXT('2D SPACE',''
  ) );
#6973 = ORIENTED_EDGE('',*,*,#6827,.F.);
#6974 = ORIENTED_EDGE('',*,*,#6975,.F.);
#6975 = EDGE_CURVE('',#6531,#6828,#6976,.T.);
#6976 = SURFACE_CURVE('',#6977,(#6981,#6988),.PCURVE_S1.);
#6977 = LINE('',#6978,#6979);
#6978 = CARTESIAN_POINT('',(88.,-4.5,-1.));
#6979 = VECTOR('',#6980,1.);
#6980 = DIRECTION('',(0.,0.,1.));
#6981 = PCURVE('',#6572,#6982);
#6982 = DEFINITIONAL_REPRESENTATION('',(#6983),#6987);
#6983 = LINE('',#6984,#6985);
#6984 = CARTESIAN_POINT('',(20.,0.));
#6985 = VECTOR('',#6986,1.);
#6986 = DIRECTION('',(0.,-1.));
#6987 = ( GEOMETRIC_REPRESENTATION_CONTEXT(2) 
PARAMETRIC_REPRESENTATION_CONTEXT() REPRESENTATION_CONTEXT('2D SPACE',''
  ) );
#6988 = PCURVE('',#6545,#6989);
#6989 = DEFINITIONAL_REPRESENTATION('',(#6990),#6994);
#6990 = LINE('',#6991,#6992);
#6991 = CARTESIAN_POINT('',(0.,0.));
#6992 = VECTOR('',#6993,1.);
#6993 = DIRECTION('',(0.,-1.));
#6994 = ( GEOMETRIC_REPRESENTATION_CONTEXT(2) 
PARAMETRIC_REPRESENTATION_CONTEXT() REPRESENTATION_CONTEXT('2D SPACE',''
  ) );
#6995 = ADVANCED_FACE('',(#6996),#6545,.T.);
#6996 = FACE_BOUND('',#6997,.T.);
#6997 = EDGE_LOOP('',(#6998,#6999,#7000,#7001));
#6998 = ORIENTED_EDGE('',*,*,#6528,.T.);
#6999 = ORIENTED_EDGE('',*,*,#6975,.T.);
#7000 = ORIENTED_EDGE('',*,*,#6896,.F.);
#7001 = ORIENTED_EDGE('',*,*,#7002,.F.);
#7002 = EDGE_CURVE('',#6529,#6874,#7003,.T.);
#7003 = SURFACE_CURVE('',#7004,(#7008,#7015),.PCURVE_S1.);
#7004 = LINE('',#7005,#7006);
#7005 = CARTESIAN_POINT('',(88.,4.5,-1.));
#7006 = VECTOR('',#7007,1.);
#7007 = DIRECTION('',(0.,0.,1.));
#7008 = PCURVE('',#6545,#7009);
#7009 = DEFINITIONAL_REPRESENTATION('',(#7010),#7014);
#7010 = LINE('',#7011,#7012);
#7011 = CARTESIAN_POINT('',(9.,0.));
#7012 = VECTOR('',#7013,1.);
#7013 = DIRECTION('',(0.,-1.));
#7014 = ( GEOMETRIC_REPRESENTATION_CONTEXT(2) 
PARAMETRIC_REPRESENTATION_CONTEXT() REPRESENTATION_CONTEXT('2D SPACE',''
  ) );
#7015 = PCURVE('',#6624,#7016);
#7016 = DEFINITIONAL_REPRESENTATION('',(#7017),#7021);
#7017 = LINE('',#7018,#7019);
#7018 = CARTESIAN_POINT('',(0.,-0.));
#7019 = VECTOR('',#7020,1.);
#7020 = DIRECTION('',(0.,-1.));
#7021 = ( GEOMETRIC_REPRESENTATION_CONTEXT(2) 
PARAMETRIC_REPRESENTATION_CONTEXT() REPRESENTATION_CONTEXT('2D SPACE',''
  ) );
#7022 = ADVANCED_FACE('',(#7023),#6624,.T.);
#7023 = FACE_BOUND('',#7024,.T.);
#7024 = EDGE_LOOP('',(#7025,#7026,#7027,#7028));
#7025 = ORIENTED_EDGE('',*,*,#6610,.F.);
#7026 = ORIENTED_EDGE('',*,*,#7002,.T.);
#7027 = ORIENTED_EDGE('',*,*,#6873,.F.);
#7028 = ORIENTED_EDGE('',*,*,#7029,.F.);
#7029 = EDGE_CURVE('',#6585,#6853,#7030,.T.);
#7030 = SURFACE_CURVE('',#7031,(#7035,#7042),.PCURVE_S1.);
#7031 = LINE('',#7032,#7033);
#7032 = CARTESIAN_POINT('',(68.,4.5,-1.));
#7033 = VECTOR('',#7034,1.);
#7034 = DIRECTION('',(0.,0.,1.));
#7035 = PCURVE('',#6624,#7036);
#7036 = DEFINITIONAL_REPRESENTATION('',(#7037),#7041);
#7037 = LINE('',#7038,#7039);
#7038 = CARTESIAN_POINT('',(20.,0.));
#7039 = VECTOR('',#7040,1.);
#7040 = DIRECTION('',(0.,-1.));
#7041 = ( GEOMETRIC_REPRESENTATION_CONTEXT(2) 
PARAMETRIC_REPRESENTATION_CONTEXT() REPRESENTATION_CONTEXT('2D SPACE',''
  ) );
#7042 = PCURVE('',#6599,#7043);
#7043 = DEFINITIONAL_REPRESENTATION('',(#7044),#7048);
#7044 = LINE('',#7045,#7046);
#7045 = CARTESIAN_POINT('',(0.,0.));
#7046 = VECTOR('',#7047,1.);
#7047 = DIRECTION('',(0.,-1.));
#7048 = ( GEOMETRIC_REPRESENTATION_CONTEXT(2) 
PARAMETRIC_REPRESENTATION_CONTEXT() REPRESENTATION_CONTEXT('2D SPACE',''
  ) );
#7049 = ADVANCED_FACE('',(#7050),#6599,.T.);
#7050 = FACE_BOUND('',#7051,.T.);
#7051 = EDGE_LOOP('',(#7052,#7053,#7054,#7055));
#7052 = ORIENTED_EDGE('',*,*,#6584,.T.);
#7053 = ORIENTED_EDGE('',*,*,#7029,.T.);
#7054 = ORIENTED_EDGE('',*,*,#6852,.F.);
#7055 = ORIENTED_EDGE('',*,*,#6953,.F.);
#7056 = ADVANCED_FACE('',(#7057),#6686,.F.);
#7057 = FACE_BOUND('',#7058,.T.);
#7058 = EDGE_LOOP('',(#7059,#7088,#7109,#7110));
#7059 = ORIENTED_EDGE('',*,*,#7060,.F.);
#7060 = EDGE_CURVE('',#7061,#7061,#7063,.T.);
#7061 = VERTEX_POINT('',#7062);
#7062 = CARTESIAN_POINT('',(-1.,34.5,25.));
#7063 = SURFACE_CURVE('',#7064,(#7069,#7076),.PCURVE_S1.);
#7064 = CIRCLE('',#7065,4.5);
#7065 = AXIS2_PLACEMENT_3D('',#7066,#7067,#7068);
#7066 = CARTESIAN_POINT('',(-1.,30.,25.));
#7067 = DIRECTION('',(1.,0.,0.));
#7068 = DIRECTION('',(0.,1.,0.));
#7069 = PCURVE('',#6686,#7070);
#7070 = DEFINITIONAL_REPRESENTATION('',(#7071),#7075);
#7071 = LINE('',#7072,#7073);
#7072 = CARTESIAN_POINT('',(-0.,0.));
#7073 = VECTOR('',#7074,1.);
#7074 = DIRECTION('',(-1.,0.));
#7075 = ( GEOMETRIC_REPRESENTATION_CONTEXT(2) 
PARAMETRIC_REPRESENTATION_CONTEXT() REPRESENTATION_CONTEXT('2D SPACE',''
  ) );
#7076 = PCURVE('',#7077,#7082);
#7077 = PLANE('',#7078);
#7078 = AXIS2_PLACEMENT_3D('',#7079,#7080,#7081);
#7079 = CARTESIAN_POINT('',(-1.,30.,25.));
#7080 = DIRECTION('',(1.,0.,0.));
#7081 = DIRECTION('',(-0.,0.,1.));
#7082 = DEFINITIONAL_REPRESENTATION('',(#7083),#7087);
#7083 = CIRCLE('',#7084,4.5);
#7084 = AXIS2_PLACEMENT_2D('',#7085,#7086);
#7085 = CARTESIAN_POINT('',(-3.552713678801E-15,3.552713678801E-15));
#7086 = DIRECTION('',(0.,-1.));
#7087 = ( GEOMETRIC_REPRESENTATION_CONTEXT(2) 
PARAMETRIC_REPRESENTATION_CONTEXT() REPRESENTATION_CONTEXT('2D SPACE',''
  ) );
#7088 = ORIENTED_EDGE('',*,*,#7089,.T.);
#7089 = EDGE_CURVE('',#7061,#6666,#7090,.T.);
#7090 = SEAM_CURVE('',#7091,(#7095,#7102),.PCURVE_S1.);
#7091 = LINE('',#7092,#7093);
#7092 = CARTESIAN_POINT('',(-1.,34.5,25.));
#7093 = VECTOR('',#7094,1.);
#7094 = DIRECTION('',(1.,0.,0.));
#7095 = PCURVE('',#6686,#7096);
#7096 = DEFINITIONAL_REPRESENTATION('',(#7097),#7101);
#7097 = LINE('',#7098,#7099);
#7098 = CARTESIAN_POINT('',(-6.28318530718,0.));
#7099 = VECTOR('',#7100,1.);
#7100 = DIRECTION('',(-0.,-1.));
#7101 = ( GEOMETRIC_REPRESENTATION_CONTEXT(2) 
PARAMETRIC_REPRESENTATION_CONTEXT() REPRESENTATION_CONTEXT('2D SPACE',''
  ) );
#7102 = PCURVE('',#6686,#7103);
#7103 = DEFINITIONAL_REPRESENTATION('',(#7104),#7108);
#7104 = LINE('',#7105,#7106);
#7105 = CARTESIAN_POINT('',(-0.,0.));
#7106 = VECTOR('',#7107,1.);
#7107 = DIRECTION('',(-0.,-1.));
#7108 = ( GEOMETRIC_REPRESENTATION_CONTEXT(2) 
PARAMETRIC_REPRESENTATION_CONTEXT() REPRESENTATION_CONTEXT('2D SPACE',''
  ) );
#7109 = ORIENTED_EDGE('',*,*,#6665,.F.);
#7110 = ORIENTED_EDGE('',*,*,#7089,.F.);
#7111 = ADVANCED_FACE('',(#7112),#6721,.F.);
#7112 = FACE_BOUND('',#7113,.T.);
#7113 = EDGE_LOOP('',(#7114,#7143,#7164,#7165));
#7114 = ORIENTED_EDGE('',*,*,#7115,.F.);
#7115 = EDGE_CURVE('',#7116,#7116,#7118,.T.);
#7116 = VERTEX_POINT('',#7117);
#7117 = CARTESIAN_POINT('',(-1.,4.5,25.));
#7118 = SURFACE_CURVE('',#7119,(#7124,#7131),.PCURVE_S1.);
#7119 = CIRCLE('',#7120,4.5);
#7120 = AXIS2_PLACEMENT_3D('',#7121,#7122,#7123);
#7121 = CARTESIAN_POINT('',(-1.,0.,25.));
#7122 = DIRECTION('',(1.,0.,0.));
#7123 = DIRECTION('',(0.,1.,0.));
#7124 = PCURVE('',#6721,#7125);
#7125 = DEFINITIONAL_REPRESENTATION('',(#7126),#7130);
#7126 = LINE('',#7127,#7128);
#7127 = CARTESIAN_POINT('',(-0.,0.));
#7128 = VECTOR('',#7129,1.);
#7129 = DIRECTION('',(-1.,0.));
#7130 = ( GEOMETRIC_REPRESENTATION_CONTEXT(2) 
PARAMETRIC_REPRESENTATION_CONTEXT() REPRESENTATION_CONTEXT('2D SPACE',''
  ) );
#7131 = PCURVE('',#7132,#7137);
#7132 = PLANE('',#7133);
#7133 = AXIS2_PLACEMENT_3D('',#7134,#7135,#7136);
#7134 = CARTESIAN_POINT('',(-1.,-3.038755850088E-16,25.));
#7135 = DIRECTION('',(1.,0.,0.));
#7136 = DIRECTION('',(-0.,0.,1.));
#7137 = DEFINITIONAL_REPRESENTATION('',(#7138),#7142);
#7138 = CIRCLE('',#7139,4.5);
#7139 = AXIS2_PLACEMENT_2D('',#7140,#7141);
#7140 = CARTESIAN_POINT('',(3.552713678801E-15,-3.038755850088E-16));
#7141 = DIRECTION('',(0.,-1.));
#7142 = ( GEOMETRIC_REPRESENTATION_CONTEXT(2) 
PARAMETRIC_REPRESENTATION_CONTEXT() REPRESENTATION_CONTEXT('2D SPACE',''
  ) );
#7143 = ORIENTED_EDGE('',*,*,#7144,.T.);
#7144 = EDGE_CURVE('',#7116,#6701,#7145,.T.);
#7145 = SEAM_CURVE('',#7146,(#7150,#7157),.PCURVE_S1.);
#7146 = LINE('',#7147,#7148);
#7147 = CARTESIAN_POINT('',(-1.,4.5,25.));
#7148 = VECTOR('',#7149,1.);
#7149 = DIRECTION('',(1.,0.,0.));
#7150 = PCURVE('',#6721,#7151);
#7151 = DEFINITIONAL_REPRESENTATION('',(#7152),#7156);
#7152 = LINE('',#7153,#7154);
#7153 = CARTESIAN_POINT('',(-6.28318530718,0.));
#7154 = VECTOR('',#7155,1.);
#7155 = DIRECTION('',(-0.,-1.));
#7156 = ( GEOMETRIC_REPRESENTATION_CONTEXT(2) 
PARAMETRIC_REPRESENTATION_CONTEXT() REPRESENTATION_CONTEXT('2D SPACE',''
  ) );
#7157 = PCURVE('',#6721,#7158);
#7158 = DEFINITIONAL_REPRESENTATION('',(#7159),#7163);
#7159 = LINE('',#7160,#7161);
#7160 = CARTESIAN_POINT('',(-0.,0.));
#7161 = VECTOR('',#7162,1.);
#7162 = DIRECTION('',(-0.,-1.));
#7163 = ( GEOMETRIC_REPRESENTATION_CONTEXT(2) 
PARAMETRIC_REPRESENTATION_CONTEXT() REPRESENTATION_CONTEXT('2D SPACE',''
  ) );
#7164 = ORIENTED_EDGE('',*,*,#6700,.F.);
#7165 = ORIENTED_EDGE('',*,*,#7144,.F.);
#7166 = ADVANCED_FACE('',(#7167),#6756,.F.);
#7167 = FACE_BOUND('',#7168,.T.);
#7168 = EDGE_LOOP('',(#7169,#7198,#7219,#7220));
#7169 = ORIENTED_EDGE('',*,*,#7170,.F.);
#7170 = EDGE_CURVE('',#7171,#7171,#7173,.T.);
#7171 = VERTEX_POINT('',#7172);
#7172 = CARTESIAN_POINT('',(-1.,-25.5,25.));
#7173 = SURFACE_CURVE('',#7174,(#7179,#7186),.PCURVE_S1.);
#7174 = CIRCLE('',#7175,4.5);
#7175 = AXIS2_PLACEMENT_3D('',#7176,#7177,#7178);
#7176 = CARTESIAN_POINT('',(-1.,-30.,25.));
#7177 = DIRECTION('',(1.,0.,0.));
#7178 = DIRECTION('',(0.,1.,0.));
#7179 = PCURVE('',#6756,#7180);
#7180 = DEFINITIONAL_REPRESENTATION('',(#7181),#7185);
#7181 = LINE('',#7182,#7183);
#7182 = CARTESIAN_POINT('',(-0.,0.));
#7183 = VECTOR('',#7184,1.);
#7184 = DIRECTION('',(-1.,0.));
#7185 = ( GEOMETRIC_REPRESENTATION_CONTEXT(2) 
PARAMETRIC_REPRESENTATION_CONTEXT() REPRESENTATION_CONTEXT('2D SPACE',''
  ) );
#7186 = PCURVE('',#7187,#7192);
#7187 = PLANE('',#7188);
#7188 = AXIS2_PLACEMENT_3D('',#7189,#7190,#7191);
#7189 = CARTESIAN_POINT('',(-1.,-30.,25.));
#7190 = DIRECTION('',(1.,0.,0.));
#7191 = DIRECTION('',(-0.,0.,1.));
#7192 = DEFINITIONAL_REPRESENTATION('',(#7193),#7197);
#7193 = CIRCLE('',#7194,4.5);
#7194 = AXIS2_PLACEMENT_2D('',#7195,#7196);
#7195 = CARTESIAN_POINT('',(-3.552713678801E-15,0.));
#7196 = DIRECTION('',(0.,-1.));
#7197 = ( GEOMETRIC_REPRESENTATION_CONTEXT(2) 
PARAMETRIC_REPRESENTATION_CONTEXT() REPRESENTATION_CONTEXT('2D SPACE',''
  ) );
#7198 = ORIENTED_EDGE('',*,*,#7199,.T.);
#7199 = EDGE_CURVE('',#7171,#6736,#7200,.T.);
#7200 = SEAM_CURVE('',#7201,(#7205,#7212),.PCURVE_S1.);
#7201 = LINE('',#7202,#7203);
#7202 = CARTESIAN_POINT('',(-1.,-25.5,25.));
#7203 = VECTOR('',#7204,1.);
#7204 = DIRECTION('',(1.,0.,0.));
#7205 = PCURVE('',#6756,#7206);
#7206 = DEFINITIONAL_REPRESENTATION('',(#7207),#7211);
#7207 = LINE('',#7208,#7209);
#7208 = CARTESIAN_POINT('',(-6.28318530718,0.));
#7209 = VECTOR('',#7210,1.);
#7210 = DIRECTION('',(-0.,-1.));
#7211 = ( GEOMETRIC_REPRESENTATION_CONTEXT(2) 
PARAMETRIC_REPRESENTATION_CONTEXT() REPRESENTATION_CONTEXT('2D SPACE',''
  ) );
#7212 = PCURVE('',#6756,#7213);
#7213 = DEFINITIONAL_REPRESENTATION('',(#7214),#7218);
#7214 = LINE('',#7215,#7216);
#7215 = CARTESIAN_POINT('',(-0.,0.));
#7216 = VECTOR('',#7217,1.);
#7217 = DIRECTION('',(-0.,-1.));
#7218 = ( GEOMETRIC_REPRESENTATION_CONTEXT(2) 
PARAMETRIC_REPRESENTATION_CONTEXT() REPRESENTATION_CONTEXT('2D SPACE',''
  ) );
#7219 = ORIENTED_EDGE('',*,*,#6735,.F.);
#7220 = ORIENTED_EDGE('',*,*,#7199,.F.);
#7221 = ADVANCED_FACE('',(#7222),#7077,.T.);
#7222 = FACE_BOUND('',#7223,.T.);
#7223 = EDGE_LOOP('',(#7224));
#7224 = ORIENTED_EDGE('',*,*,#7060,.T.);
#7225 = ADVANCED_FACE('',(#7226),#7132,.T.);
#7226 = FACE_BOUND('',#7227,.T.);
#7227 = EDGE_LOOP('',(#7228));
#7228 = ORIENTED_EDGE('',*,*,#7115,.T.);
#7229 = ADVANCED_FACE('',(#7230),#7187,.T.);
#7230 = FACE_BOUND('',#7231,.T.);
#7231 = EDGE_LOOP('',(#7232));
#7232 = ORIENTED_EDGE('',*,*,#7170,.T.);
#7233 = ( GEOMETRIC_REPRESENTATION_CONTEXT(3) 
GLOBAL_UNCERTAINTY_ASSIGNED_CONTEXT((#7237)) 
GLOBAL_UNIT_ASSIGNED_CONTEXT((#7234,#7235,#7236)) REPRESENTATION_CONTEXT
('Context #1','3D Context with UNIT and UNCERTAINTY') );
#7234 = ( LENGTH_UNIT() NAMED_UNIT(*) SI_UNIT(.MILLI.,.METRE.) );
#7235 = ( NAMED_UNIT(*) PLANE_ANGLE_UNIT() SI_UNIT($,.RADIAN.) );
#7236 = ( NAMED_UNIT(*) SI_UNIT($,.STERADIAN.) SOLID_ANGLE_UNIT() );
#7237 = UNCERTAINTY_MEASURE_WITH_UNIT(LENGTH_MEASURE(1.E-07),#7234,
  'distance_accuracy_value','confusion accuracy');
#7238 = CONTEXT_DEPENDENT_SHAPE_REPRESENTATION(#7239,#7241);
#7239 = ( REPRESENTATION_RELATIONSHIP('','',#6064,#10) 
REPRESENTATION_RELATIONSHIP_WITH_TRANSFORMATION(#7240) 
SHAPE_REPRESENTATION_RELATIONSHIP() );
#7240 = ITEM_DEFINED_TRANSFORMATION('','',#11,#63);
#7241 = PRODUCT_DEFINITION_SHAPE('Placement','Placement of an item',
  #7242);
#7242 = NEXT_ASSEMBLY_USAGE_OCCURRENCE('24','','',#5,#6059,$);
#7243 = PRODUCT_RELATED_PRODUCT_CATEGORY('part',$,(#6061));
#7244 = SHAPE_DEFINITION_REPRESENTATION(#7245,#7251);
#7245 = PRODUCT_DEFINITION_SHAPE('','',#7246);
#7246 = PRODUCT_DEFINITION('design','',#7247,#7250);
#7247 = PRODUCT_DEFINITION_FORMATION('','',#7248);
#7248 = PRODUCT('Open CASCADE STEP translator 7.8 12.14',
  'Open CASCADE STEP translator 7.8 12.14','',(#7249));
#7249 = PRODUCT_CONTEXT('',#2,'mechanical');
#7250 = PRODUCT_DEFINITION_CONTEXT('part definition',#2,'design');
#7251 = ADVANCED_BREP_SHAPE_REPRESENTATION('',(#11,#7252),#8420);
#7252 = MANIFOLD_SOLID_BREP('',#7253);
#7253 = CLOSED_SHELL('',(#7254,#7374,#7506,#7555,#7650,#7822,#7954,#8101
    ,#8108,#8135,#8182,#8209,#8236,#8243,#8298,#8353,#8408,#8412,#8416)
  );
#7254 = ADVANCED_FACE('',(#7255),#7269,.F.);
#7255 = FACE_BOUND('',#7256,.F.);
#7256 = EDGE_LOOP('',(#7257,#7292,#7320,#7348));
#7257 = ORIENTED_EDGE('',*,*,#7258,.F.);
#7258 = EDGE_CURVE('',#7259,#7261,#7263,.T.);
#7259 = VERTEX_POINT('',#7260);
#7260 = CARTESIAN_POINT('',(-1.5,-50.,0.));
#7261 = VERTEX_POINT('',#7262);
#7262 = CARTESIAN_POINT('',(-1.5,-50.,50.));
#7263 = SURFACE_CURVE('',#7264,(#7268,#7280),.PCURVE_S1.);
#7264 = LINE('',#7265,#7266);
#7265 = CARTESIAN_POINT('',(-1.5,-50.,0.));
#7266 = VECTOR('',#7267,1.);
#7267 = DIRECTION('',(0.,0.,1.));
#7268 = PCURVE('',#7269,#7274);
#7269 = PLANE('',#7270);
#7270 = AXIS2_PLACEMENT_3D('',#7271,#7272,#7273);
#7271 = CARTESIAN_POINT('',(-1.5,-50.,0.));
#7272 = DIRECTION('',(1.,0.,0.));
#7273 = DIRECTION('',(0.,0.,1.));
#7274 = DEFINITIONAL_REPRESENTATION('',(#7275),#7279);
#7275 = LINE('',#7276,#7277);
#7276 = CARTESIAN_POINT('',(0.,0.));
#7277 = VECTOR('',#7278,1.);
#7278 = DIRECTION('',(1.,0.));
#7279 = ( GEOMETRIC_REPRESENTATION_CONTEXT(2) 
PARAMETRIC_REPRESENTATION_CONTEXT() REPRESENTATION_CONTEXT('2D SPACE',''
  ) );
#7280 = PCURVE('',#7281,#7286);
#7281 = PLANE('',#7282);
#7282 = AXIS2_PLACEMENT_3D('',#7283,#7284,#7285);
#7283 = CARTESIAN_POINT('',(-1.5,-50.,0.));
#7284 = DIRECTION('',(0.,1.,0.));
#7285 = DIRECTION('',(0.,0.,1.));
#7286 = DEFINITIONAL_REPRESENTATION('',(#7287),#7291);
#7287 = LINE('',#7288,#7289);
#7288 = CARTESIAN_POINT('',(0.,0.));
#7289 = VECTOR('',#7290,1.);
#7290 = DIRECTION('',(1.,0.));
#7291 = ( GEOMETRIC_REPRESENTATION_CONTEXT(2) 
PARAMETRIC_REPRESENTATION_CONTEXT() REPRESENTATION_CONTEXT('2D SPACE',''
  ) );
#7292 = ORIENTED_EDGE('',*,*,#7293,.T.);
#7293 = EDGE_CURVE('',#7259,#7294,#7296,.T.);
#7294 = VERTEX_POINT('',#7295);
#7295 = CARTESIAN_POINT('',(-1.5,50.,0.));
#7296 = SURFACE_CURVE('',#7297,(#7301,#7308),.PCURVE_S1.);
#7297 = LINE('',#7298,#7299);
#7298 = CARTESIAN_POINT('',(-1.5,-50.,0.));
#7299 = VECTOR('',#7300,1.);
#7300 = DIRECTION('',(0.,1.,0.));
#7301 = PCURVE('',#7269,#7302);
#7302 = DEFINITIONAL_REPRESENTATION('',(#7303),#7307);
#7303 = LINE('',#7304,#7305);
#7304 = CARTESIAN_POINT('',(0.,0.));
#7305 = VECTOR('',#7306,1.);
#7306 = DIRECTION('',(0.,-1.));
#7307 = ( GEOMETRIC_REPRESENTATION_CONTEXT(2) 
PARAMETRIC_REPRESENTATION_CONTEXT() REPRESENTATION_CONTEXT('2D SPACE',''
  ) );
#7308 = PCURVE('',#7309,#7314);
#7309 = PLANE('',#7310);
#7310 = AXIS2_PLACEMENT_3D('',#7311,#7312,#7313);
#7311 = CARTESIAN_POINT('',(-1.5,-50.,0.));
#7312 = DIRECTION('',(0.,0.,1.));
#7313 = DIRECTION('',(1.,0.,0.));
#7314 = DEFINITIONAL_REPRESENTATION('',(#7315),#7319);
#7315 = LINE('',#7316,#7317);
#7316 = CARTESIAN_POINT('',(0.,0.));
#7317 = VECTOR('',#7318,1.);
#7318 = DIRECTION('',(0.,1.));
#7319 = ( GEOMETRIC_REPRESENTATION_CONTEXT(2) 
PARAMETRIC_REPRESENTATION_CONTEXT() REPRESENTATION_CONTEXT('2D SPACE',''
  ) );
#7320 = ORIENTED_EDGE('',*,*,#7321,.T.);
#7321 = EDGE_CURVE('',#7294,#7322,#7324,.T.);
#7322 = VERTEX_POINT('',#7323);
#7323 = CARTESIAN_POINT('',(-1.5,50.,50.));
#7324 = SURFACE_CURVE('',#7325,(#7329,#7336),.PCURVE_S1.);
#7325 = LINE('',#7326,#7327);
#7326 = CARTESIAN_POINT('',(-1.5,50.,0.));
#7327 = VECTOR('',#7328,1.);
#7328 = DIRECTION('',(0.,0.,1.));
#7329 = PCURVE('',#7269,#7330);
#7330 = DEFINITIONAL_REPRESENTATION('',(#7331),#7335);
#7331 = LINE('',#7332,#7333);
#7332 = CARTESIAN_POINT('',(0.,-100.));
#7333 = VECTOR('',#7334,1.);
#7334 = DIRECTION('',(1.,0.));
#7335 = ( GEOMETRIC_REPRESENTATION_CONTEXT(2) 
PARAMETRIC_REPRESENTATION_CONTEXT() REPRESENTATION_CONTEXT('2D SPACE',''
  ) );
#7336 = PCURVE('',#7337,#7342);
#7337 = PLANE('',#7338);
#7338 = AXIS2_PLACEMENT_3D('',#7339,#7340,#7341);
#7339 = CARTESIAN_POINT('',(-1.5,50.,0.));
#7340 = DIRECTION('',(0.,1.,0.));
#7341 = DIRECTION('',(0.,0.,1.));
#7342 = DEFINITIONAL_REPRESENTATION('',(#7343),#7347);
#7343 = LINE('',#7344,#7345);
#7344 = CARTESIAN_POINT('',(0.,0.));
#7345 = VECTOR('',#7346,1.);
#7346 = DIRECTION('',(1.,0.));
#7347 = ( GEOMETRIC_REPRESENTATION_CONTEXT(2) 
PARAMETRIC_REPRESENTATION_CONTEXT() REPRESENTATION_CONTEXT('2D SPACE',''
  ) );
#7348 = ORIENTED_EDGE('',*,*,#7349,.F.);
#7349 = EDGE_CURVE('',#7261,#7322,#7350,.T.);
#7350 = SURFACE_CURVE('',#7351,(#7355,#7362),.PCURVE_S1.);
#7351 = LINE('',#7352,#7353);
#7352 = CARTESIAN_POINT('',(-1.5,-50.,50.));
#7353 = VECTOR('',#7354,1.);
#7354 = DIRECTION('',(0.,1.,0.));
#7355 = PCURVE('',#7269,#7356);
#7356 = DEFINITIONAL_REPRESENTATION('',(#7357),#7361);
#7357 = LINE('',#7358,#7359);
#7358 = CARTESIAN_POINT('',(50.,0.));
#7359 = VECTOR('',#7360,1.);
#7360 = DIRECTION('',(0.,-1.));
#7361 = ( GEOMETRIC_REPRESENTATION_CONTEXT(2) 
PARAMETRIC_REPRESENTATION_CONTEXT() REPRESENTATION_CONTEXT('2D SPACE',''
  ) );
#7362 = PCURVE('',#7363,#7368);
#7363 = PLANE('',#7364);
#7364 = AXIS2_PLACEMENT_3D('',#7365,#7366,#7367);
#7365 = CARTESIAN_POINT('',(-1.5,-50.,50.));
#7366 = DIRECTION('',(0.,0.,1.));
#7367 = DIRECTION('',(1.,0.,0.));
#7368 = DEFINITIONAL_REPRESENTATION('',(#7369),#7373);
#7369 = LINE('',#7370,#7371);
#7370 = CARTESIAN_POINT('',(0.,0.));
#7371 = VECTOR('',#7372,1.);
#7372 = DIRECTION('',(0.,1.));
#7373 = ( GEOMETRIC_REPRESENTATION_CONTEXT(2) 
PARAMETRIC_REPRESENTATION_CONTEXT() REPRESENTATION_CONTEXT('2D SPACE',''
  ) );
#7374 = ADVANCED_FACE('',(#7375),#7281,.F.);
#7375 = FACE_BOUND('',#7376,.F.);
#7376 = EDGE_LOOP('',(#7377,#7400,#7401,#7424,#7452,#7480));
#7377 = ORIENTED_EDGE('',*,*,#7378,.F.);
#7378 = EDGE_CURVE('',#7259,#7379,#7381,.T.);
#7379 = VERTEX_POINT('',#7380);
#7380 = CARTESIAN_POINT('',(101.5,-50.,0.));
#7381 = SURFACE_CURVE('',#7382,(#7386,#7393),.PCURVE_S1.);
#7382 = LINE('',#7383,#7384);
#7383 = CARTESIAN_POINT('',(-1.5,-50.,0.));
#7384 = VECTOR('',#7385,1.);
#7385 = DIRECTION('',(1.,0.,0.));
#7386 = PCURVE('',#7281,#7387);
#7387 = DEFINITIONAL_REPRESENTATION('',(#7388),#7392);
#7388 = LINE('',#7389,#7390);
#7389 = CARTESIAN_POINT('',(0.,0.));
#7390 = VECTOR('',#7391,1.);
#7391 = DIRECTION('',(0.,1.));
#7392 = ( GEOMETRIC_REPRESENTATION_CONTEXT(2) 
PARAMETRIC_REPRESENTATION_CONTEXT() REPRESENTATION_CONTEXT('2D SPACE',''
  ) );
#7393 = PCURVE('',#7309,#7394);
#7394 = DEFINITIONAL_REPRESENTATION('',(#7395),#7399);
#7395 = LINE('',#7396,#7397);
#7396 = CARTESIAN_POINT('',(0.,0.));
#7397 = VECTOR('',#7398,1.);
#7398 = DIRECTION('',(1.,0.));
#7399 = ( GEOMETRIC_REPRESENTATION_CONTEXT(2) 
PARAMETRIC_REPRESENTATION_CONTEXT() REPRESENTATION_CONTEXT('2D SPACE',''
  ) );
#7400 = ORIENTED_EDGE('',*,*,#7258,.T.);
#7401 = ORIENTED_EDGE('',*,*,#7402,.T.);
#7402 = EDGE_CURVE('',#7261,#7403,#7405,.T.);
#7403 = VERTEX_POINT('',#7404);
#7404 = CARTESIAN_POINT('',(1.5,-50.,50.));
#7405 = SURFACE_CURVE('',#7406,(#7410,#7417),.PCURVE_S1.);
#7406 = LINE('',#7407,#7408);
#7407 = CARTESIAN_POINT('',(-1.5,-50.,50.));
#7408 = VECTOR('',#7409,1.);
#7409 = DIRECTION('',(1.,0.,0.));
#7410 = PCURVE('',#7281,#7411);
#7411 = DEFINITIONAL_REPRESENTATION('',(#7412),#7416);
#7412 = LINE('',#7413,#7414);
#7413 = CARTESIAN_POINT('',(50.,0.));
#7414 = VECTOR('',#7415,1.);
#7415 = DIRECTION('',(0.,1.));
#7416 = ( GEOMETRIC_REPRESENTATION_CONTEXT(2) 
PARAMETRIC_REPRESENTATION_CONTEXT() REPRESENTATION_CONTEXT('2D SPACE',''
  ) );
#7417 = PCURVE('',#7363,#7418);
#7418 = DEFINITIONAL_REPRESENTATION('',(#7419),#7423);
#7419 = LINE('',#7420,#7421);
#7420 = CARTESIAN_POINT('',(0.,0.));
#7421 = VECTOR('',#7422,1.);
#7422 = DIRECTION('',(1.,0.));
#7423 = ( GEOMETRIC_REPRESENTATION_CONTEXT(2) 
PARAMETRIC_REPRESENTATION_CONTEXT() REPRESENTATION_CONTEXT('2D SPACE',''
  ) );
#7424 = ORIENTED_EDGE('',*,*,#7425,.F.);
#7425 = EDGE_CURVE('',#7426,#7403,#7428,.T.);
#7426 = VERTEX_POINT('',#7427);
#7427 = CARTESIAN_POINT('',(1.5,-50.,3.));
#7428 = SURFACE_CURVE('',#7429,(#7433,#7440),.PCURVE_S1.);
#7429 = LINE('',#7430,#7431);
#7430 = CARTESIAN_POINT('',(1.5,-50.,0.));
#7431 = VECTOR('',#7432,1.);
#7432 = DIRECTION('',(0.,0.,1.));
#7433 = PCURVE('',#7281,#7434);
#7434 = DEFINITIONAL_REPRESENTATION('',(#7435),#7439);
#7435 = LINE('',#7436,#7437);
#7436 = CARTESIAN_POINT('',(0.,3.));
#7437 = VECTOR('',#7438,1.);
#7438 = DIRECTION('',(1.,0.));
#7439 = ( GEOMETRIC_REPRESENTATION_CONTEXT(2) 
PARAMETRIC_REPRESENTATION_CONTEXT() REPRESENTATION_CONTEXT('2D SPACE',''
  ) );
#7440 = PCURVE('',#7441,#7446);
#7441 = PLANE('',#7442);
#7442 = AXIS2_PLACEMENT_3D('',#7443,#7444,#7445);
#7443 = CARTESIAN_POINT('',(1.5,-50.,0.));
#7444 = DIRECTION('',(1.,0.,0.));
#7445 = DIRECTION('',(0.,0.,1.));
#7446 = DEFINITIONAL_REPRESENTATION('',(#7447),#7451);
#7447 = LINE('',#7448,#7449);
#7448 = CARTESIAN_POINT('',(0.,0.));
#7449 = VECTOR('',#7450,1.);
#7450 = DIRECTION('',(1.,0.));
#7451 = ( GEOMETRIC_REPRESENTATION_CONTEXT(2) 
PARAMETRIC_REPRESENTATION_CONTEXT() REPRESENTATION_CONTEXT('2D SPACE',''
  ) );
#7452 = ORIENTED_EDGE('',*,*,#7453,.T.);
#7453 = EDGE_CURVE('',#7426,#7454,#7456,.T.);
#7454 = VERTEX_POINT('',#7455);
#7455 = CARTESIAN_POINT('',(101.5,-50.,3.));
#7456 = SURFACE_CURVE('',#7457,(#7461,#7468),.PCURVE_S1.);
#7457 = LINE('',#7458,#7459);
#7458 = CARTESIAN_POINT('',(1.5,-50.,3.));
#7459 = VECTOR('',#7460,1.);
#7460 = DIRECTION('',(1.,0.,0.));
#7461 = PCURVE('',#7281,#7462);
#7462 = DEFINITIONAL_REPRESENTATION('',(#7463),#7467);
#7463 = LINE('',#7464,#7465);
#7464 = CARTESIAN_POINT('',(3.,3.));
#7465 = VECTOR('',#7466,1.);
#7466 = DIRECTION('',(0.,1.));
#7467 = ( GEOMETRIC_REPRESENTATION_CONTEXT(2) 
PARAMETRIC_REPRESENTATION_CONTEXT() REPRESENTATION_CONTEXT('2D SPACE',''
  ) );
#7468 = PCURVE('',#7469,#7474);
#7469 = PLANE('',#7470);
#7470 = AXIS2_PLACEMENT_3D('',#7471,#7472,#7473);
#7471 = CARTESIAN_POINT('',(1.5,-50.,3.));
#7472 = DIRECTION('',(0.,0.,1.));
#7473 = DIRECTION('',(1.,0.,0.));
#7474 = DEFINITIONAL_REPRESENTATION('',(#7475),#7479);
#7475 = LINE('',#7476,#7477);
#7476 = CARTESIAN_POINT('',(0.,0.));
#7477 = VECTOR('',#7478,1.);
#7478 = DIRECTION('',(1.,0.));
#7479 = ( GEOMETRIC_REPRESENTATION_CONTEXT(2) 
PARAMETRIC_REPRESENTATION_CONTEXT() REPRESENTATION_CONTEXT('2D SPACE',''
  ) );
#7480 = ORIENTED_EDGE('',*,*,#7481,.F.);
#7481 = EDGE_CURVE('',#7379,#7454,#7482,.T.);
#7482 = SURFACE_CURVE('',#7483,(#7487,#7494),.PCURVE_S1.);
#7483 = LINE('',#7484,#7485);
#7484 = CARTESIAN_POINT('',(101.5,-50.,0.));
#7485 = VECTOR('',#7486,1.);
#7486 = DIRECTION('',(0.,0.,1.));
#7487 = PCURVE('',#7281,#7488);
#7488 = DEFINITIONAL_REPRESENTATION('',(#7489),#7493);
#7489 = LINE('',#7490,#7491);
#7490 = CARTESIAN_POINT('',(0.,103.));
#7491 = VECTOR('',#7492,1.);
#7492 = DIRECTION('',(1.,0.));
#7493 = ( GEOMETRIC_REPRESENTATION_CONTEXT(2) 
PARAMETRIC_REPRESENTATION_CONTEXT() REPRESENTATION_CONTEXT('2D SPACE',''
  ) );
#7494 = PCURVE('',#7495,#7500);
#7495 = PLANE('',#7496);
#7496 = AXIS2_PLACEMENT_3D('',#7497,#7498,#7499);
#7497 = CARTESIAN_POINT('',(101.5,-50.,0.));
#7498 = DIRECTION('',(1.,0.,0.));
#7499 = DIRECTION('',(0.,0.,1.));
#7500 = DEFINITIONAL_REPRESENTATION('',(#7501),#7505);
#7501 = LINE('',#7502,#7503);
#7502 = CARTESIAN_POINT('',(0.,0.));
#7503 = VECTOR('',#7504,1.);
#7504 = DIRECTION('',(1.,0.));
#7505 = ( GEOMETRIC_REPRESENTATION_CONTEXT(2) 
PARAMETRIC_REPRESENTATION_CONTEXT() REPRESENTATION_CONTEXT('2D SPACE',''
  ) );
#7506 = ADVANCED_FACE('',(#7507),#7363,.T.);
#7507 = FACE_BOUND('',#7508,.T.);
#7508 = EDGE_LOOP('',(#7509,#7510,#7511,#7534));
#7509 = ORIENTED_EDGE('',*,*,#7349,.F.);
#7510 = ORIENTED_EDGE('',*,*,#7402,.T.);
#7511 = ORIENTED_EDGE('',*,*,#7512,.T.);
#7512 = EDGE_CURVE('',#7403,#7513,#7515,.T.);
#7513 = VERTEX_POINT('',#7514);
#7514 = CARTESIAN_POINT('',(1.5,50.,50.));
#7515 = SURFACE_CURVE('',#7516,(#7520,#7527),.PCURVE_S1.);
#7516 = LINE('',#7517,#7518);
#7517 = CARTESIAN_POINT('',(1.5,-50.,50.));
#7518 = VECTOR('',#7519,1.);
#7519 = DIRECTION('',(0.,1.,0.));
#7520 = PCURVE('',#7363,#7521);
#7521 = DEFINITIONAL_REPRESENTATION('',(#7522),#7526);
#7522 = LINE('',#7523,#7524);
#7523 = CARTESIAN_POINT('',(3.,0.));
#7524 = VECTOR('',#7525,1.);
#7525 = DIRECTION('',(0.,1.));
#7526 = ( GEOMETRIC_REPRESENTATION_CONTEXT(2) 
PARAMETRIC_REPRESENTATION_CONTEXT() REPRESENTATION_CONTEXT('2D SPACE',''
  ) );
#7527 = PCURVE('',#7441,#7528);
#7528 = DEFINITIONAL_REPRESENTATION('',(#7529),#7533);
#7529 = LINE('',#7530,#7531);
#7530 = CARTESIAN_POINT('',(50.,0.));
#7531 = VECTOR('',#7532,1.);
#7532 = DIRECTION('',(0.,-1.));
#7533 = ( GEOMETRIC_REPRESENTATION_CONTEXT(2) 
PARAMETRIC_REPRESENTATION_CONTEXT() REPRESENTATION_CONTEXT('2D SPACE',''
  ) );
#7534 = ORIENTED_EDGE('',*,*,#7535,.F.);
#7535 = EDGE_CURVE('',#7322,#7513,#7536,.T.);
#7536 = SURFACE_CURVE('',#7537,(#7541,#7548),.PCURVE_S1.);
#7537 = LINE('',#7538,#7539);
#7538 = CARTESIAN_POINT('',(-1.5,50.,50.));
#7539 = VECTOR('',#7540,1.);
#7540 = DIRECTION('',(1.,0.,0.));
#7541 = PCURVE('',#7363,#7542);
#7542 = DEFINITIONAL_REPRESENTATION('',(#7543),#7547);
#7543 = LINE('',#7544,#7545);
#7544 = CARTESIAN_POINT('',(0.,100.));
#7545 = VECTOR('',#7546,1.);
#7546 = DIRECTION('',(1.,0.));
#7547 = ( GEOMETRIC_REPRESENTATION_CONTEXT(2) 
PARAMETRIC_REPRESENTATION_CONTEXT() REPRESENTATION_CONTEXT('2D SPACE',''
  ) );
#7548 = PCURVE('',#7337,#7549);
#7549 = DEFINITIONAL_REPRESENTATION('',(#7550),#7554);
#7550 = LINE('',#7551,#7552);
#7551 = CARTESIAN_POINT('',(50.,0.));
#7552 = VECTOR('',#7553,1.);
#7553 = DIRECTION('',(0.,1.));
#7554 = ( GEOMETRIC_REPRESENTATION_CONTEXT(2) 
PARAMETRIC_REPRESENTATION_CONTEXT() REPRESENTATION_CONTEXT('2D SPACE',''
  ) );
#7555 = ADVANCED_FACE('',(#7556),#7337,.T.);
#7556 = FACE_BOUND('',#7557,.T.);
#7557 = EDGE_LOOP('',(#7558,#7559,#7560,#7583,#7606,#7629));
#7558 = ORIENTED_EDGE('',*,*,#7321,.T.);
#7559 = ORIENTED_EDGE('',*,*,#7535,.T.);
#7560 = ORIENTED_EDGE('',*,*,#7561,.F.);
#7561 = EDGE_CURVE('',#7562,#7513,#7564,.T.);
#7562 = VERTEX_POINT('',#7563);
#7563 = CARTESIAN_POINT('',(1.5,50.,3.));
#7564 = SURFACE_CURVE('',#7565,(#7569,#7576),.PCURVE_S1.);
#7565 = LINE('',#7566,#7567);
#7566 = CARTESIAN_POINT('',(1.5,50.,0.));
#7567 = VECTOR('',#7568,1.);
#7568 = DIRECTION('',(0.,0.,1.));
#7569 = PCURVE('',#7337,#7570);
#7570 = DEFINITIONAL_REPRESENTATION('',(#7571),#7575);
#7571 = LINE('',#7572,#7573);
#7572 = CARTESIAN_POINT('',(0.,3.));
#7573 = VECTOR('',#7574,1.);
#7574 = DIRECTION('',(1.,0.));
#7575 = ( GEOMETRIC_REPRESENTATION_CONTEXT(2) 
PARAMETRIC_REPRESENTATION_CONTEXT() REPRESENTATION_CONTEXT('2D SPACE',''
  ) );
#7576 = PCURVE('',#7441,#7577);
#7577 = DEFINITIONAL_REPRESENTATION('',(#7578),#7582);
#7578 = LINE('',#7579,#7580);
#7579 = CARTESIAN_POINT('',(0.,-100.));
#7580 = VECTOR('',#7581,1.);
#7581 = DIRECTION('',(1.,0.));
#7582 = ( GEOMETRIC_REPRESENTATION_CONTEXT(2) 
PARAMETRIC_REPRESENTATION_CONTEXT() REPRESENTATION_CONTEXT('2D SPACE',''
  ) );
#7583 = ORIENTED_EDGE('',*,*,#7584,.T.);
#7584 = EDGE_CURVE('',#7562,#7585,#7587,.T.);
#7585 = VERTEX_POINT('',#7586);
#7586 = CARTESIAN_POINT('',(101.5,50.,3.));
#7587 = SURFACE_CURVE('',#7588,(#7592,#7599),.PCURVE_S1.);
#7588 = LINE('',#7589,#7590);
#7589 = CARTESIAN_POINT('',(1.5,50.,3.));
#7590 = VECTOR('',#7591,1.);
#7591 = DIRECTION('',(1.,0.,0.));
#7592 = PCURVE('',#7337,#7593);
#7593 = DEFINITIONAL_REPRESENTATION('',(#7594),#7598);
#7594 = LINE('',#7595,#7596);
#7595 = CARTESIAN_POINT('',(3.,3.));
#7596 = VECTOR('',#7597,1.);
#7597 = DIRECTION('',(0.,1.));
#7598 = ( GEOMETRIC_REPRESENTATION_CONTEXT(2) 
PARAMETRIC_REPRESENTATION_CONTEXT() REPRESENTATION_CONTEXT('2D SPACE',''
  ) );
#7599 = PCURVE('',#7469,#7600);
#7600 = DEFINITIONAL_REPRESENTATION('',(#7601),#7605);
#7601 = LINE('',#7602,#7603);
#7602 = CARTESIAN_POINT('',(0.,100.));
#7603 = VECTOR('',#7604,1.);
#7604 = DIRECTION('',(1.,0.));
#7605 = ( GEOMETRIC_REPRESENTATION_CONTEXT(2) 
PARAMETRIC_REPRESENTATION_CONTEXT() REPRESENTATION_CONTEXT('2D SPACE',''
  ) );
#7606 = ORIENTED_EDGE('',*,*,#7607,.F.);
#7607 = EDGE_CURVE('',#7608,#7585,#7610,.T.);
#7608 = VERTEX_POINT('',#7609);
#7609 = CARTESIAN_POINT('',(101.5,50.,0.));
#7610 = SURFACE_CURVE('',#7611,(#7615,#7622),.PCURVE_S1.);
#7611 = LINE('',#7612,#7613);
#7612 = CARTESIAN_POINT('',(101.5,50.,0.));
#7613 = VECTOR('',#7614,1.);
#7614 = DIRECTION('',(0.,0.,1.));
#7615 = PCURVE('',#7337,#7616);
#7616 = DEFINITIONAL_REPRESENTATION('',(#7617),#7621);
#7617 = LINE('',#7618,#7619);
#7618 = CARTESIAN_POINT('',(0.,103.));
#7619 = VECTOR('',#7620,1.);
#7620 = DIRECTION('',(1.,0.));
#7621 = ( GEOMETRIC_REPRESENTATION_CONTEXT(2) 
PARAMETRIC_REPRESENTATION_CONTEXT() REPRESENTATION_CONTEXT('2D SPACE',''
  ) );
#7622 = PCURVE('',#7495,#7623);
#7623 = DEFINITIONAL_REPRESENTATION('',(#7624),#7628);
#7624 = LINE('',#7625,#7626);
#7625 = CARTESIAN_POINT('',(0.,-100.));
#7626 = VECTOR('',#7627,1.);
#7627 = DIRECTION('',(1.,0.));
#7628 = ( GEOMETRIC_REPRESENTATION_CONTEXT(2) 
PARAMETRIC_REPRESENTATION_CONTEXT() REPRESENTATION_CONTEXT('2D SPACE',''
  ) );
#7629 = ORIENTED_EDGE('',*,*,#7630,.T.);
#7630 = EDGE_CURVE('',#7608,#7294,#7631,.T.);
#7631 = SURFACE_CURVE('',#7632,(#7636,#7643),.PCURVE_S1.);
#7632 = LINE('',#7633,#7634);
#7633 = CARTESIAN_POINT('',(101.5,50.,0.));
#7634 = VECTOR('',#7635,1.);
#7635 = DIRECTION('',(-1.,0.,0.));
#7636 = PCURVE('',#7337,#7637);
#7637 = DEFINITIONAL_REPRESENTATION('',(#7638),#7642);
#7638 = LINE('',#7639,#7640);
#7639 = CARTESIAN_POINT('',(0.,103.));
#7640 = VECTOR('',#7641,1.);
#7641 = DIRECTION('',(0.,-1.));
#7642 = ( GEOMETRIC_REPRESENTATION_CONTEXT(2) 
PARAMETRIC_REPRESENTATION_CONTEXT() REPRESENTATION_CONTEXT('2D SPACE',''
  ) );
#7643 = PCURVE('',#7309,#7644);
#7644 = DEFINITIONAL_REPRESENTATION('',(#7645),#7649);
#7645 = LINE('',#7646,#7647);
#7646 = CARTESIAN_POINT('',(103.,100.));
#7647 = VECTOR('',#7648,1.);
#7648 = DIRECTION('',(-1.,0.));
#7649 = ( GEOMETRIC_REPRESENTATION_CONTEXT(2) 
PARAMETRIC_REPRESENTATION_CONTEXT() REPRESENTATION_CONTEXT('2D SPACE',''
  ) );
#7650 = ADVANCED_FACE('',(#7651,#7677,#7712),#7309,.F.);
#7651 = FACE_BOUND('',#7652,.F.);
#7652 = EDGE_LOOP('',(#7653,#7654,#7655,#7676));
#7653 = ORIENTED_EDGE('',*,*,#7293,.F.);
#7654 = ORIENTED_EDGE('',*,*,#7378,.T.);
#7655 = ORIENTED_EDGE('',*,*,#7656,.T.);
#7656 = EDGE_CURVE('',#7379,#7608,#7657,.T.);
#7657 = SURFACE_CURVE('',#7658,(#7662,#7669),.PCURVE_S1.);
#7658 = LINE('',#7659,#7660);
#7659 = CARTESIAN_POINT('',(101.5,-50.,0.));
#7660 = VECTOR('',#7661,1.);
#7661 = DIRECTION('',(0.,1.,0.));
#7662 = PCURVE('',#7309,#7663);
#7663 = DEFINITIONAL_REPRESENTATION('',(#7664),#7668);
#7664 = LINE('',#7665,#7666);
#7665 = CARTESIAN_POINT('',(103.,0.));
#7666 = VECTOR('',#7667,1.);
#7667 = DIRECTION('',(0.,1.));
#7668 = ( GEOMETRIC_REPRESENTATION_CONTEXT(2) 
PARAMETRIC_REPRESENTATION_CONTEXT() REPRESENTATION_CONTEXT('2D SPACE',''
  ) );
#7669 = PCURVE('',#7495,#7670);
#7670 = DEFINITIONAL_REPRESENTATION('',(#7671),#7675);
#7671 = LINE('',#7672,#7673);
#7672 = CARTESIAN_POINT('',(0.,0.));
#7673 = VECTOR('',#7674,1.);
#7674 = DIRECTION('',(0.,-1.));
#7675 = ( GEOMETRIC_REPRESENTATION_CONTEXT(2) 
PARAMETRIC_REPRESENTATION_CONTEXT() REPRESENTATION_CONTEXT('2D SPACE',''
  ) );
#7676 = ORIENTED_EDGE('',*,*,#7630,.T.);
#7677 = FACE_BOUND('',#7678,.F.);
#7678 = EDGE_LOOP('',(#7679));
#7679 = ORIENTED_EDGE('',*,*,#7680,.T.);
#7680 = EDGE_CURVE('',#7681,#7681,#7683,.T.);
#7681 = VERTEX_POINT('',#7682);
#7682 = CARTESIAN_POINT('',(32.5,0.,0.));
#7683 = SURFACE_CURVE('',#7684,(#7689,#7700),.PCURVE_S1.);
#7684 = CIRCLE('',#7685,4.5);
#7685 = AXIS2_PLACEMENT_3D('',#7686,#7687,#7688);
#7686 = CARTESIAN_POINT('',(28.,0.,0.));
#7687 = DIRECTION('',(0.,0.,-1.));
#7688 = DIRECTION('',(1.,0.,0.));
#7689 = PCURVE('',#7309,#7690);
#7690 = DEFINITIONAL_REPRESENTATION('',(#7691),#7699);
#7691 = ( BOUNDED_CURVE() B_SPLINE_CURVE(2,(#7692,#7693,#7694,#7695,
#7696,#7697,#7698),.UNSPECIFIED.,.T.,.F.) B_SPLINE_CURVE_WITH_KNOTS((1,2
    ,2,2,2,1),(-2.094395102393,0.,2.094395102393,4.188790204786,
6.28318530718,8.377580409573),.UNSPECIFIED.) CURVE() 
GEOMETRIC_REPRESENTATION_ITEM() RATIONAL_B_SPLINE_CURVE((1.,0.5,1.,0.5,
1.,0.5,1.)) REPRESENTATION_ITEM('') );
#7692 = CARTESIAN_POINT('',(34.,50.));
#7693 = CARTESIAN_POINT('',(34.,42.20577136594));
#7694 = CARTESIAN_POINT('',(27.25,46.10288568297));
#7695 = CARTESIAN_POINT('',(20.5,50.));
#7696 = CARTESIAN_POINT('',(27.25,53.89711431703));
#7697 = CARTESIAN_POINT('',(34.,57.79422863406));
#7698 = CARTESIAN_POINT('',(34.,50.));
#7699 = ( GEOMETRIC_REPRESENTATION_CONTEXT(2) 
PARAMETRIC_REPRESENTATION_CONTEXT() REPRESENTATION_CONTEXT('2D SPACE',''
  ) );
#7700 = PCURVE('',#7701,#7706);
#7701 = CYLINDRICAL_SURFACE('',#7702,4.5);
#7702 = AXIS2_PLACEMENT_3D('',#7703,#7704,#7705);
#7703 = CARTESIAN_POINT('',(28.,0.,-1.));
#7704 = DIRECTION('',(-0.,-0.,-1.));
#7705 = DIRECTION('',(1.,0.,0.));
#7706 = DEFINITIONAL_REPRESENTATION('',(#7707),#7711);
#7707 = LINE('',#7708,#7709);
#7708 = CARTESIAN_POINT('',(-6.28318530718,-1.));
#7709 = VECTOR('',#7710,1.);
#7710 = DIRECTION('',(1.,-0.));
#7711 = ( GEOMETRIC_REPRESENTATION_CONTEXT(2) 
PARAMETRIC_REPRESENTATION_CONTEXT() REPRESENTATION_CONTEXT('2D SPACE',''
  ) );
#7712 = FACE_BOUND('',#7713,.F.);
#7713 = EDGE_LOOP('',(#7714,#7742,#7770,#7796));
#7714 = ORIENTED_EDGE('',*,*,#7715,.T.);
#7715 = EDGE_CURVE('',#7716,#7718,#7720,.T.);
#7716 = VERTEX_POINT('',#7717);
#7717 = CARTESIAN_POINT('',(88.,4.5,0.));
#7718 = VERTEX_POINT('',#7719);
#7719 = CARTESIAN_POINT('',(88.,-4.5,0.));
#7720 = SURFACE_CURVE('',#7721,(#7725,#7731),.PCURVE_S1.);
#7721 = LINE('',#7722,#7723);
#7722 = CARTESIAN_POINT('',(88.,-27.25,0.));
#7723 = VECTOR('',#7724,1.);
#7724 = DIRECTION('',(0.,-1.,0.));
#7725 = PCURVE('',#7309,#7726);
#7726 = DEFINITIONAL_REPRESENTATION('',(#7727),#7730);
#7727 = B_SPLINE_CURVE_WITH_KNOTS('',1,(#7728,#7729),.UNSPECIFIED.,.F.,
  .F.,(2,2),(-31.75,-22.75),.PIECEWISE_BEZIER_KNOTS.);
#7728 = CARTESIAN_POINT('',(89.5,54.5));
#7729 = CARTESIAN_POINT('',(89.5,45.5));
#7730 = ( GEOMETRIC_REPRESENTATION_CONTEXT(2) 
PARAMETRIC_REPRESENTATION_CONTEXT() REPRESENTATION_CONTEXT('2D SPACE',''
  ) );
#7731 = PCURVE('',#7732,#7737);
#7732 = PLANE('',#7733);
#7733 = AXIS2_PLACEMENT_3D('',#7734,#7735,#7736);
#7734 = CARTESIAN_POINT('',(88.,-4.5,-1.));
#7735 = DIRECTION('',(-1.,0.,0.));
#7736 = DIRECTION('',(0.,1.,0.));
#7737 = DEFINITIONAL_REPRESENTATION('',(#7738),#7741);
#7738 = B_SPLINE_CURVE_WITH_KNOTS('',1,(#7739,#7740),.UNSPECIFIED.,.F.,
  .F.,(2,2),(-31.75,-22.75),.PIECEWISE_BEZIER_KNOTS.);
#7739 = CARTESIAN_POINT('',(9.,-1.));
#7740 = CARTESIAN_POINT('',(0.,-1.));
#7741 = ( GEOMETRIC_REPRESENTATION_CONTEXT(2) 
PARAMETRIC_REPRESENTATION_CONTEXT() REPRESENTATION_CONTEXT('2D SPACE',''
  ) );
#7742 = ORIENTED_EDGE('',*,*,#7743,.F.);
#7743 = EDGE_CURVE('',#7744,#7718,#7746,.T.);
#7744 = VERTEX_POINT('',#7745);
#7745 = CARTESIAN_POINT('',(68.,-4.5,0.));
#7746 = SURFACE_CURVE('',#7747,(#7751,#7758),.PCURVE_S1.);
#7747 = LINE('',#7748,#7749);
#7748 = CARTESIAN_POINT('',(68.,-4.5,0.));
#7749 = VECTOR('',#7750,1.);
#7750 = DIRECTION('',(1.,0.,0.));
#7751 = PCURVE('',#7309,#7752);
#7752 = DEFINITIONAL_REPRESENTATION('',(#7753),#7757);
#7753 = LINE('',#7754,#7755);
#7754 = CARTESIAN_POINT('',(69.5,45.5));
#7755 = VECTOR('',#7756,1.);
#7756 = DIRECTION('',(1.,0.));
#7757 = ( GEOMETRIC_REPRESENTATION_CONTEXT(2) 
PARAMETRIC_REPRESENTATION_CONTEXT() REPRESENTATION_CONTEXT('2D SPACE',''
  ) );
#7758 = PCURVE('',#7759,#7764);
#7759 = PLANE('',#7760);
#7760 = AXIS2_PLACEMENT_3D('',#7761,#7762,#7763);
#7761 = CARTESIAN_POINT('',(68.,-4.5,-1.));
#7762 = DIRECTION('',(0.,1.,0.));
#7763 = DIRECTION('',(1.,0.,0.));
#7764 = DEFINITIONAL_REPRESENTATION('',(#7765),#7769);
#7765 = LINE('',#7766,#7767);
#7766 = CARTESIAN_POINT('',(0.,-1.));
#7767 = VECTOR('',#7768,1.);
#7768 = DIRECTION('',(1.,0.));
#7769 = ( GEOMETRIC_REPRESENTATION_CONTEXT(2) 
PARAMETRIC_REPRESENTATION_CONTEXT() REPRESENTATION_CONTEXT('2D SPACE',''
  ) );
#7770 = ORIENTED_EDGE('',*,*,#7771,.T.);
#7771 = EDGE_CURVE('',#7744,#7772,#7774,.T.);
#7772 = VERTEX_POINT('',#7773);
#7773 = CARTESIAN_POINT('',(68.,4.5,0.));
#7774 = SURFACE_CURVE('',#7775,(#7779,#7785),.PCURVE_S1.);
#7775 = LINE('',#7776,#7777);
#7776 = CARTESIAN_POINT('',(68.,-22.75,0.));
#7777 = VECTOR('',#7778,1.);
#7778 = DIRECTION('',(-0.,1.,0.));
#7779 = PCURVE('',#7309,#7780);
#7780 = DEFINITIONAL_REPRESENTATION('',(#7781),#7784);
#7781 = B_SPLINE_CURVE_WITH_KNOTS('',1,(#7782,#7783),.UNSPECIFIED.,.F.,
  .F.,(2,2),(18.25,27.25),.PIECEWISE_BEZIER_KNOTS.);
#7782 = CARTESIAN_POINT('',(69.5,45.5));
#7783 = CARTESIAN_POINT('',(69.5,54.5));
#7784 = ( GEOMETRIC_REPRESENTATION_CONTEXT(2) 
PARAMETRIC_REPRESENTATION_CONTEXT() REPRESENTATION_CONTEXT('2D SPACE',''
  ) );
#7785 = PCURVE('',#7786,#7791);
#7786 = PLANE('',#7787);
#7787 = AXIS2_PLACEMENT_3D('',#7788,#7789,#7790);
#7788 = CARTESIAN_POINT('',(68.,4.5,-1.));
#7789 = DIRECTION('',(1.,0.,-0.));
#7790 = DIRECTION('',(0.,-1.,0.));
#7791 = DEFINITIONAL_REPRESENTATION('',(#7792),#7795);
#7792 = B_SPLINE_CURVE_WITH_KNOTS('',1,(#7793,#7794),.UNSPECIFIED.,.F.,
  .F.,(2,2),(18.25,27.25),.PIECEWISE_BEZIER_KNOTS.);
#7793 = CARTESIAN_POINT('',(9.,-1.));
#7794 = CARTESIAN_POINT('',(0.,-1.));
#7795 = ( GEOMETRIC_REPRESENTATION_CONTEXT(2) 
PARAMETRIC_REPRESENTATION_CONTEXT() REPRESENTATION_CONTEXT('2D SPACE',''
  ) );
#7796 = ORIENTED_EDGE('',*,*,#7797,.F.);
#7797 = EDGE_CURVE('',#7716,#7772,#7798,.T.);
#7798 = SURFACE_CURVE('',#7799,(#7803,#7810),.PCURVE_S1.);
#7799 = LINE('',#7800,#7801);
#7800 = CARTESIAN_POINT('',(88.,4.5,0.));
#7801 = VECTOR('',#7802,1.);
#7802 = DIRECTION('',(-1.,0.,0.));
#7803 = PCURVE('',#7309,#7804);
#7804 = DEFINITIONAL_REPRESENTATION('',(#7805),#7809);
#7805 = LINE('',#7806,#7807);
#7806 = CARTESIAN_POINT('',(89.5,54.5));
#7807 = VECTOR('',#7808,1.);
#7808 = DIRECTION('',(-1.,0.));
#7809 = ( GEOMETRIC_REPRESENTATION_CONTEXT(2) 
PARAMETRIC_REPRESENTATION_CONTEXT() REPRESENTATION_CONTEXT('2D SPACE',''
  ) );
#7810 = PCURVE('',#7811,#7816);
#7811 = PLANE('',#7812);
#7812 = AXIS2_PLACEMENT_3D('',#7813,#7814,#7815);
#7813 = CARTESIAN_POINT('',(88.,4.5,-1.));
#7814 = DIRECTION('',(0.,-1.,0.));
#7815 = DIRECTION('',(-1.,0.,0.));
#7816 = DEFINITIONAL_REPRESENTATION('',(#7817),#7821);
#7817 = LINE('',#7818,#7819);
#7818 = CARTESIAN_POINT('',(0.,-1.));
#7819 = VECTOR('',#7820,1.);
#7820 = DIRECTION('',(1.,0.));
#7821 = ( GEOMETRIC_REPRESENTATION_CONTEXT(2) 
PARAMETRIC_REPRESENTATION_CONTEXT() REPRESENTATION_CONTEXT('2D SPACE',''
  ) );
#7822 = ADVANCED_FACE('',(#7823,#7849,#7884,#7919),#7441,.T.);
#7823 = FACE_BOUND('',#7824,.T.);
#7824 = EDGE_LOOP('',(#7825,#7826,#7847,#7848));
#7825 = ORIENTED_EDGE('',*,*,#7425,.F.);
#7826 = ORIENTED_EDGE('',*,*,#7827,.T.);
#7827 = EDGE_CURVE('',#7426,#7562,#7828,.T.);
#7828 = SURFACE_CURVE('',#7829,(#7833,#7840),.PCURVE_S1.);
#7829 = LINE('',#7830,#7831);
#7830 = CARTESIAN_POINT('',(1.5,-50.,3.));
#7831 = VECTOR('',#7832,1.);
#7832 = DIRECTION('',(0.,1.,0.));
#7833 = PCURVE('',#7441,#7834);
#7834 = DEFINITIONAL_REPRESENTATION('',(#7835),#7839);
#7835 = LINE('',#7836,#7837);
#7836 = CARTESIAN_POINT('',(3.,0.));
#7837 = VECTOR('',#7838,1.);
#7838 = DIRECTION('',(0.,-1.));
#7839 = ( GEOMETRIC_REPRESENTATION_CONTEXT(2) 
PARAMETRIC_REPRESENTATION_CONTEXT() REPRESENTATION_CONTEXT('2D SPACE',''
  ) );
#7840 = PCURVE('',#7469,#7841);
#7841 = DEFINITIONAL_REPRESENTATION('',(#7842),#7846);
#7842 = LINE('',#7843,#7844);
#7843 = CARTESIAN_POINT('',(0.,0.));
#7844 = VECTOR('',#7845,1.);
#7845 = DIRECTION('',(0.,1.));
#7846 = ( GEOMETRIC_REPRESENTATION_CONTEXT(2) 
PARAMETRIC_REPRESENTATION_CONTEXT() REPRESENTATION_CONTEXT('2D SPACE',''
  ) );
#7847 = ORIENTED_EDGE('',*,*,#7561,.T.);
#7848 = ORIENTED_EDGE('',*,*,#7512,.F.);
#7849 = FACE_BOUND('',#7850,.T.);
#7850 = EDGE_LOOP('',(#7851));
#7851 = ORIENTED_EDGE('',*,*,#7852,.T.);
#7852 = EDGE_CURVE('',#7853,#7853,#7855,.T.);
#7853 = VERTEX_POINT('',#7854);
#7854 = CARTESIAN_POINT('',(1.5,34.5,25.));
#7855 = SURFACE_CURVE('',#7856,(#7861,#7872),.PCURVE_S1.);
#7856 = CIRCLE('',#7857,4.5);
#7857 = AXIS2_PLACEMENT_3D('',#7858,#7859,#7860);
#7858 = CARTESIAN_POINT('',(1.5,30.,25.));
#7859 = DIRECTION('',(-1.,0.,0.));
#7860 = DIRECTION('',(0.,1.,0.));
#7861 = PCURVE('',#7441,#7862);
#7862 = DEFINITIONAL_REPRESENTATION('',(#7863),#7871);
#7863 = ( BOUNDED_CURVE() B_SPLINE_CURVE(2,(#7864,#7865,#7866,#7867,
#7868,#7869,#7870),.UNSPECIFIED.,.T.,.F.) B_SPLINE_CURVE_WITH_KNOTS((1,2
    ,2,2,2,1),(-2.094395102393,0.,2.094395102393,4.188790204786,
6.28318530718,8.377580409573),.UNSPECIFIED.) CURVE() 
GEOMETRIC_REPRESENTATION_ITEM() RATIONAL_B_SPLINE_CURVE((1.,0.5,1.,0.5,
1.,0.5,1.)) REPRESENTATION_ITEM('') );
#7864 = CARTESIAN_POINT('',(25.,-84.5));
#7865 = CARTESIAN_POINT('',(17.20577136594,-84.5));
#7866 = CARTESIAN_POINT('',(21.10288568297,-77.75));
#7867 = CARTESIAN_POINT('',(25.,-71.));
#7868 = CARTESIAN_POINT('',(28.89711431703,-77.75));
#7869 = CARTESIAN_POINT('',(32.79422863406,-84.5));
#7870 = CARTESIAN_POINT('',(25.,-84.5));
#7871 = ( GEOMETRIC_REPRESENTATION_CONTEXT(2) 
PARAMETRIC_REPRESENTATION_CONTEXT() REPRESENTATION_CONTEXT('2D SPACE',''
  ) );
#7872 = PCURVE('',#7873,#7878);
#7873 = CYLINDRICAL_SURFACE('',#7874,4.5);
#7874 = AXIS2_PLACEMENT_3D('',#7875,#7876,#7877);
#7875 = CARTESIAN_POINT('',(-1.,30.,25.));
#7876 = DIRECTION('',(-1.,-0.,-0.));
#7877 = DIRECTION('',(0.,1.,0.));
#7878 = DEFINITIONAL_REPRESENTATION('',(#7879),#7883);
#7879 = LINE('',#7880,#7881);
#7880 = CARTESIAN_POINT('',(-6.28318530718,-2.5));
#7881 = VECTOR('',#7882,1.);
#7882 = DIRECTION('',(1.,-0.));
#7883 = ( GEOMETRIC_REPRESENTATION_CONTEXT(2) 
PARAMETRIC_REPRESENTATION_CONTEXT() REPRESENTATION_CONTEXT('2D SPACE',''
  ) );
#7884 = FACE_BOUND('',#7885,.T.);
#7885 = EDGE_LOOP('',(#7886));
#7886 = ORIENTED_EDGE('',*,*,#7887,.T.);
#7887 = EDGE_CURVE('',#7888,#7888,#7890,.T.);
#7888 = VERTEX_POINT('',#7889);
#7889 = CARTESIAN_POINT('',(1.5,4.5,25.));
#7890 = SURFACE_CURVE('',#7891,(#7896,#7907),.PCURVE_S1.);
#7891 = CIRCLE('',#7892,4.5);
#7892 = AXIS2_PLACEMENT_3D('',#7893,#7894,#7895);
#7893 = CARTESIAN_POINT('',(1.5,0.,25.));
#7894 = DIRECTION('',(-1.,0.,0.));
#7895 = DIRECTION('',(0.,1.,0.));
#7896 = PCURVE('',#7441,#7897);
#7897 = DEFINITIONAL_REPRESENTATION('',(#7898),#7906);
#7898 = ( BOUNDED_CURVE() B_SPLINE_CURVE(2,(#7899,#7900,#7901,#7902,
#7903,#7904,#7905),.UNSPECIFIED.,.T.,.F.) B_SPLINE_CURVE_WITH_KNOTS((1,2
    ,2,2,2,1),(-2.094395102393,0.,2.094395102393,4.188790204786,
6.28318530718,8.377580409573),.UNSPECIFIED.) CURVE() 
GEOMETRIC_REPRESENTATION_ITEM() RATIONAL_B_SPLINE_CURVE((1.,0.5,1.,0.5,
1.,0.5,1.)) REPRESENTATION_ITEM('') );
#7899 = CARTESIAN_POINT('',(25.,-54.5));
#7900 = CARTESIAN_POINT('',(17.20577136594,-54.5));
#7901 = CARTESIAN_POINT('',(21.10288568297,-47.75));
#7902 = CARTESIAN_POINT('',(25.,-41.));
#7903 = CARTESIAN_POINT('',(28.89711431703,-47.75));
#7904 = CARTESIAN_POINT('',(32.79422863406,-54.5));
#7905 = CARTESIAN_POINT('',(25.,-54.5));
#7906 = ( GEOMETRIC_REPRESENTATION_CONTEXT(2) 
PARAMETRIC_REPRESENTATION_CONTEXT() REPRESENTATION_CONTEXT('2D SPACE',''
  ) );
#7907 = PCURVE('',#7908,#7913);
#7908 = CYLINDRICAL_SURFACE('',#7909,4.5);
#7909 = AXIS2_PLACEMENT_3D('',#7910,#7911,#7912);
#7910 = CARTESIAN_POINT('',(-1.,0.,25.));
#7911 = DIRECTION('',(-1.,-0.,-0.));
#7912 = DIRECTION('',(0.,1.,0.));
#7913 = DEFINITIONAL_REPRESENTATION('',(#7914),#7918);
#7914 = LINE('',#7915,#7916);
#7915 = CARTESIAN_POINT('',(-6.28318530718,-2.5));
#7916 = VECTOR('',#7917,1.);
#7917 = DIRECTION('',(1.,-0.));
#7918 = ( GEOMETRIC_REPRESENTATION_CONTEXT(2) 
PARAMETRIC_REPRESENTATION_CONTEXT() REPRESENTATION_CONTEXT('2D SPACE',''
  ) );
#7919 = FACE_BOUND('',#7920,.T.);
#7920 = EDGE_LOOP('',(#7921));
#7921 = ORIENTED_EDGE('',*,*,#7922,.T.);
#7922 = EDGE_CURVE('',#7923,#7923,#7925,.T.);
#7923 = VERTEX_POINT('',#7924);
#7924 = CARTESIAN_POINT('',(1.5,-25.5,25.));
#7925 = SURFACE_CURVE('',#7926,(#7931,#7942),.PCURVE_S1.);
#7926 = CIRCLE('',#7927,4.5);
#7927 = AXIS2_PLACEMENT_3D('',#7928,#7929,#7930);
#7928 = CARTESIAN_POINT('',(1.5,-30.,25.));
#7929 = DIRECTION('',(-1.,0.,0.));
#7930 = DIRECTION('',(0.,1.,0.));
#7931 = PCURVE('',#7441,#7932);
#7932 = DEFINITIONAL_REPRESENTATION('',(#7933),#7941);
#7933 = ( BOUNDED_CURVE() B_SPLINE_CURVE(2,(#7934,#7935,#7936,#7937,
#7938,#7939,#7940),.UNSPECIFIED.,.T.,.F.) B_SPLINE_CURVE_WITH_KNOTS((1,2
    ,2,2,2,1),(-2.094395102393,0.,2.094395102393,4.188790204786,
6.28318530718,8.377580409573),.UNSPECIFIED.) CURVE() 
GEOMETRIC_REPRESENTATION_ITEM() RATIONAL_B_SPLINE_CURVE((1.,0.5,1.,0.5,
1.,0.5,1.)) REPRESENTATION_ITEM('') );
#7934 = CARTESIAN_POINT('',(25.,-24.5));
#7935 = CARTESIAN_POINT('',(17.20577136594,-24.5));
#7936 = CARTESIAN_POINT('',(21.10288568297,-17.75));
#7937 = CARTESIAN_POINT('',(25.,-11.));
#7938 = CARTESIAN_POINT('',(28.89711431703,-17.75));
#7939 = CARTESIAN_POINT('',(32.79422863406,-24.5));
#7940 = CARTESIAN_POINT('',(25.,-24.5));
#7941 = ( GEOMETRIC_REPRESENTATION_CONTEXT(2) 
PARAMETRIC_REPRESENTATION_CONTEXT() REPRESENTATION_CONTEXT('2D SPACE',''
  ) );
#7942 = PCURVE('',#7943,#7948);
#7943 = CYLINDRICAL_SURFACE('',#7944,4.5);
#7944 = AXIS2_PLACEMENT_3D('',#7945,#7946,#7947);
#7945 = CARTESIAN_POINT('',(-1.,-30.,25.));
#7946 = DIRECTION('',(-1.,-0.,-0.));
#7947 = DIRECTION('',(0.,1.,0.));
#7948 = DEFINITIONAL_REPRESENTATION('',(#7949),#7953);
#7949 = LINE('',#7950,#7951);
#7950 = CARTESIAN_POINT('',(-6.28318530718,-2.5));
#7951 = VECTOR('',#7952,1.);
#7952 = DIRECTION('',(1.,-0.));
#7953 = ( GEOMETRIC_REPRESENTATION_CONTEXT(2) 
PARAMETRIC_REPRESENTATION_CONTEXT() REPRESENTATION_CONTEXT('2D SPACE',''
  ) );
#7954 = ADVANCED_FACE('',(#7955,#7981,#8011),#7469,.T.);
#7955 = FACE_BOUND('',#7956,.T.);
#7956 = EDGE_LOOP('',(#7957,#7958,#7959,#7980));
#7957 = ORIENTED_EDGE('',*,*,#7827,.F.);
#7958 = ORIENTED_EDGE('',*,*,#7453,.T.);
#7959 = ORIENTED_EDGE('',*,*,#7960,.T.);
#7960 = EDGE_CURVE('',#7454,#7585,#7961,.T.);
#7961 = SURFACE_CURVE('',#7962,(#7966,#7973),.PCURVE_S1.);
#7962 = LINE('',#7963,#7964);
#7963 = CARTESIAN_POINT('',(101.5,-50.,3.));
#7964 = VECTOR('',#7965,1.);
#7965 = DIRECTION('',(0.,1.,0.));
#7966 = PCURVE('',#7469,#7967);
#7967 = DEFINITIONAL_REPRESENTATION('',(#7968),#7972);
#7968 = LINE('',#7969,#7970);
#7969 = CARTESIAN_POINT('',(100.,0.));
#7970 = VECTOR('',#7971,1.);
#7971 = DIRECTION('',(0.,1.));
#7972 = ( GEOMETRIC_REPRESENTATION_CONTEXT(2) 
PARAMETRIC_REPRESENTATION_CONTEXT() REPRESENTATION_CONTEXT('2D SPACE',''
  ) );
#7973 = PCURVE('',#7495,#7974);
#7974 = DEFINITIONAL_REPRESENTATION('',(#7975),#7979);
#7975 = LINE('',#7976,#7977);
#7976 = CARTESIAN_POINT('',(3.,0.));
#7977 = VECTOR('',#7978,1.);
#7978 = DIRECTION('',(0.,-1.));
#7979 = ( GEOMETRIC_REPRESENTATION_CONTEXT(2) 
PARAMETRIC_REPRESENTATION_CONTEXT() REPRESENTATION_CONTEXT('2D SPACE',''
  ) );
#7980 = ORIENTED_EDGE('',*,*,#7584,.F.);
#7981 = FACE_BOUND('',#7982,.T.);
#7982 = EDGE_LOOP('',(#7983));
#7983 = ORIENTED_EDGE('',*,*,#7984,.T.);
#7984 = EDGE_CURVE('',#7985,#7985,#7987,.T.);
#7985 = VERTEX_POINT('',#7986);
#7986 = CARTESIAN_POINT('',(32.5,0.,3.));
#7987 = SURFACE_CURVE('',#7988,(#7993,#8004),.PCURVE_S1.);
#7988 = CIRCLE('',#7989,4.5);
#7989 = AXIS2_PLACEMENT_3D('',#7990,#7991,#7992);
#7990 = CARTESIAN_POINT('',(28.,0.,3.));
#7991 = DIRECTION('',(0.,0.,-1.));
#7992 = DIRECTION('',(1.,0.,0.));
#7993 = PCURVE('',#7469,#7994);
#7994 = DEFINITIONAL_REPRESENTATION('',(#7995),#8003);
#7995 = ( BOUNDED_CURVE() B_SPLINE_CURVE(2,(#7996,#7997,#7998,#7999,
#8000,#8001,#8002),.UNSPECIFIED.,.T.,.F.) B_SPLINE_CURVE_WITH_KNOTS((1,2
    ,2,2,2,1),(-2.094395102393,0.,2.094395102393,4.188790204786,
6.28318530718,8.377580409573),.UNSPECIFIED.) CURVE() 
GEOMETRIC_REPRESENTATION_ITEM() RATIONAL_B_SPLINE_CURVE((1.,0.5,1.,0.5,
1.,0.5,1.)) REPRESENTATION_ITEM('') );
#7996 = CARTESIAN_POINT('',(31.,50.));
#7997 = CARTESIAN_POINT('',(31.,42.20577136594));
#7998 = CARTESIAN_POINT('',(24.25,46.10288568297));
#7999 = CARTESIAN_POINT('',(17.5,50.));
#8000 = CARTESIAN_POINT('',(24.25,53.89711431703));
#8001 = CARTESIAN_POINT('',(31.,57.79422863406));
#8002 = CARTESIAN_POINT('',(31.,50.));
#8003 = ( GEOMETRIC_REPRESENTATION_CONTEXT(2) 
PARAMETRIC_REPRESENTATION_CONTEXT() REPRESENTATION_CONTEXT('2D SPACE',''
  ) );
#8004 = PCURVE('',#7701,#8005);
#8005 = DEFINITIONAL_REPRESENTATION('',(#8006),#8010);
#8006 = LINE('',#8007,#8008);
#8007 = CARTESIAN_POINT('',(-6.28318530718,-4.));
#8008 = VECTOR('',#8009,1.);
#8009 = DIRECTION('',(1.,-0.));
#8010 = ( GEOMETRIC_REPRESENTATION_CONTEXT(2) 
PARAMETRIC_REPRESENTATION_CONTEXT() REPRESENTATION_CONTEXT('2D SPACE',''
  ) );
#8011 = FACE_BOUND('',#8012,.T.);
#8012 = EDGE_LOOP('',(#8013,#8038,#8059,#8082));
#8013 = ORIENTED_EDGE('',*,*,#8014,.T.);
#8014 = EDGE_CURVE('',#8015,#8017,#8019,.T.);
#8015 = VERTEX_POINT('',#8016);
#8016 = CARTESIAN_POINT('',(88.,-4.5,3.));
#8017 = VERTEX_POINT('',#8018);
#8018 = CARTESIAN_POINT('',(68.,-4.5,3.));
#8019 = SURFACE_CURVE('',#8020,(#8024,#8031),.PCURVE_S1.);
#8020 = LINE('',#8021,#8022);
#8021 = CARTESIAN_POINT('',(88.,-4.5,3.));
#8022 = VECTOR('',#8023,1.);
#8023 = DIRECTION('',(-1.,0.,0.));
#8024 = PCURVE('',#7469,#8025);
#8025 = DEFINITIONAL_REPRESENTATION('',(#8026),#8030);
#8026 = LINE('',#8027,#8028);
#8027 = CARTESIAN_POINT('',(86.5,45.5));
#8028 = VECTOR('',#8029,1.);
#8029 = DIRECTION('',(-1.,0.));
#8030 = ( GEOMETRIC_REPRESENTATION_CONTEXT(2) 
PARAMETRIC_REPRESENTATION_CONTEXT() REPRESENTATION_CONTEXT('2D SPACE',''
  ) );
#8031 = PCURVE('',#7759,#8032);
#8032 = DEFINITIONAL_REPRESENTATION('',(#8033),#8037);
#8033 = LINE('',#8034,#8035);
#8034 = CARTESIAN_POINT('',(20.,-4.));
#8035 = VECTOR('',#8036,1.);
#8036 = DIRECTION('',(-1.,0.));
#8037 = ( GEOMETRIC_REPRESENTATION_CONTEXT(2) 
PARAMETRIC_REPRESENTATION_CONTEXT() REPRESENTATION_CONTEXT('2D SPACE',''
  ) );
#8038 = ORIENTED_EDGE('',*,*,#8039,.T.);
#8039 = EDGE_CURVE('',#8017,#8040,#8042,.T.);
#8040 = VERTEX_POINT('',#8041);
#8041 = CARTESIAN_POINT('',(68.,4.5,3.));
#8042 = SURFACE_CURVE('',#8043,(#8047,#8053),.PCURVE_S1.);
#8043 = LINE('',#8044,#8045);
#8044 = CARTESIAN_POINT('',(68.,-22.75,3.));
#8045 = VECTOR('',#8046,1.);
#8046 = DIRECTION('',(-0.,1.,0.));
#8047 = PCURVE('',#7469,#8048);
#8048 = DEFINITIONAL_REPRESENTATION('',(#8049),#8052);
#8049 = B_SPLINE_CURVE_WITH_KNOTS('',1,(#8050,#8051),.UNSPECIFIED.,.F.,
  .F.,(2,2),(18.25,27.25),.PIECEWISE_BEZIER_KNOTS.);
#8050 = CARTESIAN_POINT('',(66.5,45.5));
#8051 = CARTESIAN_POINT('',(66.5,54.5));
#8052 = ( GEOMETRIC_REPRESENTATION_CONTEXT(2) 
PARAMETRIC_REPRESENTATION_CONTEXT() REPRESENTATION_CONTEXT('2D SPACE',''
  ) );
#8053 = PCURVE('',#7786,#8054);
#8054 = DEFINITIONAL_REPRESENTATION('',(#8055),#8058);
#8055 = B_SPLINE_CURVE_WITH_KNOTS('',1,(#8056,#8057),.UNSPECIFIED.,.F.,
  .F.,(2,2),(18.25,27.25),.PIECEWISE_BEZIER_KNOTS.);
#8056 = CARTESIAN_POINT('',(9.,-4.));
#8057 = CARTESIAN_POINT('',(0.,-4.));
#8058 = ( GEOMETRIC_REPRESENTATION_CONTEXT(2) 
PARAMETRIC_REPRESENTATION_CONTEXT() REPRESENTATION_CONTEXT('2D SPACE',''
  ) );
#8059 = ORIENTED_EDGE('',*,*,#8060,.T.);
#8060 = EDGE_CURVE('',#8040,#8061,#8063,.T.);
#8061 = VERTEX_POINT('',#8062);
#8062 = CARTESIAN_POINT('',(88.,4.5,3.));
#8063 = SURFACE_CURVE('',#8064,(#8068,#8075),.PCURVE_S1.);
#8064 = LINE('',#8065,#8066);
#8065 = CARTESIAN_POINT('',(68.,4.5,3.));
#8066 = VECTOR('',#8067,1.);
#8067 = DIRECTION('',(1.,0.,0.));
#8068 = PCURVE('',#7469,#8069);
#8069 = DEFINITIONAL_REPRESENTATION('',(#8070),#8074);
#8070 = LINE('',#8071,#8072);
#8071 = CARTESIAN_POINT('',(66.5,54.5));
#8072 = VECTOR('',#8073,1.);
#8073 = DIRECTION('',(1.,0.));
#8074 = ( GEOMETRIC_REPRESENTATION_CONTEXT(2) 
PARAMETRIC_REPRESENTATION_CONTEXT() REPRESENTATION_CONTEXT('2D SPACE',''
  ) );
#8075 = PCURVE('',#7811,#8076);
#8076 = DEFINITIONAL_REPRESENTATION('',(#8077),#8081);
#8077 = LINE('',#8078,#8079);
#8078 = CARTESIAN_POINT('',(20.,-4.));
#8079 = VECTOR('',#8080,1.);
#8080 = DIRECTION('',(-1.,-0.));
#8081 = ( GEOMETRIC_REPRESENTATION_CONTEXT(2) 
PARAMETRIC_REPRESENTATION_CONTEXT() REPRESENTATION_CONTEXT('2D SPACE',''
  ) );
#8082 = ORIENTED_EDGE('',*,*,#8083,.T.);
#8083 = EDGE_CURVE('',#8061,#8015,#8084,.T.);
#8084 = SURFACE_CURVE('',#8085,(#8089,#8095),.PCURVE_S1.);
#8085 = LINE('',#8086,#8087);
#8086 = CARTESIAN_POINT('',(88.,-27.25,3.));
#8087 = VECTOR('',#8088,1.);
#8088 = DIRECTION('',(0.,-1.,0.));
#8089 = PCURVE('',#7469,#8090);
#8090 = DEFINITIONAL_REPRESENTATION('',(#8091),#8094);
#8091 = B_SPLINE_CURVE_WITH_KNOTS('',1,(#8092,#8093),.UNSPECIFIED.,.F.,
  .F.,(2,2),(-31.75,-22.75),.PIECEWISE_BEZIER_KNOTS.);
#8092 = CARTESIAN_POINT('',(86.5,54.5));
#8093 = CARTESIAN_POINT('',(86.5,45.5));
#8094 = ( GEOMETRIC_REPRESENTATION_CONTEXT(2) 
PARAMETRIC_REPRESENTATION_CONTEXT() REPRESENTATION_CONTEXT('2D SPACE',''
  ) );
#8095 = PCURVE('',#7732,#8096);
#8096 = DEFINITIONAL_REPRESENTATION('',(#8097),#8100);
#8097 = B_SPLINE_CURVE_WITH_KNOTS('',1,(#8098,#8099),.UNSPECIFIED.,.F.,
  .F.,(2,2),(-31.75,-22.75),.PIECEWISE_BEZIER_KNOTS.);
#8098 = CARTESIAN_POINT('',(9.,-4.));
#8099 = CARTESIAN_POINT('',(0.,-4.));
#8100 = ( GEOMETRIC_REPRESENTATION_CONTEXT(2) 
PARAMETRIC_REPRESENTATION_CONTEXT() REPRESENTATION_CONTEXT('2D SPACE',''
  ) );
#8101 = ADVANCED_FACE('',(#8102),#7495,.T.);
#8102 = FACE_BOUND('',#8103,.T.);
#8103 = EDGE_LOOP('',(#8104,#8105,#8106,#8107));
#8104 = ORIENTED_EDGE('',*,*,#7481,.F.);
#8105 = ORIENTED_EDGE('',*,*,#7656,.T.);
#8106 = ORIENTED_EDGE('',*,*,#7607,.T.);
#8107 = ORIENTED_EDGE('',*,*,#7960,.F.);
#8108 = ADVANCED_FACE('',(#8109),#7701,.F.);
#8109 = FACE_BOUND('',#8110,.T.);
#8110 = EDGE_LOOP('',(#8111,#8112,#8133,#8134));
#8111 = ORIENTED_EDGE('',*,*,#7680,.T.);
#8112 = ORIENTED_EDGE('',*,*,#8113,.T.);
#8113 = EDGE_CURVE('',#7681,#7985,#8114,.T.);
#8114 = SEAM_CURVE('',#8115,(#8119,#8126),.PCURVE_S1.);
#8115 = LINE('',#8116,#8117);
#8116 = CARTESIAN_POINT('',(32.5,0.,-1.));
#8117 = VECTOR('',#8118,1.);
#8118 = DIRECTION('',(0.,0.,1.));
#8119 = PCURVE('',#7701,#8120);
#8120 = DEFINITIONAL_REPRESENTATION('',(#8121),#8125);
#8121 = LINE('',#8122,#8123);
#8122 = CARTESIAN_POINT('',(-6.28318530718,0.));
#8123 = VECTOR('',#8124,1.);
#8124 = DIRECTION('',(-0.,-1.));
#8125 = ( GEOMETRIC_REPRESENTATION_CONTEXT(2) 
PARAMETRIC_REPRESENTATION_CONTEXT() REPRESENTATION_CONTEXT('2D SPACE',''
  ) );
#8126 = PCURVE('',#7701,#8127);
#8127 = DEFINITIONAL_REPRESENTATION('',(#8128),#8132);
#8128 = LINE('',#8129,#8130);
#8129 = CARTESIAN_POINT('',(-0.,0.));
#8130 = VECTOR('',#8131,1.);
#8131 = DIRECTION('',(-0.,-1.));
#8132 = ( GEOMETRIC_REPRESENTATION_CONTEXT(2) 
PARAMETRIC_REPRESENTATION_CONTEXT() REPRESENTATION_CONTEXT('2D SPACE',''
  ) );
#8133 = ORIENTED_EDGE('',*,*,#7984,.F.);
#8134 = ORIENTED_EDGE('',*,*,#8113,.F.);
#8135 = ADVANCED_FACE('',(#8136),#7759,.T.);
#8136 = FACE_BOUND('',#8137,.T.);
#8137 = EDGE_LOOP('',(#8138,#8139,#8160,#8161));
#8138 = ORIENTED_EDGE('',*,*,#7743,.F.);
#8139 = ORIENTED_EDGE('',*,*,#8140,.T.);
#8140 = EDGE_CURVE('',#7744,#8017,#8141,.T.);
#8141 = SURFACE_CURVE('',#8142,(#8146,#8153),.PCURVE_S1.);
#8142 = LINE('',#8143,#8144);
#8143 = CARTESIAN_POINT('',(68.,-4.5,-1.));
#8144 = VECTOR('',#8145,1.);
#8145 = DIRECTION('',(0.,0.,1.));
#8146 = PCURVE('',#7759,#8147);
#8147 = DEFINITIONAL_REPRESENTATION('',(#8148),#8152);
#8148 = LINE('',#8149,#8150);
#8149 = CARTESIAN_POINT('',(0.,0.));
#8150 = VECTOR('',#8151,1.);
#8151 = DIRECTION('',(0.,-1.));
#8152 = ( GEOMETRIC_REPRESENTATION_CONTEXT(2) 
PARAMETRIC_REPRESENTATION_CONTEXT() REPRESENTATION_CONTEXT('2D SPACE',''
  ) );
#8153 = PCURVE('',#7786,#8154);
#8154 = DEFINITIONAL_REPRESENTATION('',(#8155),#8159);
#8155 = LINE('',#8156,#8157);
#8156 = CARTESIAN_POINT('',(9.,0.));
#8157 = VECTOR('',#8158,1.);
#8158 = DIRECTION('',(0.,-1.));
#8159 = ( GEOMETRIC_REPRESENTATION_CONTEXT(2) 
PARAMETRIC_REPRESENTATION_CONTEXT() REPRESENTATION_CONTEXT('2D SPACE',''
  ) );
#8160 = ORIENTED_EDGE('',*,*,#8014,.F.);
#8161 = ORIENTED_EDGE('',*,*,#8162,.F.);
#8162 = EDGE_CURVE('',#7718,#8015,#8163,.T.);
#8163 = SURFACE_CURVE('',#8164,(#8168,#8175),.PCURVE_S1.);
#8164 = LINE('',#8165,#8166);
#8165 = CARTESIAN_POINT('',(88.,-4.5,-1.));
#8166 = VECTOR('',#8167,1.);
#8167 = DIRECTION('',(0.,0.,1.));
#8168 = PCURVE('',#7759,#8169);
#8169 = DEFINITIONAL_REPRESENTATION('',(#8170),#8174);
#8170 = LINE('',#8171,#8172);
#8171 = CARTESIAN_POINT('',(20.,0.));
#8172 = VECTOR('',#8173,1.);
#8173 = DIRECTION('',(0.,-1.));
#8174 = ( GEOMETRIC_REPRESENTATION_CONTEXT(2) 
PARAMETRIC_REPRESENTATION_CONTEXT() REPRESENTATION_CONTEXT('2D SPACE',''
  ) );
#8175 = PCURVE('',#7732,#8176);
#8176 = DEFINITIONAL_REPRESENTATION('',(#8177),#8181);
#8177 = LINE('',#8178,#8179);
#8178 = CARTESIAN_POINT('',(0.,0.));
#8179 = VECTOR('',#8180,1.);
#8180 = DIRECTION('',(0.,-1.));
#8181 = ( GEOMETRIC_REPRESENTATION_CONTEXT(2) 
PARAMETRIC_REPRESENTATION_CONTEXT() REPRESENTATION_CONTEXT('2D SPACE',''
  ) );
#8182 = ADVANCED_FACE('',(#8183),#7732,.T.);
#8183 = FACE_BOUND('',#8184,.T.);
#8184 = EDGE_LOOP('',(#8185,#8186,#8187,#8188));
#8185 = ORIENTED_EDGE('',*,*,#7715,.T.);
#8186 = ORIENTED_EDGE('',*,*,#8162,.T.);
#8187 = ORIENTED_EDGE('',*,*,#8083,.F.);
#8188 = ORIENTED_EDGE('',*,*,#8189,.F.);
#8189 = EDGE_CURVE('',#7716,#8061,#8190,.T.);
#8190 = SURFACE_CURVE('',#8191,(#8195,#8202),.PCURVE_S1.);
#8191 = LINE('',#8192,#8193);
#8192 = CARTESIAN_POINT('',(88.,4.5,-1.));
#8193 = VECTOR('',#8194,1.);
#8194 = DIRECTION('',(0.,0.,1.));
#8195 = PCURVE('',#7732,#8196);
#8196 = DEFINITIONAL_REPRESENTATION('',(#8197),#8201);
#8197 = LINE('',#8198,#8199);
#8198 = CARTESIAN_POINT('',(9.,0.));
#8199 = VECTOR('',#8200,1.);
#8200 = DIRECTION('',(0.,-1.));
#8201 = ( GEOMETRIC_REPRESENTATION_CONTEXT(2) 
PARAMETRIC_REPRESENTATION_CONTEXT() REPRESENTATION_CONTEXT('2D SPACE',''
  ) );
#8202 = PCURVE('',#7811,#8203);
#8203 = DEFINITIONAL_REPRESENTATION('',(#8204),#8208);
#8204 = LINE('',#8205,#8206);
#8205 = CARTESIAN_POINT('',(0.,-0.));
#8206 = VECTOR('',#8207,1.);
#8207 = DIRECTION('',(0.,-1.));
#8208 = ( GEOMETRIC_REPRESENTATION_CONTEXT(2) 
PARAMETRIC_REPRESENTATION_CONTEXT() REPRESENTATION_CONTEXT('2D SPACE',''
  ) );
#8209 = ADVANCED_FACE('',(#8210),#7811,.T.);
#8210 = FACE_BOUND('',#8211,.T.);
#8211 = EDGE_LOOP('',(#8212,#8213,#8214,#8215));
#8212 = ORIENTED_EDGE('',*,*,#7797,.F.);
#8213 = ORIENTED_EDGE('',*,*,#8189,.T.);
#8214 = ORIENTED_EDGE('',*,*,#8060,.F.);
#8215 = ORIENTED_EDGE('',*,*,#8216,.F.);
#8216 = EDGE_CURVE('',#7772,#8040,#8217,.T.);
#8217 = SURFACE_CURVE('',#8218,(#8222,#8229),.PCURVE_S1.);
#8218 = LINE('',#8219,#8220);
#8219 = CARTESIAN_POINT('',(68.,4.5,-1.));
#8220 = VECTOR('',#8221,1.);
#8221 = DIRECTION('',(0.,0.,1.));
#8222 = PCURVE('',#7811,#8223);
#8223 = DEFINITIONAL_REPRESENTATION('',(#8224),#8228);
#8224 = LINE('',#8225,#8226);
#8225 = CARTESIAN_POINT('',(20.,0.));
#8226 = VECTOR('',#8227,1.);
#8227 = DIRECTION('',(0.,-1.));
#8228 = ( GEOMETRIC_REPRESENTATION_CONTEXT(2) 
PARAMETRIC_REPRESENTATION_CONTEXT() REPRESENTATION_CONTEXT('2D SPACE',''
  ) );
#8229 = PCURVE('',#7786,#8230);
#8230 = DEFINITIONAL_REPRESENTATION('',(#8231),#8235);
#8231 = LINE('',#8232,#8233);
#8232 = CARTESIAN_POINT('',(0.,0.));
#8233 = VECTOR('',#8234,1.);
#8234 = DIRECTION('',(0.,-1.));
#8235 = ( GEOMETRIC_REPRESENTATION_CONTEXT(2) 
PARAMETRIC_REPRESENTATION_CONTEXT() REPRESENTATION_CONTEXT('2D SPACE',''
  ) );
#8236 = ADVANCED_FACE('',(#8237),#7786,.T.);
#8237 = FACE_BOUND('',#8238,.T.);
#8238 = EDGE_LOOP('',(#8239,#8240,#8241,#8242));
#8239 = ORIENTED_EDGE('',*,*,#7771,.T.);
#8240 = ORIENTED_EDGE('',*,*,#8216,.T.);
#8241 = ORIENTED_EDGE('',*,*,#8039,.F.);
#8242 = ORIENTED_EDGE('',*,*,#8140,.F.);
#8243 = ADVANCED_FACE('',(#8244),#7873,.F.);
#8244 = FACE_BOUND('',#8245,.T.);
#8245 = EDGE_LOOP('',(#8246,#8275,#8296,#8297));
#8246 = ORIENTED_EDGE('',*,*,#8247,.F.);
#8247 = EDGE_CURVE('',#8248,#8248,#8250,.T.);
#8248 = VERTEX_POINT('',#8249);
#8249 = CARTESIAN_POINT('',(-1.,34.5,25.));
#8250 = SURFACE_CURVE('',#8251,(#8256,#8263),.PCURVE_S1.);
#8251 = CIRCLE('',#8252,4.5);
#8252 = AXIS2_PLACEMENT_3D('',#8253,#8254,#8255);
#8253 = CARTESIAN_POINT('',(-1.,30.,25.));
#8254 = DIRECTION('',(1.,0.,0.));
#8255 = DIRECTION('',(0.,1.,0.));
#8256 = PCURVE('',#7873,#8257);
#8257 = DEFINITIONAL_REPRESENTATION('',(#8258),#8262);
#8258 = LINE('',#8259,#8260);
#8259 = CARTESIAN_POINT('',(-0.,0.));
#8260 = VECTOR('',#8261,1.);
#8261 = DIRECTION('',(-1.,0.));
#8262 = ( GEOMETRIC_REPRESENTATION_CONTEXT(2) 
PARAMETRIC_REPRESENTATION_CONTEXT() REPRESENTATION_CONTEXT('2D SPACE',''
  ) );
#8263 = PCURVE('',#8264,#8269);
#8264 = PLANE('',#8265);
#8265 = AXIS2_PLACEMENT_3D('',#8266,#8267,#8268);
#8266 = CARTESIAN_POINT('',(-1.,30.,25.));
#8267 = DIRECTION('',(1.,0.,0.));
#8268 = DIRECTION('',(-0.,0.,1.));
#8269 = DEFINITIONAL_REPRESENTATION('',(#8270),#8274);
#8270 = CIRCLE('',#8271,4.5);
#8271 = AXIS2_PLACEMENT_2D('',#8272,#8273);
#8272 = CARTESIAN_POINT('',(-3.552713678801E-15,3.552713678801E-15));
#8273 = DIRECTION('',(0.,-1.));
#8274 = ( GEOMETRIC_REPRESENTATION_CONTEXT(2) 
PARAMETRIC_REPRESENTATION_CONTEXT() REPRESENTATION_CONTEXT('2D SPACE',''
  ) );
#8275 = ORIENTED_EDGE('',*,*,#8276,.T.);
#8276 = EDGE_CURVE('',#8248,#7853,#8277,.T.);
#8277 = SEAM_CURVE('',#8278,(#8282,#8289),.PCURVE_S1.);
#8278 = LINE('',#8279,#8280);
#8279 = CARTESIAN_POINT('',(-1.,34.5,25.));
#8280 = VECTOR('',#8281,1.);
#8281 = DIRECTION('',(1.,0.,0.));
#8282 = PCURVE('',#7873,#8283);
#8283 = DEFINITIONAL_REPRESENTATION('',(#8284),#8288);
#8284 = LINE('',#8285,#8286);
#8285 = CARTESIAN_POINT('',(-6.28318530718,0.));
#8286 = VECTOR('',#8287,1.);
#8287 = DIRECTION('',(-0.,-1.));
#8288 = ( GEOMETRIC_REPRESENTATION_CONTEXT(2) 
PARAMETRIC_REPRESENTATION_CONTEXT() REPRESENTATION_CONTEXT('2D SPACE',''
  ) );
#8289 = PCURVE('',#7873,#8290);
#8290 = DEFINITIONAL_REPRESENTATION('',(#8291),#8295);
#8291 = LINE('',#8292,#8293);
#8292 = CARTESIAN_POINT('',(-0.,0.));
#8293 = VECTOR('',#8294,1.);
#8294 = DIRECTION('',(-0.,-1.));
#8295 = ( GEOMETRIC_REPRESENTATION_CONTEXT(2) 
PARAMETRIC_REPRESENTATION_CONTEXT() REPRESENTATION_CONTEXT('2D SPACE',''
  ) );
#8296 = ORIENTED_EDGE('',*,*,#7852,.F.);
#8297 = ORIENTED_EDGE('',*,*,#8276,.F.);
#8298 = ADVANCED_FACE('',(#8299),#7908,.F.);
#8299 = FACE_BOUND('',#8300,.T.);
#8300 = EDGE_LOOP('',(#8301,#8330,#8351,#8352));
#8301 = ORIENTED_EDGE('',*,*,#8302,.F.);
#8302 = EDGE_CURVE('',#8303,#8303,#8305,.T.);
#8303 = VERTEX_POINT('',#8304);
#8304 = CARTESIAN_POINT('',(-1.,4.5,25.));
#8305 = SURFACE_CURVE('',#8306,(#8311,#8318),.PCURVE_S1.);
#8306 = CIRCLE('',#8307,4.5);
#8307 = AXIS2_PLACEMENT_3D('',#8308,#8309,#8310);
#8308 = CARTESIAN_POINT('',(-1.,0.,25.));
#8309 = DIRECTION('',(1.,0.,0.));
#8310 = DIRECTION('',(0.,1.,0.));
#8311 = PCURVE('',#7908,#8312);
#8312 = DEFINITIONAL_REPRESENTATION('',(#8313),#8317);
#8313 = LINE('',#8314,#8315);
#8314 = CARTESIAN_POINT('',(-0.,0.));
#8315 = VECTOR('',#8316,1.);
#8316 = DIRECTION('',(-1.,0.));
#8317 = ( GEOMETRIC_REPRESENTATION_CONTEXT(2) 
PARAMETRIC_REPRESENTATION_CONTEXT() REPRESENTATION_CONTEXT('2D SPACE',''
  ) );
#8318 = PCURVE('',#8319,#8324);
#8319 = PLANE('',#8320);
#8320 = AXIS2_PLACEMENT_3D('',#8321,#8322,#8323);
#8321 = CARTESIAN_POINT('',(-1.,-3.038755850088E-16,25.));
#8322 = DIRECTION('',(1.,0.,0.));
#8323 = DIRECTION('',(-0.,0.,1.));
#8324 = DEFINITIONAL_REPRESENTATION('',(#8325),#8329);
#8325 = CIRCLE('',#8326,4.5);
#8326 = AXIS2_PLACEMENT_2D('',#8327,#8328);
#8327 = CARTESIAN_POINT('',(3.552713678801E-15,-3.038755850088E-16));
#8328 = DIRECTION('',(0.,-1.));
#8329 = ( GEOMETRIC_REPRESENTATION_CONTEXT(2) 
PARAMETRIC_REPRESENTATION_CONTEXT() REPRESENTATION_CONTEXT('2D SPACE',''
  ) );
#8330 = ORIENTED_EDGE('',*,*,#8331,.T.);
#8331 = EDGE_CURVE('',#8303,#7888,#8332,.T.);
#8332 = SEAM_CURVE('',#8333,(#8337,#8344),.PCURVE_S1.);
#8333 = LINE('',#8334,#8335);
#8334 = CARTESIAN_POINT('',(-1.,4.5,25.));
#8335 = VECTOR('',#8336,1.);
#8336 = DIRECTION('',(1.,0.,0.));
#8337 = PCURVE('',#7908,#8338);
#8338 = DEFINITIONAL_REPRESENTATION('',(#8339),#8343);
#8339 = LINE('',#8340,#8341);
#8340 = CARTESIAN_POINT('',(-6.28318530718,0.));
#8341 = VECTOR('',#8342,1.);
#8342 = DIRECTION('',(-0.,-1.));
#8343 = ( GEOMETRIC_REPRESENTATION_CONTEXT(2) 
PARAMETRIC_REPRESENTATION_CONTEXT() REPRESENTATION_CONTEXT('2D SPACE',''
  ) );
#8344 = PCURVE('',#7908,#8345);
#8345 = DEFINITIONAL_REPRESENTATION('',(#8346),#8350);
#8346 = LINE('',#8347,#8348);
#8347 = CARTESIAN_POINT('',(-0.,0.));
#8348 = VECTOR('',#8349,1.);
#8349 = DIRECTION('',(-0.,-1.));
#8350 = ( GEOMETRIC_REPRESENTATION_CONTEXT(2) 
PARAMETRIC_REPRESENTATION_CONTEXT() REPRESENTATION_CONTEXT('2D SPACE',''
  ) );
#8351 = ORIENTED_EDGE('',*,*,#7887,.F.);
#8352 = ORIENTED_EDGE('',*,*,#8331,.F.);
#8353 = ADVANCED_FACE('',(#8354),#7943,.F.);
#8354 = FACE_BOUND('',#8355,.T.);
#8355 = EDGE_LOOP('',(#8356,#8385,#8406,#8407));
#8356 = ORIENTED_EDGE('',*,*,#8357,.F.);
#8357 = EDGE_CURVE('',#8358,#8358,#8360,.T.);
#8358 = VERTEX_POINT('',#8359);
#8359 = CARTESIAN_POINT('',(-1.,-25.5,25.));
#8360 = SURFACE_CURVE('',#8361,(#8366,#8373),.PCURVE_S1.);
#8361 = CIRCLE('',#8362,4.5);
#8362 = AXIS2_PLACEMENT_3D('',#8363,#8364,#8365);
#8363 = CARTESIAN_POINT('',(-1.,-30.,25.));
#8364 = DIRECTION('',(1.,0.,0.));
#8365 = DIRECTION('',(0.,1.,0.));
#8366 = PCURVE('',#7943,#8367);
#8367 = DEFINITIONAL_REPRESENTATION('',(#8368),#8372);
#8368 = LINE('',#8369,#8370);
#8369 = CARTESIAN_POINT('',(-0.,0.));
#8370 = VECTOR('',#8371,1.);
#8371 = DIRECTION('',(-1.,0.));
#8372 = ( GEOMETRIC_REPRESENTATION_CONTEXT(2) 
PARAMETRIC_REPRESENTATION_CONTEXT() REPRESENTATION_CONTEXT('2D SPACE',''
  ) );
#8373 = PCURVE('',#8374,#8379);
#8374 = PLANE('',#8375);
#8375 = AXIS2_PLACEMENT_3D('',#8376,#8377,#8378);
#8376 = CARTESIAN_POINT('',(-1.,-30.,25.));
#8377 = DIRECTION('',(1.,0.,0.));
#8378 = DIRECTION('',(-0.,0.,1.));
#8379 = DEFINITIONAL_REPRESENTATION('',(#8380),#8384);
#8380 = CIRCLE('',#8381,4.5);
#8381 = AXIS2_PLACEMENT_2D('',#8382,#8383);
#8382 = CARTESIAN_POINT('',(-3.552713678801E-15,0.));
#8383 = DIRECTION('',(0.,-1.));
#8384 = ( GEOMETRIC_REPRESENTATION_CONTEXT(2) 
PARAMETRIC_REPRESENTATION_CONTEXT() REPRESENTATION_CONTEXT('2D SPACE',''
  ) );
#8385 = ORIENTED_EDGE('',*,*,#8386,.T.);
#8386 = EDGE_CURVE('',#8358,#7923,#8387,.T.);
#8387 = SEAM_CURVE('',#8388,(#8392,#8399),.PCURVE_S1.);
#8388 = LINE('',#8389,#8390);
#8389 = CARTESIAN_POINT('',(-1.,-25.5,25.));
#8390 = VECTOR('',#8391,1.);
#8391 = DIRECTION('',(1.,0.,0.));
#8392 = PCURVE('',#7943,#8393);
#8393 = DEFINITIONAL_REPRESENTATION('',(#8394),#8398);
#8394 = LINE('',#8395,#8396);
#8395 = CARTESIAN_POINT('',(-6.28318530718,0.));
#8396 = VECTOR('',#8397,1.);
#8397 = DIRECTION('',(-0.,-1.));
#8398 = ( GEOMETRIC_REPRESENTATION_CONTEXT(2) 
PARAMETRIC_REPRESENTATION_CONTEXT() REPRESENTATION_CONTEXT('2D SPACE',''
  ) );
#8399 = PCURVE('',#7943,#8400);
#8400 = DEFINITIONAL_REPRESENTATION('',(#8401),#8405);
#8401 = LINE('',#8402,#8403);
#8402 = CARTESIAN_POINT('',(-0.,0.));
#8403 = VECTOR('',#8404,1.);
#8404 = DIRECTION('',(-0.,-1.));
#8405 = ( GEOMETRIC_REPRESENTATION_CONTEXT(2) 
PARAMETRIC_REPRESENTATION_CONTEXT() REPRESENTATION_CONTEXT('2D SPACE',''
  ) );
#8406 = ORIENTED_EDGE('',*,*,#7922,.F.);
#8407 = ORIENTED_EDGE('',*,*,#8386,.F.);
#8408 = ADVANCED_FACE('',(#8409),#8264,.T.);
#8409 = FACE_BOUND('',#8410,.T.);
#8410 = EDGE_LOOP('',(#8411));
#8411 = ORIENTED_EDGE('',*,*,#8247,.T.);
#8412 = ADVANCED_FACE('',(#8413),#8319,.T.);
#8413 = FACE_BOUND('',#8414,.T.);
#8414 = EDGE_LOOP('',(#8415));
#8415 = ORIENTED_EDGE('',*,*,#8302,.T.);
#8416 = ADVANCED_FACE('',(#8417),#8374,.T.);
#8417 = FACE_BOUND('',#8418,.T.);
#8418 = EDGE_LOOP('',(#8419));
#8419 = ORIENTED_EDGE('',*,*,#8357,.T.);
#8420 = ( GEOMETRIC_REPRESENTATION_CONTEXT(3) 
GLOBAL_UNCERTAINTY_ASSIGNED_CONTEXT((#8424)) 
GLOBAL_UNIT_ASSIGNED_CONTEXT((#8421,#8422,#8423)) REPRESENTATION_CONTEXT
('Context #1','3D Context with UNIT and UNCERTAINTY') );
#8421 = ( LENGTH_UNIT() NAMED_UNIT(*) SI_UNIT(.MILLI.,.METRE.) );
#8422 = ( NAMED_UNIT(*) PLANE_ANGLE_UNIT() SI_UNIT($,.RADIAN.) );
#8423 = ( NAMED_UNIT(*) SI_UNIT($,.STERADIAN.) SOLID_ANGLE_UNIT() );
#8424 = UNCERTAINTY_MEASURE_WITH_UNIT(LENGTH_MEASURE(1.E-07),#8421,
  'distance_accuracy_value','confusion accuracy');
#8425 = CONTEXT_DEPENDENT_SHAPE_REPRESENTATION(#8426,#8428);
#8426 = ( REPRESENTATION_RELATIONSHIP('','',#7251,#10) 
REPRESENTATION_RELATIONSHIP_WITH_TRANSFORMATION(#8427) 
SHAPE_REPRESENTATION_RELATIONSHIP() );
#8427 = ITEM_DEFINED_TRANSFORMATION('','',#11,#67);
#8428 = PRODUCT_DEFINITION_SHAPE('Placement','Placement of an item',
  #8429);
#8429 = NEXT_ASSEMBLY_USAGE_OCCURRENCE('25','','',#5,#7246,$);
#8430 = PRODUCT_RELATED_PRODUCT_CATEGORY('part',$,(#7248));
#8431 = SHAPE_DEFINITION_REPRESENTATION(#8432,#8438);
#8432 = PRODUCT_DEFINITION_SHAPE('','',#8433);
#8433 = PRODUCT_DEFINITION('design','',#8434,#8437);
#8434 = PRODUCT_DEFINITION_FORMATION('','',#8435);
#8435 = PRODUCT('Open CASCADE STEP translator 7.8 12.15',
  'Open CASCADE STEP translator 7.8 12.15','',(#8436));
#8436 = PRODUCT_CONTEXT('',#2,'mechanical');
#8437 = PRODUCT_DEFINITION_CONTEXT('part definition',#2,'design');
#8438 = ADVANCED_BREP_SHAPE_REPRESENTATION('',(#11,#8439),#9607);
#8439 = MANIFOLD_SOLID_BREP('',#8440);
#8440 = CLOSED_SHELL('',(#8441,#8561,#8693,#8742,#8837,#9009,#9141,#9288
    ,#9295,#9322,#9369,#9396,#9423,#9430,#9485,#9540,#9595,#9599,#9603)
  );
#8441 = ADVANCED_FACE('',(#8442),#8456,.F.);
#8442 = FACE_BOUND('',#8443,.F.);
#8443 = EDGE_LOOP('',(#8444,#8479,#8507,#8535));
#8444 = ORIENTED_EDGE('',*,*,#8445,.F.);
#8445 = EDGE_CURVE('',#8446,#8448,#8450,.T.);
#8446 = VERTEX_POINT('',#8447);
#8447 = CARTESIAN_POINT('',(-1.5,-50.,0.));
#8448 = VERTEX_POINT('',#8449);
#8449 = CARTESIAN_POINT('',(-1.5,-50.,50.));
#8450 = SURFACE_CURVE('',#8451,(#8455,#8467),.PCURVE_S1.);
#8451 = LINE('',#8452,#8453);
#8452 = CARTESIAN_POINT('',(-1.5,-50.,0.));
#8453 = VECTOR('',#8454,1.);
#8454 = DIRECTION('',(0.,0.,1.));
#8455 = PCURVE('',#8456,#8461);
#8456 = PLANE('',#8457);
#8457 = AXIS2_PLACEMENT_3D('',#8458,#8459,#8460);
#8458 = CARTESIAN_POINT('',(-1.5,-50.,0.));
#8459 = DIRECTION('',(1.,0.,0.));
#8460 = DIRECTION('',(0.,0.,1.));
#8461 = DEFINITIONAL_REPRESENTATION('',(#8462),#8466);
#8462 = LINE('',#8463,#8464);
#8463 = CARTESIAN_POINT('',(0.,0.));
#8464 = VECTOR('',#8465,1.);
#8465 = DIRECTION('',(1.,0.));
#8466 = ( GEOMETRIC_REPRESENTATION_CONTEXT(2) 
PARAMETRIC_REPRESENTATION_CONTEXT() REPRESENTATION_CONTEXT('2D SPACE',''
  ) );
#8467 = PCURVE('',#8468,#8473);
#8468 = PLANE('',#8469);
#8469 = AXIS2_PLACEMENT_3D('',#8470,#8471,#8472);
#8470 = CARTESIAN_POINT('',(-1.5,-50.,0.));
#8471 = DIRECTION('',(0.,1.,0.));
#8472 = DIRECTION('',(0.,0.,1.));
#8473 = DEFINITIONAL_REPRESENTATION('',(#8474),#8478);
#8474 = LINE('',#8475,#8476);
#8475 = CARTESIAN_POINT('',(0.,0.));
#8476 = VECTOR('',#8477,1.);
#8477 = DIRECTION('',(1.,0.));
#8478 = ( GEOMETRIC_REPRESENTATION_CONTEXT(2) 
PARAMETRIC_REPRESENTATION_CONTEXT() REPRESENTATION_CONTEXT('2D SPACE',''
  ) );
#8479 = ORIENTED_EDGE('',*,*,#8480,.T.);
#8480 = EDGE_CURVE('',#8446,#8481,#8483,.T.);
#8481 = VERTEX_POINT('',#8482);
#8482 = CARTESIAN_POINT('',(-1.5,50.,0.));
#8483 = SURFACE_CURVE('',#8484,(#8488,#8495),.PCURVE_S1.);
#8484 = LINE('',#8485,#8486);
#8485 = CARTESIAN_POINT('',(-1.5,-50.,0.));
#8486 = VECTOR('',#8487,1.);
#8487 = DIRECTION('',(0.,1.,0.));
#8488 = PCURVE('',#8456,#8489);
#8489 = DEFINITIONAL_REPRESENTATION('',(#8490),#8494);
#8490 = LINE('',#8491,#8492);
#8491 = CARTESIAN_POINT('',(0.,0.));
#8492 = VECTOR('',#8493,1.);
#8493 = DIRECTION('',(0.,-1.));
#8494 = ( GEOMETRIC_REPRESENTATION_CONTEXT(2) 
PARAMETRIC_REPRESENTATION_CONTEXT() REPRESENTATION_CONTEXT('2D SPACE',''
  ) );
#8495 = PCURVE('',#8496,#8501);
#8496 = PLANE('',#8497);
#8497 = AXIS2_PLACEMENT_3D('',#8498,#8499,#8500);
#8498 = CARTESIAN_POINT('',(-1.5,-50.,0.));
#8499 = DIRECTION('',(0.,0.,1.));
#8500 = DIRECTION('',(1.,0.,0.));
#8501 = DEFINITIONAL_REPRESENTATION('',(#8502),#8506);
#8502 = LINE('',#8503,#8504);
#8503 = CARTESIAN_POINT('',(0.,0.));
#8504 = VECTOR('',#8505,1.);
#8505 = DIRECTION('',(0.,1.));
#8506 = ( GEOMETRIC_REPRESENTATION_CONTEXT(2) 
PARAMETRIC_REPRESENTATION_CONTEXT() REPRESENTATION_CONTEXT('2D SPACE',''
  ) );
#8507 = ORIENTED_EDGE('',*,*,#8508,.T.);
#8508 = EDGE_CURVE('',#8481,#8509,#8511,.T.);
#8509 = VERTEX_POINT('',#8510);
#8510 = CARTESIAN_POINT('',(-1.5,50.,50.));
#8511 = SURFACE_CURVE('',#8512,(#8516,#8523),.PCURVE_S1.);
#8512 = LINE('',#8513,#8514);
#8513 = CARTESIAN_POINT('',(-1.5,50.,0.));
#8514 = VECTOR('',#8515,1.);
#8515 = DIRECTION('',(0.,0.,1.));
#8516 = PCURVE('',#8456,#8517);
#8517 = DEFINITIONAL_REPRESENTATION('',(#8518),#8522);
#8518 = LINE('',#8519,#8520);
#8519 = CARTESIAN_POINT('',(0.,-100.));
#8520 = VECTOR('',#8521,1.);
#8521 = DIRECTION('',(1.,0.));
#8522 = ( GEOMETRIC_REPRESENTATION_CONTEXT(2) 
PARAMETRIC_REPRESENTATION_CONTEXT() REPRESENTATION_CONTEXT('2D SPACE',''
  ) );
#8523 = PCURVE('',#8524,#8529);
#8524 = PLANE('',#8525);
#8525 = AXIS2_PLACEMENT_3D('',#8526,#8527,#8528);
#8526 = CARTESIAN_POINT('',(-1.5,50.,0.));
#8527 = DIRECTION('',(0.,1.,0.));
#8528 = DIRECTION('',(0.,0.,1.));
#8529 = DEFINITIONAL_REPRESENTATION('',(#8530),#8534);
#8530 = LINE('',#8531,#8532);
#8531 = CARTESIAN_POINT('',(0.,0.));
#8532 = VECTOR('',#8533,1.);
#8533 = DIRECTION('',(1.,0.));
#8534 = ( GEOMETRIC_REPRESENTATION_CONTEXT(2) 
PARAMETRIC_REPRESENTATION_CONTEXT() REPRESENTATION_CONTEXT('2D SPACE',''
  ) );
#8535 = ORIENTED_EDGE('',*,*,#8536,.F.);
#8536 = EDGE_CURVE('',#8448,#8509,#8537,.T.);
#8537 = SURFACE_CURVE('',#8538,(#8542,#8549),.PCURVE_S1.);
#8538 = LINE('',#8539,#8540);
#8539 = CARTESIAN_POINT('',(-1.5,-50.,50.));
#8540 = VECTOR('',#8541,1.);
#8541 = DIRECTION('',(0.,1.,0.));
#8542 = PCURVE('',#8456,#8543);
#8543 = DEFINITIONAL_REPRESENTATION('',(#8544),#8548);
#8544 = LINE('',#8545,#8546);
#8545 = CARTESIAN_POINT('',(50.,0.));
#8546 = VECTOR('',#8547,1.);
#8547 = DIRECTION('',(0.,-1.));
#8548 = ( GEOMETRIC_REPRESENTATION_CONTEXT(2) 
PARAMETRIC_REPRESENTATION_CONTEXT() REPRESENTATION_CONTEXT('2D SPACE',''
  ) );
#8549 = PCURVE('',#8550,#8555);
#8550 = PLANE('',#8551);
#8551 = AXIS2_PLACEMENT_3D('',#8552,#8553,#8554);
#8552 = CARTESIAN_POINT('',(-1.5,-50.,50.));
#8553 = DIRECTION('',(0.,0.,1.));
#8554 = DIRECTION('',(1.,0.,0.));
#8555 = DEFINITIONAL_REPRESENTATION('',(#8556),#8560);
#8556 = LINE('',#8557,#8558);
#8557 = CARTESIAN_POINT('',(0.,0.));
#8558 = VECTOR('',#8559,1.);
#8559 = DIRECTION('',(0.,1.));
#8560 = ( GEOMETRIC_REPRESENTATION_CONTEXT(2) 
PARAMETRIC_REPRESENTATION_CONTEXT() REPRESENTATION_CONTEXT('2D SPACE',''
  ) );
#8561 = ADVANCED_FACE('',(#8562),#8468,.F.);
#8562 = FACE_BOUND('',#8563,.F.);
#8563 = EDGE_LOOP('',(#8564,#8587,#8588,#8611,#8639,#8667));
#8564 = ORIENTED_EDGE('',*,*,#8565,.F.);
#8565 = EDGE_CURVE('',#8446,#8566,#8568,.T.);
#8566 = VERTEX_POINT('',#8567);
#8567 = CARTESIAN_POINT('',(101.5,-50.,0.));
#8568 = SURFACE_CURVE('',#8569,(#8573,#8580),.PCURVE_S1.);
#8569 = LINE('',#8570,#8571);
#8570 = CARTESIAN_POINT('',(-1.5,-50.,0.));
#8571 = VECTOR('',#8572,1.);
#8572 = DIRECTION('',(1.,0.,0.));
#8573 = PCURVE('',#8468,#8574);
#8574 = DEFINITIONAL_REPRESENTATION('',(#8575),#8579);
#8575 = LINE('',#8576,#8577);
#8576 = CARTESIAN_POINT('',(0.,0.));
#8577 = VECTOR('',#8578,1.);
#8578 = DIRECTION('',(0.,1.));
#8579 = ( GEOMETRIC_REPRESENTATION_CONTEXT(2) 
PARAMETRIC_REPRESENTATION_CONTEXT() REPRESENTATION_CONTEXT('2D SPACE',''
  ) );
#8580 = PCURVE('',#8496,#8581);
#8581 = DEFINITIONAL_REPRESENTATION('',(#8582),#8586);
#8582 = LINE('',#8583,#8584);
#8583 = CARTESIAN_POINT('',(0.,0.));
#8584 = VECTOR('',#8585,1.);
#8585 = DIRECTION('',(1.,0.));
#8586 = ( GEOMETRIC_REPRESENTATION_CONTEXT(2) 
PARAMETRIC_REPRESENTATION_CONTEXT() REPRESENTATION_CONTEXT('2D SPACE',''
  ) );
#8587 = ORIENTED_EDGE('',*,*,#8445,.T.);
#8588 = ORIENTED_EDGE('',*,*,#8589,.T.);
#8589 = EDGE_CURVE('',#8448,#8590,#8592,.T.);
#8590 = VERTEX_POINT('',#8591);
#8591 = CARTESIAN_POINT('',(1.5,-50.,50.));
#8592 = SURFACE_CURVE('',#8593,(#8597,#8604),.PCURVE_S1.);
#8593 = LINE('',#8594,#8595);
#8594 = CARTESIAN_POINT('',(-1.5,-50.,50.));
#8595 = VECTOR('',#8596,1.);
#8596 = DIRECTION('',(1.,0.,0.));
#8597 = PCURVE('',#8468,#8598);
#8598 = DEFINITIONAL_REPRESENTATION('',(#8599),#8603);
#8599 = LINE('',#8600,#8601);
#8600 = CARTESIAN_POINT('',(50.,0.));
#8601 = VECTOR('',#8602,1.);
#8602 = DIRECTION('',(0.,1.));
#8603 = ( GEOMETRIC_REPRESENTATION_CONTEXT(2) 
PARAMETRIC_REPRESENTATION_CONTEXT() REPRESENTATION_CONTEXT('2D SPACE',''
  ) );
#8604 = PCURVE('',#8550,#8605);
#8605 = DEFINITIONAL_REPRESENTATION('',(#8606),#8610);
#8606 = LINE('',#8607,#8608);
#8607 = CARTESIAN_POINT('',(0.,0.));
#8608 = VECTOR('',#8609,1.);
#8609 = DIRECTION('',(1.,0.));
#8610 = ( GEOMETRIC_REPRESENTATION_CONTEXT(2) 
PARAMETRIC_REPRESENTATION_CONTEXT() REPRESENTATION_CONTEXT('2D SPACE',''
  ) );
#8611 = ORIENTED_EDGE('',*,*,#8612,.F.);
#8612 = EDGE_CURVE('',#8613,#8590,#8615,.T.);
#8613 = VERTEX_POINT('',#8614);
#8614 = CARTESIAN_POINT('',(1.5,-50.,3.));
#8615 = SURFACE_CURVE('',#8616,(#8620,#8627),.PCURVE_S1.);
#8616 = LINE('',#8617,#8618);
#8617 = CARTESIAN_POINT('',(1.5,-50.,0.));
#8618 = VECTOR('',#8619,1.);
#8619 = DIRECTION('',(0.,0.,1.));
#8620 = PCURVE('',#8468,#8621);
#8621 = DEFINITIONAL_REPRESENTATION('',(#8622),#8626);
#8622 = LINE('',#8623,#8624);
#8623 = CARTESIAN_POINT('',(0.,3.));
#8624 = VECTOR('',#8625,1.);
#8625 = DIRECTION('',(1.,0.));
#8626 = ( GEOMETRIC_REPRESENTATION_CONTEXT(2) 
PARAMETRIC_REPRESENTATION_CONTEXT() REPRESENTATION_CONTEXT('2D SPACE',''
  ) );
#8627 = PCURVE('',#8628,#8633);
#8628 = PLANE('',#8629);
#8629 = AXIS2_PLACEMENT_3D('',#8630,#8631,#8632);
#8630 = CARTESIAN_POINT('',(1.5,-50.,0.));
#8631 = DIRECTION('',(1.,0.,0.));
#8632 = DIRECTION('',(0.,0.,1.));
#8633 = DEFINITIONAL_REPRESENTATION('',(#8634),#8638);
#8634 = LINE('',#8635,#8636);
#8635 = CARTESIAN_POINT('',(0.,0.));
#8636 = VECTOR('',#8637,1.);
#8637 = DIRECTION('',(1.,0.));
#8638 = ( GEOMETRIC_REPRESENTATION_CONTEXT(2) 
PARAMETRIC_REPRESENTATION_CONTEXT() REPRESENTATION_CONTEXT('2D SPACE',''
  ) );
#8639 = ORIENTED_EDGE('',*,*,#8640,.T.);
#8640 = EDGE_CURVE('',#8613,#8641,#8643,.T.);
#8641 = VERTEX_POINT('',#8642);
#8642 = CARTESIAN_POINT('',(101.5,-50.,3.));
#8643 = SURFACE_CURVE('',#8644,(#8648,#8655),.PCURVE_S1.);
#8644 = LINE('',#8645,#8646);
#8645 = CARTESIAN_POINT('',(1.5,-50.,3.));
#8646 = VECTOR('',#8647,1.);
#8647 = DIRECTION('',(1.,0.,0.));
#8648 = PCURVE('',#8468,#8649);
#8649 = DEFINITIONAL_REPRESENTATION('',(#8650),#8654);
#8650 = LINE('',#8651,#8652);
#8651 = CARTESIAN_POINT('',(3.,3.));
#8652 = VECTOR('',#8653,1.);
#8653 = DIRECTION('',(0.,1.));
#8654 = ( GEOMETRIC_REPRESENTATION_CONTEXT(2) 
PARAMETRIC_REPRESENTATION_CONTEXT() REPRESENTATION_CONTEXT('2D SPACE',''
  ) );
#8655 = PCURVE('',#8656,#8661);
#8656 = PLANE('',#8657);
#8657 = AXIS2_PLACEMENT_3D('',#8658,#8659,#8660);
#8658 = CARTESIAN_POINT('',(1.5,-50.,3.));
#8659 = DIRECTION('',(0.,0.,1.));
#8660 = DIRECTION('',(1.,0.,0.));
#8661 = DEFINITIONAL_REPRESENTATION('',(#8662),#8666);
#8662 = LINE('',#8663,#8664);
#8663 = CARTESIAN_POINT('',(0.,0.));
#8664 = VECTOR('',#8665,1.);
#8665 = DIRECTION('',(1.,0.));
#8666 = ( GEOMETRIC_REPRESENTATION_CONTEXT(2) 
PARAMETRIC_REPRESENTATION_CONTEXT() REPRESENTATION_CONTEXT('2D SPACE',''
  ) );
#8667 = ORIENTED_EDGE('',*,*,#8668,.F.);
#8668 = EDGE_CURVE('',#8566,#8641,#8669,.T.);
#8669 = SURFACE_CURVE('',#8670,(#8674,#8681),.PCURVE_S1.);
#8670 = LINE('',#8671,#8672);
#8671 = CARTESIAN_POINT('',(101.5,-50.,0.));
#8672 = VECTOR('',#8673,1.);
#8673 = DIRECTION('',(0.,0.,1.));
#8674 = PCURVE('',#8468,#8675);
#8675 = DEFINITIONAL_REPRESENTATION('',(#8676),#8680);
#8676 = LINE('',#8677,#8678);
#8677 = CARTESIAN_POINT('',(0.,103.));
#8678 = VECTOR('',#8679,1.);
#8679 = DIRECTION('',(1.,0.));
#8680 = ( GEOMETRIC_REPRESENTATION_CONTEXT(2) 
PARAMETRIC_REPRESENTATION_CONTEXT() REPRESENTATION_CONTEXT('2D SPACE',''
  ) );
#8681 = PCURVE('',#8682,#8687);
#8682 = PLANE('',#8683);
#8683 = AXIS2_PLACEMENT_3D('',#8684,#8685,#8686);
#8684 = CARTESIAN_POINT('',(101.5,-50.,0.));
#8685 = DIRECTION('',(1.,0.,0.));
#8686 = DIRECTION('',(0.,0.,1.));
#8687 = DEFINITIONAL_REPRESENTATION('',(#8688),#8692);
#8688 = LINE('',#8689,#8690);
#8689 = CARTESIAN_POINT('',(0.,0.));
#8690 = VECTOR('',#8691,1.);
#8691 = DIRECTION('',(1.,0.));
#8692 = ( GEOMETRIC_REPRESENTATION_CONTEXT(2) 
PARAMETRIC_REPRESENTATION_CONTEXT() REPRESENTATION_CONTEXT('2D SPACE',''
  ) );
#8693 = ADVANCED_FACE('',(#8694),#8550,.T.);
#8694 = FACE_BOUND('',#8695,.T.);
#8695 = EDGE_LOOP('',(#8696,#8697,#8698,#8721));
#8696 = ORIENTED_EDGE('',*,*,#8536,.F.);
#8697 = ORIENTED_EDGE('',*,*,#8589,.T.);
#8698 = ORIENTED_EDGE('',*,*,#8699,.T.);
#8699 = EDGE_CURVE('',#8590,#8700,#8702,.T.);
#8700 = VERTEX_POINT('',#8701);
#8701 = CARTESIAN_POINT('',(1.5,50.,50.));
#8702 = SURFACE_CURVE('',#8703,(#8707,#8714),.PCURVE_S1.);
#8703 = LINE('',#8704,#8705);
#8704 = CARTESIAN_POINT('',(1.5,-50.,50.));
#8705 = VECTOR('',#8706,1.);
#8706 = DIRECTION('',(0.,1.,0.));
#8707 = PCURVE('',#8550,#8708);
#8708 = DEFINITIONAL_REPRESENTATION('',(#8709),#8713);
#8709 = LINE('',#8710,#8711);
#8710 = CARTESIAN_POINT('',(3.,0.));
#8711 = VECTOR('',#8712,1.);
#8712 = DIRECTION('',(0.,1.));
#8713 = ( GEOMETRIC_REPRESENTATION_CONTEXT(2) 
PARAMETRIC_REPRESENTATION_CONTEXT() REPRESENTATION_CONTEXT('2D SPACE',''
  ) );
#8714 = PCURVE('',#8628,#8715);
#8715 = DEFINITIONAL_REPRESENTATION('',(#8716),#8720);
#8716 = LINE('',#8717,#8718);
#8717 = CARTESIAN_POINT('',(50.,0.));
#8718 = VECTOR('',#8719,1.);
#8719 = DIRECTION('',(0.,-1.));
#8720 = ( GEOMETRIC_REPRESENTATION_CONTEXT(2) 
PARAMETRIC_REPRESENTATION_CONTEXT() REPRESENTATION_CONTEXT('2D SPACE',''
  ) );
#8721 = ORIENTED_EDGE('',*,*,#8722,.F.);
#8722 = EDGE_CURVE('',#8509,#8700,#8723,.T.);
#8723 = SURFACE_CURVE('',#8724,(#8728,#8735),.PCURVE_S1.);
#8724 = LINE('',#8725,#8726);
#8725 = CARTESIAN_POINT('',(-1.5,50.,50.));
#8726 = VECTOR('',#8727,1.);
#8727 = DIRECTION('',(1.,0.,0.));
#8728 = PCURVE('',#8550,#8729);
#8729 = DEFINITIONAL_REPRESENTATION('',(#8730),#8734);
#8730 = LINE('',#8731,#8732);
#8731 = CARTESIAN_POINT('',(0.,100.));
#8732 = VECTOR('',#8733,1.);
#8733 = DIRECTION('',(1.,0.));
#8734 = ( GEOMETRIC_REPRESENTATION_CONTEXT(2) 
PARAMETRIC_REPRESENTATION_CONTEXT() REPRESENTATION_CONTEXT('2D SPACE',''
  ) );
#8735 = PCURVE('',#8524,#8736);
#8736 = DEFINITIONAL_REPRESENTATION('',(#8737),#8741);
#8737 = LINE('',#8738,#8739);
#8738 = CARTESIAN_POINT('',(50.,0.));
#8739 = VECTOR('',#8740,1.);
#8740 = DIRECTION('',(0.,1.));
#8741 = ( GEOMETRIC_REPRESENTATION_CONTEXT(2) 
PARAMETRIC_REPRESENTATION_CONTEXT() REPRESENTATION_CONTEXT('2D SPACE',''
  ) );
#8742 = ADVANCED_FACE('',(#8743),#8524,.T.);
#8743 = FACE_BOUND('',#8744,.T.);
#8744 = EDGE_LOOP('',(#8745,#8746,#8747,#8770,#8793,#8816));
#8745 = ORIENTED_EDGE('',*,*,#8508,.T.);
#8746 = ORIENTED_EDGE('',*,*,#8722,.T.);
#8747 = ORIENTED_EDGE('',*,*,#8748,.F.);
#8748 = EDGE_CURVE('',#8749,#8700,#8751,.T.);
#8749 = VERTEX_POINT('',#8750);
#8750 = CARTESIAN_POINT('',(1.5,50.,3.));
#8751 = SURFACE_CURVE('',#8752,(#8756,#8763),.PCURVE_S1.);
#8752 = LINE('',#8753,#8754);
#8753 = CARTESIAN_POINT('',(1.5,50.,0.));
#8754 = VECTOR('',#8755,1.);
#8755 = DIRECTION('',(0.,0.,1.));
#8756 = PCURVE('',#8524,#8757);
#8757 = DEFINITIONAL_REPRESENTATION('',(#8758),#8762);
#8758 = LINE('',#8759,#8760);
#8759 = CARTESIAN_POINT('',(0.,3.));
#8760 = VECTOR('',#8761,1.);
#8761 = DIRECTION('',(1.,0.));
#8762 = ( GEOMETRIC_REPRESENTATION_CONTEXT(2) 
PARAMETRIC_REPRESENTATION_CONTEXT() REPRESENTATION_CONTEXT('2D SPACE',''
  ) );
#8763 = PCURVE('',#8628,#8764);
#8764 = DEFINITIONAL_REPRESENTATION('',(#8765),#8769);
#8765 = LINE('',#8766,#8767);
#8766 = CARTESIAN_POINT('',(0.,-100.));
#8767 = VECTOR('',#8768,1.);
#8768 = DIRECTION('',(1.,0.));
#8769 = ( GEOMETRIC_REPRESENTATION_CONTEXT(2) 
PARAMETRIC_REPRESENTATION_CONTEXT() REPRESENTATION_CONTEXT('2D SPACE',''
  ) );
#8770 = ORIENTED_EDGE('',*,*,#8771,.T.);
#8771 = EDGE_CURVE('',#8749,#8772,#8774,.T.);
#8772 = VERTEX_POINT('',#8773);
#8773 = CARTESIAN_POINT('',(101.5,50.,3.));
#8774 = SURFACE_CURVE('',#8775,(#8779,#8786),.PCURVE_S1.);
#8775 = LINE('',#8776,#8777);
#8776 = CARTESIAN_POINT('',(1.5,50.,3.));
#8777 = VECTOR('',#8778,1.);
#8778 = DIRECTION('',(1.,0.,0.));
#8779 = PCURVE('',#8524,#8780);
#8780 = DEFINITIONAL_REPRESENTATION('',(#8781),#8785);
#8781 = LINE('',#8782,#8783);
#8782 = CARTESIAN_POINT('',(3.,3.));
#8783 = VECTOR('',#8784,1.);
#8784 = DIRECTION('',(0.,1.));
#8785 = ( GEOMETRIC_REPRESENTATION_CONTEXT(2) 
PARAMETRIC_REPRESENTATION_CONTEXT() REPRESENTATION_CONTEXT('2D SPACE',''
  ) );
#8786 = PCURVE('',#8656,#8787);
#8787 = DEFINITIONAL_REPRESENTATION('',(#8788),#8792);
#8788 = LINE('',#8789,#8790);
#8789 = CARTESIAN_POINT('',(0.,100.));
#8790 = VECTOR('',#8791,1.);
#8791 = DIRECTION('',(1.,0.));
#8792 = ( GEOMETRIC_REPRESENTATION_CONTEXT(2) 
PARAMETRIC_REPRESENTATION_CONTEXT() REPRESENTATION_CONTEXT('2D SPACE',''
  ) );
#8793 = ORIENTED_EDGE('',*,*,#8794,.F.);
#8794 = EDGE_CURVE('',#8795,#8772,#8797,.T.);
#8795 = VERTEX_POINT('',#8796);
#8796 = CARTESIAN_POINT('',(101.5,50.,0.));
#8797 = SURFACE_CURVE('',#8798,(#8802,#8809),.PCURVE_S1.);
#8798 = LINE('',#8799,#8800);
#8799 = CARTESIAN_POINT('',(101.5,50.,0.));
#8800 = VECTOR('',#8801,1.);
#8801 = DIRECTION('',(0.,0.,1.));
#8802 = PCURVE('',#8524,#8803);
#8803 = DEFINITIONAL_REPRESENTATION('',(#8804),#8808);
#8804 = LINE('',#8805,#8806);
#8805 = CARTESIAN_POINT('',(0.,103.));
#8806 = VECTOR('',#8807,1.);
#8807 = DIRECTION('',(1.,0.));
#8808 = ( GEOMETRIC_REPRESENTATION_CONTEXT(2) 
PARAMETRIC_REPRESENTATION_CONTEXT() REPRESENTATION_CONTEXT('2D SPACE',''
  ) );
#8809 = PCURVE('',#8682,#8810);
#8810 = DEFINITIONAL_REPRESENTATION('',(#8811),#8815);
#8811 = LINE('',#8812,#8813);
#8812 = CARTESIAN_POINT('',(0.,-100.));
#8813 = VECTOR('',#8814,1.);
#8814 = DIRECTION('',(1.,0.));
#8815 = ( GEOMETRIC_REPRESENTATION_CONTEXT(2) 
PARAMETRIC_REPRESENTATION_CONTEXT() REPRESENTATION_CONTEXT('2D SPACE',''
  ) );
#8816 = ORIENTED_EDGE('',*,*,#8817,.T.);
#8817 = EDGE_CURVE('',#8795,#8481,#8818,.T.);
#8818 = SURFACE_CURVE('',#8819,(#8823,#8830),.PCURVE_S1.);
#8819 = LINE('',#8820,#8821);
#8820 = CARTESIAN_POINT('',(101.5,50.,0.));
#8821 = VECTOR('',#8822,1.);
#8822 = DIRECTION('',(-1.,0.,0.));
#8823 = PCURVE('',#8524,#8824);
#8824 = DEFINITIONAL_REPRESENTATION('',(#8825),#8829);
#8825 = LINE('',#8826,#8827);
#8826 = CARTESIAN_POINT('',(0.,103.));
#8827 = VECTOR('',#8828,1.);
#8828 = DIRECTION('',(0.,-1.));
#8829 = ( GEOMETRIC_REPRESENTATION_CONTEXT(2) 
PARAMETRIC_REPRESENTATION_CONTEXT() REPRESENTATION_CONTEXT('2D SPACE',''
  ) );
#8830 = PCURVE('',#8496,#8831);
#8831 = DEFINITIONAL_REPRESENTATION('',(#8832),#8836);
#8832 = LINE('',#8833,#8834);
#8833 = CARTESIAN_POINT('',(103.,100.));
#8834 = VECTOR('',#8835,1.);
#8835 = DIRECTION('',(-1.,0.));
#8836 = ( GEOMETRIC_REPRESENTATION_CONTEXT(2) 
PARAMETRIC_REPRESENTATION_CONTEXT() REPRESENTATION_CONTEXT('2D SPACE',''
  ) );
#8837 = ADVANCED_FACE('',(#8838,#8864,#8899),#8496,.F.);
#8838 = FACE_BOUND('',#8839,.F.);
#8839 = EDGE_LOOP('',(#8840,#8841,#8842,#8863));
#8840 = ORIENTED_EDGE('',*,*,#8480,.F.);
#8841 = ORIENTED_EDGE('',*,*,#8565,.T.);
#8842 = ORIENTED_EDGE('',*,*,#8843,.T.);
#8843 = EDGE_CURVE('',#8566,#8795,#8844,.T.);
#8844 = SURFACE_CURVE('',#8845,(#8849,#8856),.PCURVE_S1.);
#8845 = LINE('',#8846,#8847);
#8846 = CARTESIAN_POINT('',(101.5,-50.,0.));
#8847 = VECTOR('',#8848,1.);
#8848 = DIRECTION('',(0.,1.,0.));
#8849 = PCURVE('',#8496,#8850);
#8850 = DEFINITIONAL_REPRESENTATION('',(#8851),#8855);
#8851 = LINE('',#8852,#8853);
#8852 = CARTESIAN_POINT('',(103.,0.));
#8853 = VECTOR('',#8854,1.);
#8854 = DIRECTION('',(0.,1.));
#8855 = ( GEOMETRIC_REPRESENTATION_CONTEXT(2) 
PARAMETRIC_REPRESENTATION_CONTEXT() REPRESENTATION_CONTEXT('2D SPACE',''
  ) );
#8856 = PCURVE('',#8682,#8857);
#8857 = DEFINITIONAL_REPRESENTATION('',(#8858),#8862);
#8858 = LINE('',#8859,#8860);
#8859 = CARTESIAN_POINT('',(0.,0.));
#8860 = VECTOR('',#8861,1.);
#8861 = DIRECTION('',(0.,-1.));
#8862 = ( GEOMETRIC_REPRESENTATION_CONTEXT(2) 
PARAMETRIC_REPRESENTATION_CONTEXT() REPRESENTATION_CONTEXT('2D SPACE',''
  ) );
#8863 = ORIENTED_EDGE('',*,*,#8817,.T.);
#8864 = FACE_BOUND('',#8865,.F.);
#8865 = EDGE_LOOP('',(#8866));
#8866 = ORIENTED_EDGE('',*,*,#8867,.T.);
#8867 = EDGE_CURVE('',#8868,#8868,#8870,.T.);
#8868 = VERTEX_POINT('',#8869);
#8869 = CARTESIAN_POINT('',(32.5,0.,0.));
#8870 = SURFACE_CURVE('',#8871,(#8876,#8887),.PCURVE_S1.);
#8871 = CIRCLE('',#8872,4.5);
#8872 = AXIS2_PLACEMENT_3D('',#8873,#8874,#8875);
#8873 = CARTESIAN_POINT('',(28.,0.,0.));
#8874 = DIRECTION('',(0.,0.,-1.));
#8875 = DIRECTION('',(1.,0.,0.));
#8876 = PCURVE('',#8496,#8877);
#8877 = DEFINITIONAL_REPRESENTATION('',(#8878),#8886);
#8878 = ( BOUNDED_CURVE() B_SPLINE_CURVE(2,(#8879,#8880,#8881,#8882,
#8883,#8884,#8885),.UNSPECIFIED.,.T.,.F.) B_SPLINE_CURVE_WITH_KNOTS((1,2
    ,2,2,2,1),(-2.094395102393,0.,2.094395102393,4.188790204786,
6.28318530718,8.377580409573),.UNSPECIFIED.) CURVE() 
GEOMETRIC_REPRESENTATION_ITEM() RATIONAL_B_SPLINE_CURVE((1.,0.5,1.,0.5,
1.,0.5,1.)) REPRESENTATION_ITEM('') );
#8879 = CARTESIAN_POINT('',(34.,50.));
#8880 = CARTESIAN_POINT('',(34.,42.20577136594));
#8881 = CARTESIAN_POINT('',(27.25,46.10288568297));
#8882 = CARTESIAN_POINT('',(20.5,50.));
#8883 = CARTESIAN_POINT('',(27.25,53.89711431703));
#8884 = CARTESIAN_POINT('',(34.,57.79422863406));
#8885 = CARTESIAN_POINT('',(34.,50.));
#8886 = ( GEOMETRIC_REPRESENTATION_CONTEXT(2) 
PARAMETRIC_REPRESENTATION_CONTEXT() REPRESENTATION_CONTEXT('2D SPACE',''
  ) );
#8887 = PCURVE('',#8888,#8893);
#8888 = CYLINDRICAL_SURFACE('',#8889,4.5);
#8889 = AXIS2_PLACEMENT_3D('',#8890,#8891,#8892);
#8890 = CARTESIAN_POINT('',(28.,0.,-1.));
#8891 = DIRECTION('',(-0.,-0.,-1.));
#8892 = DIRECTION('',(1.,0.,0.));
#8893 = DEFINITIONAL_REPRESENTATION('',(#8894),#8898);
#8894 = LINE('',#8895,#8896);
#8895 = CARTESIAN_POINT('',(-6.28318530718,-1.));
#8896 = VECTOR('',#8897,1.);
#8897 = DIRECTION('',(1.,-0.));
#8898 = ( GEOMETRIC_REPRESENTATION_CONTEXT(2) 
PARAMETRIC_REPRESENTATION_CONTEXT() REPRESENTATION_CONTEXT('2D SPACE',''
  ) );
#8899 = FACE_BOUND('',#8900,.F.);
#8900 = EDGE_LOOP('',(#8901,#8929,#8957,#8983));
#8901 = ORIENTED_EDGE('',*,*,#8902,.T.);
#8902 = EDGE_CURVE('',#8903,#8905,#8907,.T.);
#8903 = VERTEX_POINT('',#8904);
#8904 = CARTESIAN_POINT('',(88.,4.5,0.));
#8905 = VERTEX_POINT('',#8906);
#8906 = CARTESIAN_POINT('',(88.,-4.5,0.));
#8907 = SURFACE_CURVE('',#8908,(#8912,#8918),.PCURVE_S1.);
#8908 = LINE('',#8909,#8910);
#8909 = CARTESIAN_POINT('',(88.,-27.25,0.));
#8910 = VECTOR('',#8911,1.);
#8911 = DIRECTION('',(0.,-1.,0.));
#8912 = PCURVE('',#8496,#8913);
#8913 = DEFINITIONAL_REPRESENTATION('',(#8914),#8917);
#8914 = B_SPLINE_CURVE_WITH_KNOTS('',1,(#8915,#8916),.UNSPECIFIED.,.F.,
  .F.,(2,2),(-31.75,-22.75),.PIECEWISE_BEZIER_KNOTS.);
#8915 = CARTESIAN_POINT('',(89.5,54.5));
#8916 = CARTESIAN_POINT('',(89.5,45.5));
#8917 = ( GEOMETRIC_REPRESENTATION_CONTEXT(2) 
PARAMETRIC_REPRESENTATION_CONTEXT() REPRESENTATION_CONTEXT('2D SPACE',''
  ) );
#8918 = PCURVE('',#8919,#8924);
#8919 = PLANE('',#8920);
#8920 = AXIS2_PLACEMENT_3D('',#8921,#8922,#8923);
#8921 = CARTESIAN_POINT('',(88.,-4.5,-1.));
#8922 = DIRECTION('',(-1.,0.,0.));
#8923 = DIRECTION('',(0.,1.,0.));
#8924 = DEFINITIONAL_REPRESENTATION('',(#8925),#8928);
#8925 = B_SPLINE_CURVE_WITH_KNOTS('',1,(#8926,#8927),.UNSPECIFIED.,.F.,
  .F.,(2,2),(-31.75,-22.75),.PIECEWISE_BEZIER_KNOTS.);
#8926 = CARTESIAN_POINT('',(9.,-1.));
#8927 = CARTESIAN_POINT('',(0.,-1.));
#8928 = ( GEOMETRIC_REPRESENTATION_CONTEXT(2) 
PARAMETRIC_REPRESENTATION_CONTEXT() REPRESENTATION_CONTEXT('2D SPACE',''
  ) );
#8929 = ORIENTED_EDGE('',*,*,#8930,.F.);
#8930 = EDGE_CURVE('',#8931,#8905,#8933,.T.);
#8931 = VERTEX_POINT('',#8932);
#8932 = CARTESIAN_POINT('',(68.,-4.5,0.));
#8933 = SURFACE_CURVE('',#8934,(#8938,#8945),.PCURVE_S1.);
#8934 = LINE('',#8935,#8936);
#8935 = CARTESIAN_POINT('',(68.,-4.5,0.));
#8936 = VECTOR('',#8937,1.);
#8937 = DIRECTION('',(1.,0.,0.));
#8938 = PCURVE('',#8496,#8939);
#8939 = DEFINITIONAL_REPRESENTATION('',(#8940),#8944);
#8940 = LINE('',#8941,#8942);
#8941 = CARTESIAN_POINT('',(69.5,45.5));
#8942 = VECTOR('',#8943,1.);
#8943 = DIRECTION('',(1.,0.));
#8944 = ( GEOMETRIC_REPRESENTATION_CONTEXT(2) 
PARAMETRIC_REPRESENTATION_CONTEXT() REPRESENTATION_CONTEXT('2D SPACE',''
  ) );
#8945 = PCURVE('',#8946,#8951);
#8946 = PLANE('',#8947);
#8947 = AXIS2_PLACEMENT_3D('',#8948,#8949,#8950);
#8948 = CARTESIAN_POINT('',(68.,-4.5,-1.));
#8949 = DIRECTION('',(0.,1.,0.));
#8950 = DIRECTION('',(1.,0.,0.));
#8951 = DEFINITIONAL_REPRESENTATION('',(#8952),#8956);
#8952 = LINE('',#8953,#8954);
#8953 = CARTESIAN_POINT('',(0.,-1.));
#8954 = VECTOR('',#8955,1.);
#8955 = DIRECTION('',(1.,0.));
#8956 = ( GEOMETRIC_REPRESENTATION_CONTEXT(2) 
PARAMETRIC_REPRESENTATION_CONTEXT() REPRESENTATION_CONTEXT('2D SPACE',''
  ) );
#8957 = ORIENTED_EDGE('',*,*,#8958,.T.);
#8958 = EDGE_CURVE('',#8931,#8959,#8961,.T.);
#8959 = VERTEX_POINT('',#8960);
#8960 = CARTESIAN_POINT('',(68.,4.5,0.));
#8961 = SURFACE_CURVE('',#8962,(#8966,#8972),.PCURVE_S1.);
#8962 = LINE('',#8963,#8964);
#8963 = CARTESIAN_POINT('',(68.,-22.75,0.));
#8964 = VECTOR('',#8965,1.);
#8965 = DIRECTION('',(-0.,1.,0.));
#8966 = PCURVE('',#8496,#8967);
#8967 = DEFINITIONAL_REPRESENTATION('',(#8968),#8971);
#8968 = B_SPLINE_CURVE_WITH_KNOTS('',1,(#8969,#8970),.UNSPECIFIED.,.F.,
  .F.,(2,2),(18.25,27.25),.PIECEWISE_BEZIER_KNOTS.);
#8969 = CARTESIAN_POINT('',(69.5,45.5));
#8970 = CARTESIAN_POINT('',(69.5,54.5));
#8971 = ( GEOMETRIC_REPRESENTATION_CONTEXT(2) 
PARAMETRIC_REPRESENTATION_CONTEXT() REPRESENTATION_CONTEXT('2D SPACE',''
  ) );
#8972 = PCURVE('',#8973,#8978);
#8973 = PLANE('',#8974);
#8974 = AXIS2_PLACEMENT_3D('',#8975,#8976,#8977);
#8975 = CARTESIAN_POINT('',(68.,4.5,-1.));
#8976 = DIRECTION('',(1.,0.,-0.));
#8977 = DIRECTION('',(0.,-1.,0.));
#8978 = DEFINITIONAL_REPRESENTATION('',(#8979),#8982);
#8979 = B_SPLINE_CURVE_WITH_KNOTS('',1,(#8980,#8981),.UNSPECIFIED.,.F.,
  .F.,(2,2),(18.25,27.25),.PIECEWISE_BEZIER_KNOTS.);
#8980 = CARTESIAN_POINT('',(9.,-1.));
#8981 = CARTESIAN_POINT('',(0.,-1.));
#8982 = ( GEOMETRIC_REPRESENTATION_CONTEXT(2) 
PARAMETRIC_REPRESENTATION_CONTEXT() REPRESENTATION_CONTEXT('2D SPACE',''
  ) );
#8983 = ORIENTED_EDGE('',*,*,#8984,.F.);
#8984 = EDGE_CURVE('',#8903,#8959,#8985,.T.);
#8985 = SURFACE_CURVE('',#8986,(#8990,#8997),.PCURVE_S1.);
#8986 = LINE('',#8987,#8988);
#8987 = CARTESIAN_POINT('',(88.,4.5,0.));
#8988 = VECTOR('',#8989,1.);
#8989 = DIRECTION('',(-1.,0.,0.));
#8990 = PCURVE('',#8496,#8991);
#8991 = DEFINITIONAL_REPRESENTATION('',(#8992),#8996);
#8992 = LINE('',#8993,#8994);
#8993 = CARTESIAN_POINT('',(89.5,54.5));
#8994 = VECTOR('',#8995,1.);
#8995 = DIRECTION('',(-1.,0.));
#8996 = ( GEOMETRIC_REPRESENTATION_CONTEXT(2) 
PARAMETRIC_REPRESENTATION_CONTEXT() REPRESENTATION_CONTEXT('2D SPACE',''
  ) );
#8997 = PCURVE('',#8998,#9003);
#8998 = PLANE('',#8999);
#8999 = AXIS2_PLACEMENT_3D('',#9000,#9001,#9002);
#9000 = CARTESIAN_POINT('',(88.,4.5,-1.));
#9001 = DIRECTION('',(0.,-1.,0.));
#9002 = DIRECTION('',(-1.,0.,0.));
#9003 = DEFINITIONAL_REPRESENTATION('',(#9004),#9008);
#9004 = LINE('',#9005,#9006);
#9005 = CARTESIAN_POINT('',(0.,-1.));
#9006 = VECTOR('',#9007,1.);
#9007 = DIRECTION('',(1.,0.));
#9008 = ( GEOMETRIC_REPRESENTATION_CONTEXT(2) 
PARAMETRIC_REPRESENTATION_CONTEXT() REPRESENTATION_CONTEXT('2D SPACE',''
  ) );
#9009 = ADVANCED_FACE('',(#9010,#9036,#9071,#9106),#8628,.T.);
#9010 = FACE_BOUND('',#9011,.T.);
#9011 = EDGE_LOOP('',(#9012,#9013,#9034,#9035));
#9012 = ORIENTED_EDGE('',*,*,#8612,.F.);
#9013 = ORIENTED_EDGE('',*,*,#9014,.T.);
#9014 = EDGE_CURVE('',#8613,#8749,#9015,.T.);
#9015 = SURFACE_CURVE('',#9016,(#9020,#9027),.PCURVE_S1.);
#9016 = LINE('',#9017,#9018);
#9017 = CARTESIAN_POINT('',(1.5,-50.,3.));
#9018 = VECTOR('',#9019,1.);
#9019 = DIRECTION('',(0.,1.,0.));
#9020 = PCURVE('',#8628,#9021);
#9021 = DEFINITIONAL_REPRESENTATION('',(#9022),#9026);
#9022 = LINE('',#9023,#9024);
#9023 = CARTESIAN_POINT('',(3.,0.));
#9024 = VECTOR('',#9025,1.);
#9025 = DIRECTION('',(0.,-1.));
#9026 = ( GEOMETRIC_REPRESENTATION_CONTEXT(2) 
PARAMETRIC_REPRESENTATION_CONTEXT() REPRESENTATION_CONTEXT('2D SPACE',''
  ) );
#9027 = PCURVE('',#8656,#9028);
#9028 = DEFINITIONAL_REPRESENTATION('',(#9029),#9033);
#9029 = LINE('',#9030,#9031);
#9030 = CARTESIAN_POINT('',(0.,0.));
#9031 = VECTOR('',#9032,1.);
#9032 = DIRECTION('',(0.,1.));
#9033 = ( GEOMETRIC_REPRESENTATION_CONTEXT(2) 
PARAMETRIC_REPRESENTATION_CONTEXT() REPRESENTATION_CONTEXT('2D SPACE',''
  ) );
#9034 = ORIENTED_EDGE('',*,*,#8748,.T.);
#9035 = ORIENTED_EDGE('',*,*,#8699,.F.);
#9036 = FACE_BOUND('',#9037,.T.);
#9037 = EDGE_LOOP('',(#9038));
#9038 = ORIENTED_EDGE('',*,*,#9039,.T.);
#9039 = EDGE_CURVE('',#9040,#9040,#9042,.T.);
#9040 = VERTEX_POINT('',#9041);
#9041 = CARTESIAN_POINT('',(1.5,34.5,25.));
#9042 = SURFACE_CURVE('',#9043,(#9048,#9059),.PCURVE_S1.);
#9043 = CIRCLE('',#9044,4.5);
#9044 = AXIS2_PLACEMENT_3D('',#9045,#9046,#9047);
#9045 = CARTESIAN_POINT('',(1.5,30.,25.));
#9046 = DIRECTION('',(-1.,0.,0.));
#9047 = DIRECTION('',(0.,1.,0.));
#9048 = PCURVE('',#8628,#9049);
#9049 = DEFINITIONAL_REPRESENTATION('',(#9050),#9058);
#9050 = ( BOUNDED_CURVE() B_SPLINE_CURVE(2,(#9051,#9052,#9053,#9054,
#9055,#9056,#9057),.UNSPECIFIED.,.T.,.F.) B_SPLINE_CURVE_WITH_KNOTS((1,2
    ,2,2,2,1),(-2.094395102393,0.,2.094395102393,4.188790204786,
6.28318530718,8.377580409573),.UNSPECIFIED.) CURVE() 
GEOMETRIC_REPRESENTATION_ITEM() RATIONAL_B_SPLINE_CURVE((1.,0.5,1.,0.5,
1.,0.5,1.)) REPRESENTATION_ITEM('') );
#9051 = CARTESIAN_POINT('',(25.,-84.5));
#9052 = CARTESIAN_POINT('',(17.20577136594,-84.5));
#9053 = CARTESIAN_POINT('',(21.10288568297,-77.75));
#9054 = CARTESIAN_POINT('',(25.,-71.));
#9055 = CARTESIAN_POINT('',(28.89711431703,-77.75));
#9056 = CARTESIAN_POINT('',(32.79422863406,-84.5));
#9057 = CARTESIAN_POINT('',(25.,-84.5));
#9058 = ( GEOMETRIC_REPRESENTATION_CONTEXT(2) 
PARAMETRIC_REPRESENTATION_CONTEXT() REPRESENTATION_CONTEXT('2D SPACE',''
  ) );
#9059 = PCURVE('',#9060,#9065);
#9060 = CYLINDRICAL_SURFACE('',#9061,4.5);
#9061 = AXIS2_PLACEMENT_3D('',#9062,#9063,#9064);
#9062 = CARTESIAN_POINT('',(-1.,30.,25.));
#9063 = DIRECTION('',(-1.,-0.,-0.));
#9064 = DIRECTION('',(0.,1.,0.));
#9065 = DEFINITIONAL_REPRESENTATION('',(#9066),#9070);
#9066 = LINE('',#9067,#9068);
#9067 = CARTESIAN_POINT('',(-6.28318530718,-2.5));
#9068 = VECTOR('',#9069,1.);
#9069 = DIRECTION('',(1.,-0.));
#9070 = ( GEOMETRIC_REPRESENTATION_CONTEXT(2) 
PARAMETRIC_REPRESENTATION_CONTEXT() REPRESENTATION_CONTEXT('2D SPACE',''
  ) );
#9071 = FACE_BOUND('',#9072,.T.);
#9072 = EDGE_LOOP('',(#9073));
#9073 = ORIENTED_EDGE('',*,*,#9074,.T.);
#9074 = EDGE_CURVE('',#9075,#9075,#9077,.T.);
#9075 = VERTEX_POINT('',#9076);
#9076 = CARTESIAN_POINT('',(1.5,4.5,25.));
#9077 = SURFACE_CURVE('',#9078,(#9083,#9094),.PCURVE_S1.);
#9078 = CIRCLE('',#9079,4.5);
#9079 = AXIS2_PLACEMENT_3D('',#9080,#9081,#9082);
#9080 = CARTESIAN_POINT('',(1.5,0.,25.));
#9081 = DIRECTION('',(-1.,0.,0.));
#9082 = DIRECTION('',(0.,1.,0.));
#9083 = PCURVE('',#8628,#9084);
#9084 = DEFINITIONAL_REPRESENTATION('',(#9085),#9093);
#9085 = ( BOUNDED_CURVE() B_SPLINE_CURVE(2,(#9086,#9087,#9088,#9089,
#9090,#9091,#9092),.UNSPECIFIED.,.T.,.F.) B_SPLINE_CURVE_WITH_KNOTS((1,2
    ,2,2,2,1),(-2.094395102393,0.,2.094395102393,4.188790204786,
6.28318530718,8.377580409573),.UNSPECIFIED.) CURVE() 
GEOMETRIC_REPRESENTATION_ITEM() RATIONAL_B_SPLINE_CURVE((1.,0.5,1.,0.5,
1.,0.5,1.)) REPRESENTATION_ITEM('') );
#9086 = CARTESIAN_POINT('',(25.,-54.5));
#9087 = CARTESIAN_POINT('',(17.20577136594,-54.5));
#9088 = CARTESIAN_POINT('',(21.10288568297,-47.75));
#9089 = CARTESIAN_POINT('',(25.,-41.));
#9090 = CARTESIAN_POINT('',(28.89711431703,-47.75));
#9091 = CARTESIAN_POINT('',(32.79422863406,-54.5));
#9092 = CARTESIAN_POINT('',(25.,-54.5));
#9093 = ( GEOMETRIC_REPRESENTATION_CONTEXT(2) 
PARAMETRIC_REPRESENTATION_CONTEXT() REPRESENTATION_CONTEXT('2D SPACE',''
  ) );
#9094 = PCURVE('',#9095,#9100);
#9095 = CYLINDRICAL_SURFACE('',#9096,4.5);
#9096 = AXIS2_PLACEMENT_3D('',#9097,#9098,#9099);
#9097 = CARTESIAN_POINT('',(-1.,0.,25.));
#9098 = DIRECTION('',(-1.,-0.,-0.));
#9099 = DIRECTION('',(0.,1.,0.));
#9100 = DEFINITIONAL_REPRESENTATION('',(#9101),#9105);
#9101 = LINE('',#9102,#9103);
#9102 = CARTESIAN_POINT('',(-6.28318530718,-2.5));
#9103 = VECTOR('',#9104,1.);
#9104 = DIRECTION('',(1.,-0.));
#9105 = ( GEOMETRIC_REPRESENTATION_CONTEXT(2) 
PARAMETRIC_REPRESENTATION_CONTEXT() REPRESENTATION_CONTEXT('2D SPACE',''
  ) );
#9106 = FACE_BOUND('',#9107,.T.);
#9107 = EDGE_LOOP('',(#9108));
#9108 = ORIENTED_EDGE('',*,*,#9109,.T.);
#9109 = EDGE_CURVE('',#9110,#9110,#9112,.T.);
#9110 = VERTEX_POINT('',#9111);
#9111 = CARTESIAN_POINT('',(1.5,-25.5,25.));
#9112 = SURFACE_CURVE('',#9113,(#9118,#9129),.PCURVE_S1.);
#9113 = CIRCLE('',#9114,4.5);
#9114 = AXIS2_PLACEMENT_3D('',#9115,#9116,#9117);
#9115 = CARTESIAN_POINT('',(1.5,-30.,25.));
#9116 = DIRECTION('',(-1.,0.,0.));
#9117 = DIRECTION('',(0.,1.,0.));
#9118 = PCURVE('',#8628,#9119);
#9119 = DEFINITIONAL_REPRESENTATION('',(#9120),#9128);
#9120 = ( BOUNDED_CURVE() B_SPLINE_CURVE(2,(#9121,#9122,#9123,#9124,
#9125,#9126,#9127),.UNSPECIFIED.,.T.,.F.) B_SPLINE_CURVE_WITH_KNOTS((1,2
    ,2,2,2,1),(-2.094395102393,0.,2.094395102393,4.188790204786,
6.28318530718,8.377580409573),.UNSPECIFIED.) CURVE() 
GEOMETRIC_REPRESENTATION_ITEM() RATIONAL_B_SPLINE_CURVE((1.,0.5,1.,0.5,
1.,0.5,1.)) REPRESENTATION_ITEM('') );
#9121 = CARTESIAN_POINT('',(25.,-24.5));
#9122 = CARTESIAN_POINT('',(17.20577136594,-24.5));
#9123 = CARTESIAN_POINT('',(21.10288568297,-17.75));
#9124 = CARTESIAN_POINT('',(25.,-11.));
#9125 = CARTESIAN_POINT('',(28.89711431703,-17.75));
#9126 = CARTESIAN_POINT('',(32.79422863406,-24.5));
#9127 = CARTESIAN_POINT('',(25.,-24.5));
#9128 = ( GEOMETRIC_REPRESENTATION_CONTEXT(2) 
PARAMETRIC_REPRESENTATION_CONTEXT() REPRESENTATION_CONTEXT('2D SPACE',''
  ) );
#9129 = PCURVE('',#9130,#9135);
#9130 = CYLINDRICAL_SURFACE('',#9131,4.5);
#9131 = AXIS2_PLACEMENT_3D('',#9132,#9133,#9134);
#9132 = CARTESIAN_POINT('',(-1.,-30.,25.));
#9133 = DIRECTION('',(-1.,-0.,-0.));
#9134 = DIRECTION('',(0.,1.,0.));
#9135 = DEFINITIONAL_REPRESENTATION('',(#9136),#9140);
#9136 = LINE('',#9137,#9138);
#9137 = CARTESIAN_POINT('',(-6.28318530718,-2.5));
#9138 = VECTOR('',#9139,1.);
#9139 = DIRECTION('',(1.,-0.));
#9140 = ( GEOMETRIC_REPRESENTATION_CONTEXT(2) 
PARAMETRIC_REPRESENTATION_CONTEXT() REPRESENTATION_CONTEXT('2D SPACE',''
  ) );
#9141 = ADVANCED_FACE('',(#9142,#9168,#9198),#8656,.T.);
#9142 = FACE_BOUND('',#9143,.T.);
#9143 = EDGE_LOOP('',(#9144,#9145,#9146,#9167));
#9144 = ORIENTED_EDGE('',*,*,#9014,.F.);
#9145 = ORIENTED_EDGE('',*,*,#8640,.T.);
#9146 = ORIENTED_EDGE('',*,*,#9147,.T.);
#9147 = EDGE_CURVE('',#8641,#8772,#9148,.T.);
#9148 = SURFACE_CURVE('',#9149,(#9153,#9160),.PCURVE_S1.);
#9149 = LINE('',#9150,#9151);
#9150 = CARTESIAN_POINT('',(101.5,-50.,3.));
#9151 = VECTOR('',#9152,1.);
#9152 = DIRECTION('',(0.,1.,0.));
#9153 = PCURVE('',#8656,#9154);
#9154 = DEFINITIONAL_REPRESENTATION('',(#9155),#9159);
#9155 = LINE('',#9156,#9157);
#9156 = CARTESIAN_POINT('',(100.,0.));
#9157 = VECTOR('',#9158,1.);
#9158 = DIRECTION('',(0.,1.));
#9159 = ( GEOMETRIC_REPRESENTATION_CONTEXT(2) 
PARAMETRIC_REPRESENTATION_CONTEXT() REPRESENTATION_CONTEXT('2D SPACE',''
  ) );
#9160 = PCURVE('',#8682,#9161);
#9161 = DEFINITIONAL_REPRESENTATION('',(#9162),#9166);
#9162 = LINE('',#9163,#9164);
#9163 = CARTESIAN_POINT('',(3.,0.));
#9164 = VECTOR('',#9165,1.);
#9165 = DIRECTION('',(0.,-1.));
#9166 = ( GEOMETRIC_REPRESENTATION_CONTEXT(2) 
PARAMETRIC_REPRESENTATION_CONTEXT() REPRESENTATION_CONTEXT('2D SPACE',''
  ) );
#9167 = ORIENTED_EDGE('',*,*,#8771,.F.);
#9168 = FACE_BOUND('',#9169,.T.);
#9169 = EDGE_LOOP('',(#9170));
#9170 = ORIENTED_EDGE('',*,*,#9171,.T.);
#9171 = EDGE_CURVE('',#9172,#9172,#9174,.T.);
#9172 = VERTEX_POINT('',#9173);
#9173 = CARTESIAN_POINT('',(32.5,0.,3.));
#9174 = SURFACE_CURVE('',#9175,(#9180,#9191),.PCURVE_S1.);
#9175 = CIRCLE('',#9176,4.5);
#9176 = AXIS2_PLACEMENT_3D('',#9177,#9178,#9179);
#9177 = CARTESIAN_POINT('',(28.,0.,3.));
#9178 = DIRECTION('',(0.,0.,-1.));
#9179 = DIRECTION('',(1.,0.,0.));
#9180 = PCURVE('',#8656,#9181);
#9181 = DEFINITIONAL_REPRESENTATION('',(#9182),#9190);
#9182 = ( BOUNDED_CURVE() B_SPLINE_CURVE(2,(#9183,#9184,#9185,#9186,
#9187,#9188,#9189),.UNSPECIFIED.,.T.,.F.) B_SPLINE_CURVE_WITH_KNOTS((1,2
    ,2,2,2,1),(-2.094395102393,0.,2.094395102393,4.188790204786,
6.28318530718,8.377580409573),.UNSPECIFIED.) CURVE() 
GEOMETRIC_REPRESENTATION_ITEM() RATIONAL_B_SPLINE_CURVE((1.,0.5,1.,0.5,
1.,0.5,1.)) REPRESENTATION_ITEM('') );
#9183 = CARTESIAN_POINT('',(31.,50.));
#9184 = CARTESIAN_POINT('',(31.,42.20577136594));
#9185 = CARTESIAN_POINT('',(24.25,46.10288568297));
#9186 = CARTESIAN_POINT('',(17.5,50.));
#9187 = CARTESIAN_POINT('',(24.25,53.89711431703));
#9188 = CARTESIAN_POINT('',(31.,57.79422863406));
#9189 = CARTESIAN_POINT('',(31.,50.));
#9190 = ( GEOMETRIC_REPRESENTATION_CONTEXT(2) 
PARAMETRIC_REPRESENTATION_CONTEXT() REPRESENTATION_CONTEXT('2D SPACE',''
  ) );
#9191 = PCURVE('',#8888,#9192);
#9192 = DEFINITIONAL_REPRESENTATION('',(#9193),#9197);
#9193 = LINE('',#9194,#9195);
#9194 = CARTESIAN_POINT('',(-6.28318530718,-4.));
#9195 = VECTOR('',#9196,1.);
#9196 = DIRECTION('',(1.,-0.));
#9197 = ( GEOMETRIC_REPRESENTATION_CONTEXT(2) 
PARAMETRIC_REPRESENTATION_CONTEXT() REPRESENTATION_CONTEXT('2D SPACE',''
  ) );
#9198 = FACE_BOUND('',#9199,.T.);
#9199 = EDGE_LOOP('',(#9200,#9225,#9246,#9269));
#9200 = ORIENTED_EDGE('',*,*,#9201,.T.);
#9201 = EDGE_CURVE('',#9202,#9204,#9206,.T.);
#9202 = VERTEX_POINT('',#9203);
#9203 = CARTESIAN_POINT('',(88.,-4.5,3.));
#9204 = VERTEX_POINT('',#9205);
#9205 = CARTESIAN_POINT('',(68.,-4.5,3.));
#9206 = SURFACE_CURVE('',#9207,(#9211,#9218),.PCURVE_S1.);
#9207 = LINE('',#9208,#9209);
#9208 = CARTESIAN_POINT('',(88.,-4.5,3.));
#9209 = VECTOR('',#9210,1.);
#9210 = DIRECTION('',(-1.,0.,0.));
#9211 = PCURVE('',#8656,#9212);
#9212 = DEFINITIONAL_REPRESENTATION('',(#9213),#9217);
#9213 = LINE('',#9214,#9215);
#9214 = CARTESIAN_POINT('',(86.5,45.5));
#9215 = VECTOR('',#9216,1.);
#9216 = DIRECTION('',(-1.,0.));
#9217 = ( GEOMETRIC_REPRESENTATION_CONTEXT(2) 
PARAMETRIC_REPRESENTATION_CONTEXT() REPRESENTATION_CONTEXT('2D SPACE',''
  ) );
#9218 = PCURVE('',#8946,#9219);
#9219 = DEFINITIONAL_REPRESENTATION('',(#9220),#9224);
#9220 = LINE('',#9221,#9222);
#9221 = CARTESIAN_POINT('',(20.,-4.));
#9222 = VECTOR('',#9223,1.);
#9223 = DIRECTION('',(-1.,0.));
#9224 = ( GEOMETRIC_REPRESENTATION_CONTEXT(2) 
PARAMETRIC_REPRESENTATION_CONTEXT() REPRESENTATION_CONTEXT('2D SPACE',''
  ) );
#9225 = ORIENTED_EDGE('',*,*,#9226,.T.);
#9226 = EDGE_CURVE('',#9204,#9227,#9229,.T.);
#9227 = VERTEX_POINT('',#9228);
#9228 = CARTESIAN_POINT('',(68.,4.5,3.));
#9229 = SURFACE_CURVE('',#9230,(#9234,#9240),.PCURVE_S1.);
#9230 = LINE('',#9231,#9232);
#9231 = CARTESIAN_POINT('',(68.,-22.75,3.));
#9232 = VECTOR('',#9233,1.);
#9233 = DIRECTION('',(-0.,1.,0.));
#9234 = PCURVE('',#8656,#9235);
#9235 = DEFINITIONAL_REPRESENTATION('',(#9236),#9239);
#9236 = B_SPLINE_CURVE_WITH_KNOTS('',1,(#9237,#9238),.UNSPECIFIED.,.F.,
  .F.,(2,2),(18.25,27.25),.PIECEWISE_BEZIER_KNOTS.);
#9237 = CARTESIAN_POINT('',(66.5,45.5));
#9238 = CARTESIAN_POINT('',(66.5,54.5));
#9239 = ( GEOMETRIC_REPRESENTATION_CONTEXT(2) 
PARAMETRIC_REPRESENTATION_CONTEXT() REPRESENTATION_CONTEXT('2D SPACE',''
  ) );
#9240 = PCURVE('',#8973,#9241);
#9241 = DEFINITIONAL_REPRESENTATION('',(#9242),#9245);
#9242 = B_SPLINE_CURVE_WITH_KNOTS('',1,(#9243,#9244),.UNSPECIFIED.,.F.,
  .F.,(2,2),(18.25,27.25),.PIECEWISE_BEZIER_KNOTS.);
#9243 = CARTESIAN_POINT('',(9.,-4.));
#9244 = CARTESIAN_POINT('',(0.,-4.));
#9245 = ( GEOMETRIC_REPRESENTATION_CONTEXT(2) 
PARAMETRIC_REPRESENTATION_CONTEXT() REPRESENTATION_CONTEXT('2D SPACE',''
  ) );
#9246 = ORIENTED_EDGE('',*,*,#9247,.T.);
#9247 = EDGE_CURVE('',#9227,#9248,#9250,.T.);
#9248 = VERTEX_POINT('',#9249);
#9249 = CARTESIAN_POINT('',(88.,4.5,3.));
#9250 = SURFACE_CURVE('',#9251,(#9255,#9262),.PCURVE_S1.);
#9251 = LINE('',#9252,#9253);
#9252 = CARTESIAN_POINT('',(68.,4.5,3.));
#9253 = VECTOR('',#9254,1.);
#9254 = DIRECTION('',(1.,0.,0.));
#9255 = PCURVE('',#8656,#9256);
#9256 = DEFINITIONAL_REPRESENTATION('',(#9257),#9261);
#9257 = LINE('',#9258,#9259);
#9258 = CARTESIAN_POINT('',(66.5,54.5));
#9259 = VECTOR('',#9260,1.);
#9260 = DIRECTION('',(1.,0.));
#9261 = ( GEOMETRIC_REPRESENTATION_CONTEXT(2) 
PARAMETRIC_REPRESENTATION_CONTEXT() REPRESENTATION_CONTEXT('2D SPACE',''
  ) );
#9262 = PCURVE('',#8998,#9263);
#9263 = DEFINITIONAL_REPRESENTATION('',(#9264),#9268);
#9264 = LINE('',#9265,#9266);
#9265 = CARTESIAN_POINT('',(20.,-4.));
#9266 = VECTOR('',#9267,1.);
#9267 = DIRECTION('',(-1.,-0.));
#9268 = ( GEOMETRIC_REPRESENTATION_CONTEXT(2) 
PARAMETRIC_REPRESENTATION_CONTEXT() REPRESENTATION_CONTEXT('2D SPACE',''
  ) );
#9269 = ORIENTED_EDGE('',*,*,#9270,.T.);
#9270 = EDGE_CURVE('',#9248,#9202,#9271,.T.);
#9271 = SURFACE_CURVE('',#9272,(#9276,#9282),.PCURVE_S1.);
#9272 = LINE('',#9273,#9274);
#9273 = CARTESIAN_POINT('',(88.,-27.25,3.));
#9274 = VECTOR('',#9275,1.);
#9275 = DIRECTION('',(0.,-1.,0.));
#9276 = PCURVE('',#8656,#9277);
#9277 = DEFINITIONAL_REPRESENTATION('',(#9278),#9281);
#9278 = B_SPLINE_CURVE_WITH_KNOTS('',1,(#9279,#9280),.UNSPECIFIED.,.F.,
  .F.,(2,2),(-31.75,-22.75),.PIECEWISE_BEZIER_KNOTS.);
#9279 = CARTESIAN_POINT('',(86.5,54.5));
#9280 = CARTESIAN_POINT('',(86.5,45.5));
#9281 = ( GEOMETRIC_REPRESENTATION_CONTEXT(2) 
PARAMETRIC_REPRESENTATION_CONTEXT() REPRESENTATION_CONTEXT('2D SPACE',''
  ) );
#9282 = PCURVE('',#8919,#9283);
#9283 = DEFINITIONAL_REPRESENTATION('',(#9284),#9287);
#9284 = B_SPLINE_CURVE_WITH_KNOTS('',1,(#9285,#9286),.UNSPECIFIED.,.F.,
  .F.,(2,2),(-31.75,-22.75),.PIECEWISE_BEZIER_KNOTS.);
#9285 = CARTESIAN_POINT('',(9.,-4.));
#9286 = CARTESIAN_POINT('',(0.,-4.));
#9287 = ( GEOMETRIC_REPRESENTATION_CONTEXT(2) 
PARAMETRIC_REPRESENTATION_CONTEXT() REPRESENTATION_CONTEXT('2D SPACE',''
  ) );
#9288 = ADVANCED_FACE('',(#9289),#8682,.T.);
#9289 = FACE_BOUND('',#9290,.T.);
#9290 = EDGE_LOOP('',(#9291,#9292,#9293,#9294));
#9291 = ORIENTED_EDGE('',*,*,#8668,.F.);
#9292 = ORIENTED_EDGE('',*,*,#8843,.T.);
#9293 = ORIENTED_EDGE('',*,*,#8794,.T.);
#9294 = ORIENTED_EDGE('',*,*,#9147,.F.);
#9295 = ADVANCED_FACE('',(#9296),#8888,.F.);
#9296 = FACE_BOUND('',#9297,.T.);
#9297 = EDGE_LOOP('',(#9298,#9299,#9320,#9321));
#9298 = ORIENTED_EDGE('',*,*,#8867,.T.);
#9299 = ORIENTED_EDGE('',*,*,#9300,.T.);
#9300 = EDGE_CURVE('',#8868,#9172,#9301,.T.);
#9301 = SEAM_CURVE('',#9302,(#9306,#9313),.PCURVE_S1.);
#9302 = LINE('',#9303,#9304);
#9303 = CARTESIAN_POINT('',(32.5,0.,-1.));
#9304 = VECTOR('',#9305,1.);
#9305 = DIRECTION('',(0.,0.,1.));
#9306 = PCURVE('',#8888,#9307);
#9307 = DEFINITIONAL_REPRESENTATION('',(#9308),#9312);
#9308 = LINE('',#9309,#9310);
#9309 = CARTESIAN_POINT('',(-6.28318530718,0.));
#9310 = VECTOR('',#9311,1.);
#9311 = DIRECTION('',(-0.,-1.));
#9312 = ( GEOMETRIC_REPRESENTATION_CONTEXT(2) 
PARAMETRIC_REPRESENTATION_CONTEXT() REPRESENTATION_CONTEXT('2D SPACE',''
  ) );
#9313 = PCURVE('',#8888,#9314);
#9314 = DEFINITIONAL_REPRESENTATION('',(#9315),#9319);
#9315 = LINE('',#9316,#9317);
#9316 = CARTESIAN_POINT('',(-0.,0.));
#9317 = VECTOR('',#9318,1.);
#9318 = DIRECTION('',(-0.,-1.));
#9319 = ( GEOMETRIC_REPRESENTATION_CONTEXT(2) 
PARAMETRIC_REPRESENTATION_CONTEXT() REPRESENTATION_CONTEXT('2D SPACE',''
  ) );
#9320 = ORIENTED_EDGE('',*,*,#9171,.F.);
#9321 = ORIENTED_EDGE('',*,*,#9300,.F.);
#9322 = ADVANCED_FACE('',(#9323),#8946,.T.);
#9323 = FACE_BOUND('',#9324,.T.);
#9324 = EDGE_LOOP('',(#9325,#9326,#9347,#9348));
#9325 = ORIENTED_EDGE('',*,*,#8930,.F.);
#9326 = ORIENTED_EDGE('',*,*,#9327,.T.);
#9327 = EDGE_CURVE('',#8931,#9204,#9328,.T.);
#9328 = SURFACE_CURVE('',#9329,(#9333,#9340),.PCURVE_S1.);
#9329 = LINE('',#9330,#9331);
#9330 = CARTESIAN_POINT('',(68.,-4.5,-1.));
#9331 = VECTOR('',#9332,1.);
#9332 = DIRECTION('',(0.,0.,1.));
#9333 = PCURVE('',#8946,#9334);
#9334 = DEFINITIONAL_REPRESENTATION('',(#9335),#9339);
#9335 = LINE('',#9336,#9337);
#9336 = CARTESIAN_POINT('',(0.,0.));
#9337 = VECTOR('',#9338,1.);
#9338 = DIRECTION('',(0.,-1.));
#9339 = ( GEOMETRIC_REPRESENTATION_CONTEXT(2) 
PARAMETRIC_REPRESENTATION_CONTEXT() REPRESENTATION_CONTEXT('2D SPACE',''
  ) );
#9340 = PCURVE('',#8973,#9341);
#9341 = DEFINITIONAL_REPRESENTATION('',(#9342),#9346);
#9342 = LINE('',#9343,#9344);
#9343 = CARTESIAN_POINT('',(9.,0.));
#9344 = VECTOR('',#9345,1.);
#9345 = DIRECTION('',(0.,-1.));
#9346 = ( GEOMETRIC_REPRESENTATION_CONTEXT(2) 
PARAMETRIC_REPRESENTATION_CONTEXT() REPRESENTATION_CONTEXT('2D SPACE',''
  ) );
#9347 = ORIENTED_EDGE('',*,*,#9201,.F.);
#9348 = ORIENTED_EDGE('',*,*,#9349,.F.);
#9349 = EDGE_CURVE('',#8905,#9202,#9350,.T.);
#9350 = SURFACE_CURVE('',#9351,(#9355,#9362),.PCURVE_S1.);
#9351 = LINE('',#9352,#9353);
#9352 = CARTESIAN_POINT('',(88.,-4.5,-1.));
#9353 = VECTOR('',#9354,1.);
#9354 = DIRECTION('',(0.,0.,1.));
#9355 = PCURVE('',#8946,#9356);
#9356 = DEFINITIONAL_REPRESENTATION('',(#9357),#9361);
#9357 = LINE('',#9358,#9359);
#9358 = CARTESIAN_POINT('',(20.,0.));
#9359 = VECTOR('',#9360,1.);
#9360 = DIRECTION('',(0.,-1.));
#9361 = ( GEOMETRIC_REPRESENTATION_CONTEXT(2) 
PARAMETRIC_REPRESENTATION_CONTEXT() REPRESENTATION_CONTEXT('2D SPACE',''
  ) );
#9362 = PCURVE('',#8919,#9363);
#9363 = DEFINITIONAL_REPRESENTATION('',(#9364),#9368);
#9364 = LINE('',#9365,#9366);
#9365 = CARTESIAN_POINT('',(0.,0.));
#9366 = VECTOR('',#9367,1.);
#9367 = DIRECTION('',(0.,-1.));
#9368 = ( GEOMETRIC_REPRESENTATION_CONTEXT(2) 
PARAMETRIC_REPRESENTATION_CONTEXT() REPRESENTATION_CONTEXT('2D SPACE',''
  ) );
#9369 = ADVANCED_FACE('',(#9370),#8919,.T.);
#9370 = FACE_BOUND('',#9371,.T.);
#9371 = EDGE_LOOP('',(#9372,#9373,#9374,#9375));
#9372 = ORIENTED_EDGE('',*,*,#8902,.T.);
#9373 = ORIENTED_EDGE('',*,*,#9349,.T.);
#9374 = ORIENTED_EDGE('',*,*,#9270,.F.);
#9375 = ORIENTED_EDGE('',*,*,#9376,.F.);
#9376 = EDGE_CURVE('',#8903,#9248,#9377,.T.);
#9377 = SURFACE_CURVE('',#9378,(#9382,#9389),.PCURVE_S1.);
#9378 = LINE('',#9379,#9380);
#9379 = CARTESIAN_POINT('',(88.,4.5,-1.));
#9380 = VECTOR('',#9381,1.);
#9381 = DIRECTION('',(0.,0.,1.));
#9382 = PCURVE('',#8919,#9383);
#9383 = DEFINITIONAL_REPRESENTATION('',(#9384),#9388);
#9384 = LINE('',#9385,#9386);
#9385 = CARTESIAN_POINT('',(9.,0.));
#9386 = VECTOR('',#9387,1.);
#9387 = DIRECTION('',(0.,-1.));
#9388 = ( GEOMETRIC_REPRESENTATION_CONTEXT(2) 
PARAMETRIC_REPRESENTATION_CONTEXT() REPRESENTATION_CONTEXT('2D SPACE',''
  ) );
#9389 = PCURVE('',#8998,#9390);
#9390 = DEFINITIONAL_REPRESENTATION('',(#9391),#9395);
#9391 = LINE('',#9392,#9393);
#9392 = CARTESIAN_POINT('',(0.,-0.));
#9393 = VECTOR('',#9394,1.);
#9394 = DIRECTION('',(0.,-1.));
#9395 = ( GEOMETRIC_REPRESENTATION_CONTEXT(2) 
PARAMETRIC_REPRESENTATION_CONTEXT() REPRESENTATION_CONTEXT('2D SPACE',''
  ) );
#9396 = ADVANCED_FACE('',(#9397),#8998,.T.);
#9397 = FACE_BOUND('',#9398,.T.);
#9398 = EDGE_LOOP('',(#9399,#9400,#9401,#9402));
#9399 = ORIENTED_EDGE('',*,*,#8984,.F.);
#9400 = ORIENTED_EDGE('',*,*,#9376,.T.);
#9401 = ORIENTED_EDGE('',*,*,#9247,.F.);
#9402 = ORIENTED_EDGE('',*,*,#9403,.F.);
#9403 = EDGE_CURVE('',#8959,#9227,#9404,.T.);
#9404 = SURFACE_CURVE('',#9405,(#9409,#9416),.PCURVE_S1.);
#9405 = LINE('',#9406,#9407);
#9406 = CARTESIAN_POINT('',(68.,4.5,-1.));
#9407 = VECTOR('',#9408,1.);
#9408 = DIRECTION('',(0.,0.,1.));
#9409 = PCURVE('',#8998,#9410);
#9410 = DEFINITIONAL_REPRESENTATION('',(#9411),#9415);
#9411 = LINE('',#9412,#9413);
#9412 = CARTESIAN_POINT('',(20.,0.));
#9413 = VECTOR('',#9414,1.);
#9414 = DIRECTION('',(0.,-1.));
#9415 = ( GEOMETRIC_REPRESENTATION_CONTEXT(2) 
PARAMETRIC_REPRESENTATION_CONTEXT() REPRESENTATION_CONTEXT('2D SPACE',''
  ) );
#9416 = PCURVE('',#8973,#9417);
#9417 = DEFINITIONAL_REPRESENTATION('',(#9418),#9422);
#9418 = LINE('',#9419,#9420);
#9419 = CARTESIAN_POINT('',(0.,0.));
#9420 = VECTOR('',#9421,1.);
#9421 = DIRECTION('',(0.,-1.));
#9422 = ( GEOMETRIC_REPRESENTATION_CONTEXT(2) 
PARAMETRIC_REPRESENTATION_CONTEXT() REPRESENTATION_CONTEXT('2D SPACE',''
  ) );
#9423 = ADVANCED_FACE('',(#9424),#8973,.T.);
#9424 = FACE_BOUND('',#9425,.T.);
#9425 = EDGE_LOOP('',(#9426,#9427,#9428,#9429));
#9426 = ORIENTED_EDGE('',*,*,#8958,.T.);
#9427 = ORIENTED_EDGE('',*,*,#9403,.T.);
#9428 = ORIENTED_EDGE('',*,*,#9226,.F.);
#9429 = ORIENTED_EDGE('',*,*,#9327,.F.);
#9430 = ADVANCED_FACE('',(#9431),#9060,.F.);
#9431 = FACE_BOUND('',#9432,.T.);
#9432 = EDGE_LOOP('',(#9433,#9462,#9483,#9484));
#9433 = ORIENTED_EDGE('',*,*,#9434,.F.);
#9434 = EDGE_CURVE('',#9435,#9435,#9437,.T.);
#9435 = VERTEX_POINT('',#9436);
#9436 = CARTESIAN_POINT('',(-1.,34.5,25.));
#9437 = SURFACE_CURVE('',#9438,(#9443,#9450),.PCURVE_S1.);
#9438 = CIRCLE('',#9439,4.5);
#9439 = AXIS2_PLACEMENT_3D('',#9440,#9441,#9442);
#9440 = CARTESIAN_POINT('',(-1.,30.,25.));
#9441 = DIRECTION('',(1.,0.,0.));
#9442 = DIRECTION('',(0.,1.,0.));
#9443 = PCURVE('',#9060,#9444);
#9444 = DEFINITIONAL_REPRESENTATION('',(#9445),#9449);
#9445 = LINE('',#9446,#9447);
#9446 = CARTESIAN_POINT('',(-0.,0.));
#9447 = VECTOR('',#9448,1.);
#9448 = DIRECTION('',(-1.,0.));
#9449 = ( GEOMETRIC_REPRESENTATION_CONTEXT(2) 
PARAMETRIC_REPRESENTATION_CONTEXT() REPRESENTATION_CONTEXT('2D SPACE',''
  ) );
#9450 = PCURVE('',#9451,#9456);
#9451 = PLANE('',#9452);
#9452 = AXIS2_PLACEMENT_3D('',#9453,#9454,#9455);
#9453 = CARTESIAN_POINT('',(-1.,30.,25.));
#9454 = DIRECTION('',(1.,0.,0.));
#9455 = DIRECTION('',(-0.,0.,1.));
#9456 = DEFINITIONAL_REPRESENTATION('',(#9457),#9461);
#9457 = CIRCLE('',#9458,4.5);
#9458 = AXIS2_PLACEMENT_2D('',#9459,#9460);
#9459 = CARTESIAN_POINT('',(-3.552713678801E-15,3.552713678801E-15));
#9460 = DIRECTION('',(0.,-1.));
#9461 = ( GEOMETRIC_REPRESENTATION_CONTEXT(2) 
PARAMETRIC_REPRESENTATION_CONTEXT() REPRESENTATION_CONTEXT('2D SPACE',''
  ) );
#9462 = ORIENTED_EDGE('',*,*,#9463,.T.);
#9463 = EDGE_CURVE('',#9435,#9040,#9464,.T.);
#9464 = SEAM_CURVE('',#9465,(#9469,#9476),.PCURVE_S1.);
#9465 = LINE('',#9466,#9467);
#9466 = CARTESIAN_POINT('',(-1.,34.5,25.));
#9467 = VECTOR('',#9468,1.);
#9468 = DIRECTION('',(1.,0.,0.));
#9469 = PCURVE('',#9060,#9470);
#9470 = DEFINITIONAL_REPRESENTATION('',(#9471),#9475);
#9471 = LINE('',#9472,#9473);
#9472 = CARTESIAN_POINT('',(-6.28318530718,0.));
#9473 = VECTOR('',#9474,1.);
#9474 = DIRECTION('',(-0.,-1.));
#9475 = ( GEOMETRIC_REPRESENTATION_CONTEXT(2) 
PARAMETRIC_REPRESENTATION_CONTEXT() REPRESENTATION_CONTEXT('2D SPACE',''
  ) );
#9476 = PCURVE('',#9060,#9477);
#9477 = DEFINITIONAL_REPRESENTATION('',(#9478),#9482);
#9478 = LINE('',#9479,#9480);
#9479 = CARTESIAN_POINT('',(-0.,0.));
#9480 = VECTOR('',#9481,1.);
#9481 = DIRECTION('',(-0.,-1.));
#9482 = ( GEOMETRIC_REPRESENTATION_CONTEXT(2) 
PARAMETRIC_REPRESENTATION_CONTEXT() REPRESENTATION_CONTEXT('2D SPACE',''
  ) );
#9483 = ORIENTED_EDGE('',*,*,#9039,.F.);
#9484 = ORIENTED_EDGE('',*,*,#9463,.F.);
#9485 = ADVANCED_FACE('',(#9486),#9095,.F.);
#9486 = FACE_BOUND('',#9487,.T.);
#9487 = EDGE_LOOP('',(#9488,#9517,#9538,#9539));
#9488 = ORIENTED_EDGE('',*,*,#9489,.F.);
#9489 = EDGE_CURVE('',#9490,#9490,#9492,.T.);
#9490 = VERTEX_POINT('',#9491);
#9491 = CARTESIAN_POINT('',(-1.,4.5,25.));
#9492 = SURFACE_CURVE('',#9493,(#9498,#9505),.PCURVE_S1.);
#9493 = CIRCLE('',#9494,4.5);
#9494 = AXIS2_PLACEMENT_3D('',#9495,#9496,#9497);
#9495 = CARTESIAN_POINT('',(-1.,0.,25.));
#9496 = DIRECTION('',(1.,0.,0.));
#9497 = DIRECTION('',(0.,1.,0.));
#9498 = PCURVE('',#9095,#9499);
#9499 = DEFINITIONAL_REPRESENTATION('',(#9500),#9504);
#9500 = LINE('',#9501,#9502);
#9501 = CARTESIAN_POINT('',(-0.,0.));
#9502 = VECTOR('',#9503,1.);
#9503 = DIRECTION('',(-1.,0.));
#9504 = ( GEOMETRIC_REPRESENTATION_CONTEXT(2) 
PARAMETRIC_REPRESENTATION_CONTEXT() REPRESENTATION_CONTEXT('2D SPACE',''
  ) );
#9505 = PCURVE('',#9506,#9511);
#9506 = PLANE('',#9507);
#9507 = AXIS2_PLACEMENT_3D('',#9508,#9509,#9510);
#9508 = CARTESIAN_POINT('',(-1.,-3.038755850088E-16,25.));
#9509 = DIRECTION('',(1.,0.,0.));
#9510 = DIRECTION('',(-0.,0.,1.));
#9511 = DEFINITIONAL_REPRESENTATION('',(#9512),#9516);
#9512 = CIRCLE('',#9513,4.5);
#9513 = AXIS2_PLACEMENT_2D('',#9514,#9515);
#9514 = CARTESIAN_POINT('',(3.552713678801E-15,-3.038755850088E-16));
#9515 = DIRECTION('',(0.,-1.));
#9516 = ( GEOMETRIC_REPRESENTATION_CONTEXT(2) 
PARAMETRIC_REPRESENTATION_CONTEXT() REPRESENTATION_CONTEXT('2D SPACE',''
  ) );
#9517 = ORIENTED_EDGE('',*,*,#9518,.T.);
#9518 = EDGE_CURVE('',#9490,#9075,#9519,.T.);
#9519 = SEAM_CURVE('',#9520,(#9524,#9531),.PCURVE_S1.);
#9520 = LINE('',#9521,#9522);
#9521 = CARTESIAN_POINT('',(-1.,4.5,25.));
#9522 = VECTOR('',#9523,1.);
#9523 = DIRECTION('',(1.,0.,0.));
#9524 = PCURVE('',#9095,#9525);
#9525 = DEFINITIONAL_REPRESENTATION('',(#9526),#9530);
#9526 = LINE('',#9527,#9528);
#9527 = CARTESIAN_POINT('',(-6.28318530718,0.));
#9528 = VECTOR('',#9529,1.);
#9529 = DIRECTION('',(-0.,-1.));
#9530 = ( GEOMETRIC_REPRESENTATION_CONTEXT(2) 
PARAMETRIC_REPRESENTATION_CONTEXT() REPRESENTATION_CONTEXT('2D SPACE',''
  ) );
#9531 = PCURVE('',#9095,#9532);
#9532 = DEFINITIONAL_REPRESENTATION('',(#9533),#9537);
#9533 = LINE('',#9534,#9535);
#9534 = CARTESIAN_POINT('',(-0.,0.));
#9535 = VECTOR('',#9536,1.);
#9536 = DIRECTION('',(-0.,-1.));
#9537 = ( GEOMETRIC_REPRESENTATION_CONTEXT(2) 
PARAMETRIC_REPRESENTATION_CONTEXT() REPRESENTATION_CONTEXT('2D SPACE',''
  ) );
#9538 = ORIENTED_EDGE('',*,*,#9074,.F.);
#9539 = ORIENTED_EDGE('',*,*,#9518,.F.);
#9540 = ADVANCED_FACE('',(#9541),#9130,.F.);
#9541 = FACE_BOUND('',#9542,.T.);
#9542 = EDGE_LOOP('',(#9543,#9572,#9593,#9594));
#9543 = ORIENTED_EDGE('',*,*,#9544,.F.);
#9544 = EDGE_CURVE('',#9545,#9545,#9547,.T.);
#9545 = VERTEX_POINT('',#9546);
#9546 = CARTESIAN_POINT('',(-1.,-25.5,25.));
#9547 = SURFACE_CURVE('',#9548,(#9553,#9560),.PCURVE_S1.);
#9548 = CIRCLE('',#9549,4.5);
#9549 = AXIS2_PLACEMENT_3D('',#9550,#9551,#9552);
#9550 = CARTESIAN_POINT('',(-1.,-30.,25.));
#9551 = DIRECTION('',(1.,0.,0.));
#9552 = DIRECTION('',(0.,1.,0.));
#9553 = PCURVE('',#9130,#9554);
#9554 = DEFINITIONAL_REPRESENTATION('',(#9555),#9559);
#9555 = LINE('',#9556,#9557);
#9556 = CARTESIAN_POINT('',(-0.,0.));
#9557 = VECTOR('',#9558,1.);
#9558 = DIRECTION('',(-1.,0.));
#9559 = ( GEOMETRIC_REPRESENTATION_CONTEXT(2) 
PARAMETRIC_REPRESENTATION_CONTEXT() REPRESENTATION_CONTEXT('2D SPACE',''
  ) );
#9560 = PCURVE('',#9561,#9566);
#9561 = PLANE('',#9562);
#9562 = AXIS2_PLACEMENT_3D('',#9563,#9564,#9565);
#9563 = CARTESIAN_POINT('',(-1.,-30.,25.));
#9564 = DIRECTION('',(1.,0.,0.));
#9565 = DIRECTION('',(-0.,0.,1.));
#9566 = DEFINITIONAL_REPRESENTATION('',(#9567),#9571);
#9567 = CIRCLE('',#9568,4.5);
#9568 = AXIS2_PLACEMENT_2D('',#9569,#9570);
#9569 = CARTESIAN_POINT('',(-3.552713678801E-15,0.));
#9570 = DIRECTION('',(0.,-1.));
#9571 = ( GEOMETRIC_REPRESENTATION_CONTEXT(2) 
PARAMETRIC_REPRESENTATION_CONTEXT() REPRESENTATION_CONTEXT('2D SPACE',''
  ) );
#9572 = ORIENTED_EDGE('',*,*,#9573,.T.);
#9573 = EDGE_CURVE('',#9545,#9110,#9574,.T.);
#9574 = SEAM_CURVE('',#9575,(#9579,#9586),.PCURVE_S1.);
#9575 = LINE('',#9576,#9577);
#9576 = CARTESIAN_POINT('',(-1.,-25.5,25.));
#9577 = VECTOR('',#9578,1.);
#9578 = DIRECTION('',(1.,0.,0.));
#9579 = PCURVE('',#9130,#9580);
#9580 = DEFINITIONAL_REPRESENTATION('',(#9581),#9585);
#9581 = LINE('',#9582,#9583);
#9582 = CARTESIAN_POINT('',(-6.28318530718,0.));
#9583 = VECTOR('',#9584,1.);
#9584 = DIRECTION('',(-0.,-1.));
#9585 = ( GEOMETRIC_REPRESENTATION_CONTEXT(2) 
PARAMETRIC_REPRESENTATION_CONTEXT() REPRESENTATION_CONTEXT('2D SPACE',''
  ) );
#9586 = PCURVE('',#9130,#9587);
#9587 = DEFINITIONAL_REPRESENTATION('',(#9588),#9592);
#9588 = LINE('',#9589,#9590);
#9589 = CARTESIAN_POINT('',(-0.,0.));
#9590 = VECTOR('',#9591,1.);
#9591 = DIRECTION('',(-0.,-1.));
#9592 = ( GEOMETRIC_REPRESENTATION_CONTEXT(2) 
PARAMETRIC_REPRESENTATION_CONTEXT() REPRESENTATION_CONTEXT('2D SPACE',''
  ) );
#9593 = ORIENTED_EDGE('',*,*,#9109,.F.);
#9594 = ORIENTED_EDGE('',*,*,#9573,.F.);
#9595 = ADVANCED_FACE('',(#9596),#9451,.T.);
#9596 = FACE_BOUND('',#9597,.T.);
#9597 = EDGE_LOOP('',(#9598));
#9598 = ORIENTED_EDGE('',*,*,#9434,.T.);
#9599 = ADVANCED_FACE('',(#9600),#9506,.T.);
#9600 = FACE_BOUND('',#9601,.T.);
#9601 = EDGE_LOOP('',(#9602));
#9602 = ORIENTED_EDGE('',*,*,#9489,.T.);
#9603 = ADVANCED_FACE('',(#9604),#9561,.T.);
#9604 = FACE_BOUND('',#9605,.T.);
#9605 = EDGE_LOOP('',(#9606));
#9606 = ORIENTED_EDGE('',*,*,#9544,.T.);
#9607 = ( GEOMETRIC_REPRESENTATION_CONTEXT(3) 
GLOBAL_UNCERTAINTY_ASSIGNED_CONTEXT((#9611)) 
GLOBAL_UNIT_ASSIGNED_CONTEXT((#9608,#9609,#9610)) REPRESENTATION_CONTEXT
('Context #1','3D Context with UNIT and UNCERTAINTY') );
#9608 = ( LENGTH_UNIT() NAMED_UNIT(*) SI_UNIT(.MILLI.,.METRE.) );
#9609 = ( NAMED_UNIT(*) PLANE_ANGLE_UNIT() SI_UNIT($,.RADIAN.) );
#9610 = ( NAMED_UNIT(*) SI_UNIT($,.STERADIAN.) SOLID_ANGLE_UNIT() );
#9611 = UNCERTAINTY_MEASURE_WITH_UNIT(LENGTH_MEASURE(1.E-07),#9608,
  'distance_accuracy_value','confusion accuracy');
#9612 = CONTEXT_DEPENDENT_SHAPE_REPRESENTATION(#9613,#9615);
#9613 = ( REPRESENTATION_RELATIONSHIP('','',#8438,#10) 
REPRESENTATION_RELATIONSHIP_WITH_TRANSFORMATION(#9614) 
SHAPE_REPRESENTATION_RELATIONSHIP() );
#9614 = ITEM_DEFINED_TRANSFORMATION('','',#11,#71);
#9615 = PRODUCT_DEFINITION_SHAPE('Placement','Placement of an item',
  #9616);
#9616 = NEXT_ASSEMBLY_USAGE_OCCURRENCE('26','','',#5,#8433,$);
#9617 = PRODUCT_RELATED_PRODUCT_CATEGORY('part',$,(#8435));
#9618 = SHAPE_DEFINITION_REPRESENTATION(#9619,#9625);
#9619 = PRODUCT_DEFINITION_SHAPE('','',#9620);
#9620 = PRODUCT_DEFINITION('design','',#9621,#9624);
#9621 = PRODUCT_DEFINITION_FORMATION('','',#9622);
#9622 = PRODUCT('Open CASCADE STEP translator 7.8 12.16',
  'Open CASCADE STEP translator 7.8 12.16','',(#9623));
#9623 = PRODUCT_CONTEXT('',#2,'mechanical');
#9624 = PRODUCT_DEFINITION_CONTEXT('part definition',#2,'design');
#9625 = ADVANCED_BREP_SHAPE_REPRESENTATION('',(#11,#9626),#10794);
#9626 = MANIFOLD_SOLID_BREP('',#9627);
#9627 = CLOSED_SHELL('',(#9628,#9748,#9880,#9929,#10024,#10196,#10328,
    #10475,#10482,#10509,#10556,#10583,#10610,#10617,#10672,#10727,
    #10782,#10786,#10790));
#9628 = ADVANCED_FACE('',(#9629),#9643,.F.);
#9629 = FACE_BOUND('',#9630,.F.);
#9630 = EDGE_LOOP('',(#9631,#9666,#9694,#9722));
#9631 = ORIENTED_EDGE('',*,*,#9632,.F.);
#9632 = EDGE_CURVE('',#9633,#9635,#9637,.T.);
#9633 = VERTEX_POINT('',#9634);
#9634 = CARTESIAN_POINT('',(-1.5,-50.,0.));
#9635 = VERTEX_POINT('',#9636);
#9636 = CARTESIAN_POINT('',(-1.5,-50.,50.));
#9637 = SURFACE_CURVE('',#9638,(#9642,#9654),.PCURVE_S1.);
#9638 = LINE('',#9639,#9640);
#9639 = CARTESIAN_POINT('',(-1.5,-50.,0.));
#9640 = VECTOR('',#9641,1.);
#9641 = DIRECTION('',(0.,0.,1.));
#9642 = PCURVE('',#9643,#9648);
#9643 = PLANE('',#9644);
#9644 = AXIS2_PLACEMENT_3D('',#9645,#9646,#9647);
#9645 = CARTESIAN_POINT('',(-1.5,-50.,0.));
#9646 = DIRECTION('',(1.,0.,0.));
#9647 = DIRECTION('',(0.,0.,1.));
#9648 = DEFINITIONAL_REPRESENTATION('',(#9649),#9653);
#9649 = LINE('',#9650,#9651);
#9650 = CARTESIAN_POINT('',(0.,0.));
#9651 = VECTOR('',#9652,1.);
#9652 = DIRECTION('',(1.,0.));
#9653 = ( GEOMETRIC_REPRESENTATION_CONTEXT(2) 
PARAMETRIC_REPRESENTATION_CONTEXT() REPRESENTATION_CONTEXT('2D SPACE',''
  ) );
#9654 = PCURVE('',#9655,#9660);
#9655 = PLANE('',#9656);
#9656 = AXIS2_PLACEMENT_3D('',#9657,#9658,#9659);
#9657 = CARTESIAN_POINT('',(-1.5,-50.,0.));
#9658 = DIRECTION('',(0.,1.,0.));
#9659 = DIRECTION('',(0.,0.,1.));
#9660 = DEFINITIONAL_REPRESENTATION('',(#9661),#9665);
#9661 = LINE('',#9662,#9663);
#9662 = CARTESIAN_POINT('',(0.,0.));
#9663 = VECTOR('',#9664,1.);
#9664 = DIRECTION('',(1.,0.));
#9665 = ( GEOMETRIC_REPRESENTATION_CONTEXT(2) 
PARAMETRIC_REPRESENTATION_CONTEXT() REPRESENTATION_CONTEXT('2D SPACE',''
  ) );
#9666 = ORIENTED_EDGE('',*,*,#9667,.T.);
#9667 = EDGE_CURVE('',#9633,#9668,#9670,.T.);
#9668 = VERTEX_POINT('',#9669);
#9669 = CARTESIAN_POINT('',(-1.5,50.,0.));
#9670 = SURFACE_CURVE('',#9671,(#9675,#9682),.PCURVE_S1.);
#9671 = LINE('',#9672,#9673);
#9672 = CARTESIAN_POINT('',(-1.5,-50.,0.));
#9673 = VECTOR('',#9674,1.);
#9674 = DIRECTION('',(0.,1.,0.));
#9675 = PCURVE('',#9643,#9676);
#9676 = DEFINITIONAL_REPRESENTATION('',(#9677),#9681);
#9677 = LINE('',#9678,#9679);
#9678 = CARTESIAN_POINT('',(0.,0.));
#9679 = VECTOR('',#9680,1.);
#9680 = DIRECTION('',(0.,-1.));
#9681 = ( GEOMETRIC_REPRESENTATION_CONTEXT(2) 
PARAMETRIC_REPRESENTATION_CONTEXT() REPRESENTATION_CONTEXT('2D SPACE',''
  ) );
#9682 = PCURVE('',#9683,#9688);
#9683 = PLANE('',#9684);
#9684 = AXIS2_PLACEMENT_3D('',#9685,#9686,#9687);
#9685 = CARTESIAN_POINT('',(-1.5,-50.,0.));
#9686 = DIRECTION('',(0.,0.,1.));
#9687 = DIRECTION('',(1.,0.,0.));
#9688 = DEFINITIONAL_REPRESENTATION('',(#9689),#9693);
#9689 = LINE('',#9690,#9691);
#9690 = CARTESIAN_POINT('',(0.,0.));
#9691 = VECTOR('',#9692,1.);
#9692 = DIRECTION('',(0.,1.));
#9693 = ( GEOMETRIC_REPRESENTATION_CONTEXT(2) 
PARAMETRIC_REPRESENTATION_CONTEXT() REPRESENTATION_CONTEXT('2D SPACE',''
  ) );
#9694 = ORIENTED_EDGE('',*,*,#9695,.T.);
#9695 = EDGE_CURVE('',#9668,#9696,#9698,.T.);
#9696 = VERTEX_POINT('',#9697);
#9697 = CARTESIAN_POINT('',(-1.5,50.,50.));
#9698 = SURFACE_CURVE('',#9699,(#9703,#9710),.PCURVE_S1.);
#9699 = LINE('',#9700,#9701);
#9700 = CARTESIAN_POINT('',(-1.5,50.,0.));
#9701 = VECTOR('',#9702,1.);
#9702 = DIRECTION('',(0.,0.,1.));
#9703 = PCURVE('',#9643,#9704);
#9704 = DEFINITIONAL_REPRESENTATION('',(#9705),#9709);
#9705 = LINE('',#9706,#9707);
#9706 = CARTESIAN_POINT('',(0.,-100.));
#9707 = VECTOR('',#9708,1.);
#9708 = DIRECTION('',(1.,0.));
#9709 = ( GEOMETRIC_REPRESENTATION_CONTEXT(2) 
PARAMETRIC_REPRESENTATION_CONTEXT() REPRESENTATION_CONTEXT('2D SPACE',''
  ) );
#9710 = PCURVE('',#9711,#9716);
#9711 = PLANE('',#9712);
#9712 = AXIS2_PLACEMENT_3D('',#9713,#9714,#9715);
#9713 = CARTESIAN_POINT('',(-1.5,50.,0.));
#9714 = DIRECTION('',(0.,1.,0.));
#9715 = DIRECTION('',(0.,0.,1.));
#9716 = DEFINITIONAL_REPRESENTATION('',(#9717),#9721);
#9717 = LINE('',#9718,#9719);
#9718 = CARTESIAN_POINT('',(0.,0.));
#9719 = VECTOR('',#9720,1.);
#9720 = DIRECTION('',(1.,0.));
#9721 = ( GEOMETRIC_REPRESENTATION_CONTEXT(2) 
PARAMETRIC_REPRESENTATION_CONTEXT() REPRESENTATION_CONTEXT('2D SPACE',''
  ) );
#9722 = ORIENTED_EDGE('',*,*,#9723,.F.);
#9723 = EDGE_CURVE('',#9635,#9696,#9724,.T.);
#9724 = SURFACE_CURVE('',#9725,(#9729,#9736),.PCURVE_S1.);
#9725 = LINE('',#9726,#9727);
#9726 = CARTESIAN_POINT('',(-1.5,-50.,50.));
#9727 = VECTOR('',#9728,1.);
#9728 = DIRECTION('',(0.,1.,0.));
#9729 = PCURVE('',#9643,#9730);
#9730 = DEFINITIONAL_REPRESENTATION('',(#9731),#9735);
#9731 = LINE('',#9732,#9733);
#9732 = CARTESIAN_POINT('',(50.,0.));
#9733 = VECTOR('',#9734,1.);
#9734 = DIRECTION('',(0.,-1.));
#9735 = ( GEOMETRIC_REPRESENTATION_CONTEXT(2) 
PARAMETRIC_REPRESENTATION_CONTEXT() REPRESENTATION_CONTEXT('2D SPACE',''
  ) );
#9736 = PCURVE('',#9737,#9742);
#9737 = PLANE('',#9738);
#9738 = AXIS2_PLACEMENT_3D('',#9739,#9740,#9741);
#9739 = CARTESIAN_POINT('',(-1.5,-50.,50.));
#9740 = DIRECTION('',(0.,0.,1.));
#9741 = DIRECTION('',(1.,0.,0.));
#9742 = DEFINITIONAL_REPRESENTATION('',(#9743),#9747);
#9743 = LINE('',#9744,#9745);
#9744 = CARTESIAN_POINT('',(0.,0.));
#9745 = VECTOR('',#9746,1.);
#9746 = DIRECTION('',(0.,1.));
#9747 = ( GEOMETRIC_REPRESENTATION_CONTEXT(2) 
PARAMETRIC_REPRESENTATION_CONTEXT() REPRESENTATION_CONTEXT('2D SPACE',''
  ) );
#9748 = ADVANCED_FACE('',(#9749),#9655,.F.);
#9749 = FACE_BOUND('',#9750,.F.);
#9750 = EDGE_LOOP('',(#9751,#9774,#9775,#9798,#9826,#9854));
#9751 = ORIENTED_EDGE('',*,*,#9752,.F.);
#9752 = EDGE_CURVE('',#9633,#9753,#9755,.T.);
#9753 = VERTEX_POINT('',#9754);
#9754 = CARTESIAN_POINT('',(101.5,-50.,0.));
#9755 = SURFACE_CURVE('',#9756,(#9760,#9767),.PCURVE_S1.);
#9756 = LINE('',#9757,#9758);
#9757 = CARTESIAN_POINT('',(-1.5,-50.,0.));
#9758 = VECTOR('',#9759,1.);
#9759 = DIRECTION('',(1.,0.,0.));
#9760 = PCURVE('',#9655,#9761);
#9761 = DEFINITIONAL_REPRESENTATION('',(#9762),#9766);
#9762 = LINE('',#9763,#9764);
#9763 = CARTESIAN_POINT('',(0.,0.));
#9764 = VECTOR('',#9765,1.);
#9765 = DIRECTION('',(0.,1.));
#9766 = ( GEOMETRIC_REPRESENTATION_CONTEXT(2) 
PARAMETRIC_REPRESENTATION_CONTEXT() REPRESENTATION_CONTEXT('2D SPACE',''
  ) );
#9767 = PCURVE('',#9683,#9768);
#9768 = DEFINITIONAL_REPRESENTATION('',(#9769),#9773);
#9769 = LINE('',#9770,#9771);
#9770 = CARTESIAN_POINT('',(0.,0.));
#9771 = VECTOR('',#9772,1.);
#9772 = DIRECTION('',(1.,0.));
#9773 = ( GEOMETRIC_REPRESENTATION_CONTEXT(2) 
PARAMETRIC_REPRESENTATION_CONTEXT() REPRESENTATION_CONTEXT('2D SPACE',''
  ) );
#9774 = ORIENTED_EDGE('',*,*,#9632,.T.);
#9775 = ORIENTED_EDGE('',*,*,#9776,.T.);
#9776 = EDGE_CURVE('',#9635,#9777,#9779,.T.);
#9777 = VERTEX_POINT('',#9778);
#9778 = CARTESIAN_POINT('',(1.5,-50.,50.));
#9779 = SURFACE_CURVE('',#9780,(#9784,#9791),.PCURVE_S1.);
#9780 = LINE('',#9781,#9782);
#9781 = CARTESIAN_POINT('',(-1.5,-50.,50.));
#9782 = VECTOR('',#9783,1.);
#9783 = DIRECTION('',(1.,0.,0.));
#9784 = PCURVE('',#9655,#9785);
#9785 = DEFINITIONAL_REPRESENTATION('',(#9786),#9790);
#9786 = LINE('',#9787,#9788);
#9787 = CARTESIAN_POINT('',(50.,0.));
#9788 = VECTOR('',#9789,1.);
#9789 = DIRECTION('',(0.,1.));
#9790 = ( GEOMETRIC_REPRESENTATION_CONTEXT(2) 
PARAMETRIC_REPRESENTATION_CONTEXT() REPRESENTATION_CONTEXT('2D SPACE',''
  ) );
#9791 = PCURVE('',#9737,#9792);
#9792 = DEFINITIONAL_REPRESENTATION('',(#9793),#9797);
#9793 = LINE('',#9794,#9795);
#9794 = CARTESIAN_POINT('',(0.,0.));
#9795 = VECTOR('',#9796,1.);
#9796 = DIRECTION('',(1.,0.));
#9797 = ( GEOMETRIC_REPRESENTATION_CONTEXT(2) 
PARAMETRIC_REPRESENTATION_CONTEXT() REPRESENTATION_CONTEXT('2D SPACE',''
  ) );
#9798 = ORIENTED_EDGE('',*,*,#9799,.F.);
#9799 = EDGE_CURVE('',#9800,#9777,#9802,.T.);
#9800 = VERTEX_POINT('',#9801);
#9801 = CARTESIAN_POINT('',(1.5,-50.,3.));
#9802 = SURFACE_CURVE('',#9803,(#9807,#9814),.PCURVE_S1.);
#9803 = LINE('',#9804,#9805);
#9804 = CARTESIAN_POINT('',(1.5,-50.,0.));
#9805 = VECTOR('',#9806,1.);
#9806 = DIRECTION('',(0.,0.,1.));
#9807 = PCURVE('',#9655,#9808);
#9808 = DEFINITIONAL_REPRESENTATION('',(#9809),#9813);
#9809 = LINE('',#9810,#9811);
#9810 = CARTESIAN_POINT('',(0.,3.));
#9811 = VECTOR('',#9812,1.);
#9812 = DIRECTION('',(1.,0.));
#9813 = ( GEOMETRIC_REPRESENTATION_CONTEXT(2) 
PARAMETRIC_REPRESENTATION_CONTEXT() REPRESENTATION_CONTEXT('2D SPACE',''
  ) );
#9814 = PCURVE('',#9815,#9820);
#9815 = PLANE('',#9816);
#9816 = AXIS2_PLACEMENT_3D('',#9817,#9818,#9819);
#9817 = CARTESIAN_POINT('',(1.5,-50.,0.));
#9818 = DIRECTION('',(1.,0.,0.));
#9819 = DIRECTION('',(0.,0.,1.));
#9820 = DEFINITIONAL_REPRESENTATION('',(#9821),#9825);
#9821 = LINE('',#9822,#9823);
#9822 = CARTESIAN_POINT('',(0.,0.));
#9823 = VECTOR('',#9824,1.);
#9824 = DIRECTION('',(1.,0.));
#9825 = ( GEOMETRIC_REPRESENTATION_CONTEXT(2) 
PARAMETRIC_REPRESENTATION_CONTEXT() REPRESENTATION_CONTEXT('2D SPACE',''
  ) );
#9826 = ORIENTED_EDGE('',*,*,#9827,.T.);
#9827 = EDGE_CURVE('',#9800,#9828,#9830,.T.);
#9828 = VERTEX_POINT('',#9829);
#9829 = CARTESIAN_POINT('',(101.5,-50.,3.));
#9830 = SURFACE_CURVE('',#9831,(#9835,#9842),.PCURVE_S1.);
#9831 = LINE('',#9832,#9833);
#9832 = CARTESIAN_POINT('',(1.5,-50.,3.));
#9833 = VECTOR('',#9834,1.);
#9834 = DIRECTION('',(1.,0.,0.));
#9835 = PCURVE('',#9655,#9836);
#9836 = DEFINITIONAL_REPRESENTATION('',(#9837),#9841);
#9837 = LINE('',#9838,#9839);
#9838 = CARTESIAN_POINT('',(3.,3.));
#9839 = VECTOR('',#9840,1.);
#9840 = DIRECTION('',(0.,1.));
#9841 = ( GEOMETRIC_REPRESENTATION_CONTEXT(2) 
PARAMETRIC_REPRESENTATION_CONTEXT() REPRESENTATION_CONTEXT('2D SPACE',''
  ) );
#9842 = PCURVE('',#9843,#9848);
#9843 = PLANE('',#9844);
#9844 = AXIS2_PLACEMENT_3D('',#9845,#9846,#9847);
#9845 = CARTESIAN_POINT('',(1.5,-50.,3.));
#9846 = DIRECTION('',(0.,0.,1.));
#9847 = DIRECTION('',(1.,0.,0.));
#9848 = DEFINITIONAL_REPRESENTATION('',(#9849),#9853);
#9849 = LINE('',#9850,#9851);
#9850 = CARTESIAN_POINT('',(0.,0.));
#9851 = VECTOR('',#9852,1.);
#9852 = DIRECTION('',(1.,0.));
#9853 = ( GEOMETRIC_REPRESENTATION_CONTEXT(2) 
PARAMETRIC_REPRESENTATION_CONTEXT() REPRESENTATION_CONTEXT('2D SPACE',''
  ) );
#9854 = ORIENTED_EDGE('',*,*,#9855,.F.);
#9855 = EDGE_CURVE('',#9753,#9828,#9856,.T.);
#9856 = SURFACE_CURVE('',#9857,(#9861,#9868),.PCURVE_S1.);
#9857 = LINE('',#9858,#9859);
#9858 = CARTESIAN_POINT('',(101.5,-50.,0.));
#9859 = VECTOR('',#9860,1.);
#9860 = DIRECTION('',(0.,0.,1.));
#9861 = PCURVE('',#9655,#9862);
#9862 = DEFINITIONAL_REPRESENTATION('',(#9863),#9867);
#9863 = LINE('',#9864,#9865);
#9864 = CARTESIAN_POINT('',(0.,103.));
#9865 = VECTOR('',#9866,1.);
#9866 = DIRECTION('',(1.,0.));
#9867 = ( GEOMETRIC_REPRESENTATION_CONTEXT(2) 
PARAMETRIC_REPRESENTATION_CONTEXT() REPRESENTATION_CONTEXT('2D SPACE',''
  ) );
#9868 = PCURVE('',#9869,#9874);
#9869 = PLANE('',#9870);
#9870 = AXIS2_PLACEMENT_3D('',#9871,#9872,#9873);
#9871 = CARTESIAN_POINT('',(101.5,-50.,0.));
#9872 = DIRECTION('',(1.,0.,0.));
#9873 = DIRECTION('',(0.,0.,1.));
#9874 = DEFINITIONAL_REPRESENTATION('',(#9875),#9879);
#9875 = LINE('',#9876,#9877);
#9876 = CARTESIAN_POINT('',(0.,0.));
#9877 = VECTOR('',#9878,1.);
#9878 = DIRECTION('',(1.,0.));
#9879 = ( GEOMETRIC_REPRESENTATION_CONTEXT(2) 
PARAMETRIC_REPRESENTATION_CONTEXT() REPRESENTATION_CONTEXT('2D SPACE',''
  ) );
#9880 = ADVANCED_FACE('',(#9881),#9737,.T.);
#9881 = FACE_BOUND('',#9882,.T.);
#9882 = EDGE_LOOP('',(#9883,#9884,#9885,#9908));
#9883 = ORIENTED_EDGE('',*,*,#9723,.F.);
#9884 = ORIENTED_EDGE('',*,*,#9776,.T.);
#9885 = ORIENTED_EDGE('',*,*,#9886,.T.);
#9886 = EDGE_CURVE('',#9777,#9887,#9889,.T.);
#9887 = VERTEX_POINT('',#9888);
#9888 = CARTESIAN_POINT('',(1.5,50.,50.));
#9889 = SURFACE_CURVE('',#9890,(#9894,#9901),.PCURVE_S1.);
#9890 = LINE('',#9891,#9892);
#9891 = CARTESIAN_POINT('',(1.5,-50.,50.));
#9892 = VECTOR('',#9893,1.);
#9893 = DIRECTION('',(0.,1.,0.));
#9894 = PCURVE('',#9737,#9895);
#9895 = DEFINITIONAL_REPRESENTATION('',(#9896),#9900);
#9896 = LINE('',#9897,#9898);
#9897 = CARTESIAN_POINT('',(3.,0.));
#9898 = VECTOR('',#9899,1.);
#9899 = DIRECTION('',(0.,1.));
#9900 = ( GEOMETRIC_REPRESENTATION_CONTEXT(2) 
PARAMETRIC_REPRESENTATION_CONTEXT() REPRESENTATION_CONTEXT('2D SPACE',''
  ) );
#9901 = PCURVE('',#9815,#9902);
#9902 = DEFINITIONAL_REPRESENTATION('',(#9903),#9907);
#9903 = LINE('',#9904,#9905);
#9904 = CARTESIAN_POINT('',(50.,0.));
#9905 = VECTOR('',#9906,1.);
#9906 = DIRECTION('',(0.,-1.));
#9907 = ( GEOMETRIC_REPRESENTATION_CONTEXT(2) 
PARAMETRIC_REPRESENTATION_CONTEXT() REPRESENTATION_CONTEXT('2D SPACE',''
  ) );
#9908 = ORIENTED_EDGE('',*,*,#9909,.F.);
#9909 = EDGE_CURVE('',#9696,#9887,#9910,.T.);
#9910 = SURFACE_CURVE('',#9911,(#9915,#9922),.PCURVE_S1.);
#9911 = LINE('',#9912,#9913);
#9912 = CARTESIAN_POINT('',(-1.5,50.,50.));
#9913 = VECTOR('',#9914,1.);
#9914 = DIRECTION('',(1.,0.,0.));
#9915 = PCURVE('',#9737,#9916);
#9916 = DEFINITIONAL_REPRESENTATION('',(#9917),#9921);
#9917 = LINE('',#9918,#9919);
#9918 = CARTESIAN_POINT('',(0.,100.));
#9919 = VECTOR('',#9920,1.);
#9920 = DIRECTION('',(1.,0.));
#9921 = ( GEOMETRIC_REPRESENTATION_CONTEXT(2) 
PARAMETRIC_REPRESENTATION_CONTEXT() REPRESENTATION_CONTEXT('2D SPACE',''
  ) );
#9922 = PCURVE('',#9711,#9923);
#9923 = DEFINITIONAL_REPRESENTATION('',(#9924),#9928);
#9924 = LINE('',#9925,#9926);
#9925 = CARTESIAN_POINT('',(50.,0.));
#9926 = VECTOR('',#9927,1.);
#9927 = DIRECTION('',(0.,1.));
#9928 = ( GEOMETRIC_REPRESENTATION_CONTEXT(2) 
PARAMETRIC_REPRESENTATION_CONTEXT() REPRESENTATION_CONTEXT('2D SPACE',''
  ) );
#9929 = ADVANCED_FACE('',(#9930),#9711,.T.);
#9930 = FACE_BOUND('',#9931,.T.);
#9931 = EDGE_LOOP('',(#9932,#9933,#9934,#9957,#9980,#10003));
#9932 = ORIENTED_EDGE('',*,*,#9695,.T.);
#9933 = ORIENTED_EDGE('',*,*,#9909,.T.);
#9934 = ORIENTED_EDGE('',*,*,#9935,.F.);
#9935 = EDGE_CURVE('',#9936,#9887,#9938,.T.);
#9936 = VERTEX_POINT('',#9937);
#9937 = CARTESIAN_POINT('',(1.5,50.,3.));
#9938 = SURFACE_CURVE('',#9939,(#9943,#9950),.PCURVE_S1.);
#9939 = LINE('',#9940,#9941);
#9940 = CARTESIAN_POINT('',(1.5,50.,0.));
#9941 = VECTOR('',#9942,1.);
#9942 = DIRECTION('',(0.,0.,1.));
#9943 = PCURVE('',#9711,#9944);
#9944 = DEFINITIONAL_REPRESENTATION('',(#9945),#9949);
#9945 = LINE('',#9946,#9947);
#9946 = CARTESIAN_POINT('',(0.,3.));
#9947 = VECTOR('',#9948,1.);
#9948 = DIRECTION('',(1.,0.));
#9949 = ( GEOMETRIC_REPRESENTATION_CONTEXT(2) 
PARAMETRIC_REPRESENTATION_CONTEXT() REPRESENTATION_CONTEXT('2D SPACE',''
  ) );
#9950 = PCURVE('',#9815,#9951);
#9951 = DEFINITIONAL_REPRESENTATION('',(#9952),#9956);
#9952 = LINE('',#9953,#9954);
#9953 = CARTESIAN_POINT('',(0.,-100.));
#9954 = VECTOR('',#9955,1.);
#9955 = DIRECTION('',(1.,0.));
#9956 = ( GEOMETRIC_REPRESENTATION_CONTEXT(2) 
PARAMETRIC_REPRESENTATION_CONTEXT() REPRESENTATION_CONTEXT('2D SPACE',''
  ) );
#9957 = ORIENTED_EDGE('',*,*,#9958,.T.);
#9958 = EDGE_CURVE('',#9936,#9959,#9961,.T.);
#9959 = VERTEX_POINT('',#9960);
#9960 = CARTESIAN_POINT('',(101.5,50.,3.));
#9961 = SURFACE_CURVE('',#9962,(#9966,#9973),.PCURVE_S1.);
#9962 = LINE('',#9963,#9964);
#9963 = CARTESIAN_POINT('',(1.5,50.,3.));
#9964 = VECTOR('',#9965,1.);
#9965 = DIRECTION('',(1.,0.,0.));
#9966 = PCURVE('',#9711,#9967);
#9967 = DEFINITIONAL_REPRESENTATION('',(#9968),#9972);
#9968 = LINE('',#9969,#9970);
#9969 = CARTESIAN_POINT('',(3.,3.));
#9970 = VECTOR('',#9971,1.);
#9971 = DIRECTION('',(0.,1.));
#9972 = ( GEOMETRIC_REPRESENTATION_CONTEXT(2) 
PARAMETRIC_REPRESENTATION_CONTEXT() REPRESENTATION_CONTEXT('2D SPACE',''
  ) );
#9973 = PCURVE('',#9843,#9974);
#9974 = DEFINITIONAL_REPRESENTATION('',(#9975),#9979);
#9975 = LINE('',#9976,#9977);
#9976 = CARTESIAN_POINT('',(0.,100.));
#9977 = VECTOR('',#9978,1.);
#9978 = DIRECTION('',(1.,0.));
#9979 = ( GEOMETRIC_REPRESENTATION_CONTEXT(2) 
PARAMETRIC_REPRESENTATION_CONTEXT() REPRESENTATION_CONTEXT('2D SPACE',''
  ) );
#9980 = ORIENTED_EDGE('',*,*,#9981,.F.);
#9981 = EDGE_CURVE('',#9982,#9959,#9984,.T.);
#9982 = VERTEX_POINT('',#9983);
#9983 = CARTESIAN_POINT('',(101.5,50.,0.));
#9984 = SURFACE_CURVE('',#9985,(#9989,#9996),.PCURVE_S1.);
#9985 = LINE('',#9986,#9987);
#9986 = CARTESIAN_POINT('',(101.5,50.,0.));
#9987 = VECTOR('',#9988,1.);
#9988 = DIRECTION('',(0.,0.,1.));
#9989 = PCURVE('',#9711,#9990);
#9990 = DEFINITIONAL_REPRESENTATION('',(#9991),#9995);
#9991 = LINE('',#9992,#9993);
#9992 = CARTESIAN_POINT('',(0.,103.));
#9993 = VECTOR('',#9994,1.);
#9994 = DIRECTION('',(1.,0.));
#9995 = ( GEOMETRIC_REPRESENTATION_CONTEXT(2) 
PARAMETRIC_REPRESENTATION_CONTEXT() REPRESENTATION_CONTEXT('2D SPACE',''
  ) );
#9996 = PCURVE('',#9869,#9997);
#9997 = DEFINITIONAL_REPRESENTATION('',(#9998),#10002);
#9998 = LINE('',#9999,#10000);
#9999 = CARTESIAN_POINT('',(0.,-100.));
#10000 = VECTOR('',#10001,1.);
#10001 = DIRECTION('',(1.,0.));
#10002 = ( GEOMETRIC_REPRESENTATION_CONTEXT(2) 
PARAMETRIC_REPRESENTATION_CONTEXT() REPRESENTATION_CONTEXT('2D SPACE',''
  ) );
#10003 = ORIENTED_EDGE('',*,*,#10004,.T.);
#10004 = EDGE_CURVE('',#9982,#9668,#10005,.T.);
#10005 = SURFACE_CURVE('',#10006,(#10010,#10017),.PCURVE_S1.);
#10006 = LINE('',#10007,#10008);
#10007 = CARTESIAN_POINT('',(101.5,50.,0.));
#10008 = VECTOR('',#10009,1.);
#10009 = DIRECTION('',(-1.,0.,0.));
#10010 = PCURVE('',#9711,#10011);
#10011 = DEFINITIONAL_REPRESENTATION('',(#10012),#10016);
#10012 = LINE('',#10013,#10014);
#10013 = CARTESIAN_POINT('',(0.,103.));
#10014 = VECTOR('',#10015,1.);
#10015 = DIRECTION('',(0.,-1.));
#10016 = ( GEOMETRIC_REPRESENTATION_CONTEXT(2) 
PARAMETRIC_REPRESENTATION_CONTEXT() REPRESENTATION_CONTEXT('2D SPACE',''
  ) );
#10017 = PCURVE('',#9683,#10018);
#10018 = DEFINITIONAL_REPRESENTATION('',(#10019),#10023);
#10019 = LINE('',#10020,#10021);
#10020 = CARTESIAN_POINT('',(103.,100.));
#10021 = VECTOR('',#10022,1.);
#10022 = DIRECTION('',(-1.,0.));
#10023 = ( GEOMETRIC_REPRESENTATION_CONTEXT(2) 
PARAMETRIC_REPRESENTATION_CONTEXT() REPRESENTATION_CONTEXT('2D SPACE',''
  ) );
#10024 = ADVANCED_FACE('',(#10025,#10051,#10086),#9683,.F.);
#10025 = FACE_BOUND('',#10026,.F.);
#10026 = EDGE_LOOP('',(#10027,#10028,#10029,#10050));
#10027 = ORIENTED_EDGE('',*,*,#9667,.F.);
#10028 = ORIENTED_EDGE('',*,*,#9752,.T.);
#10029 = ORIENTED_EDGE('',*,*,#10030,.T.);
#10030 = EDGE_CURVE('',#9753,#9982,#10031,.T.);
#10031 = SURFACE_CURVE('',#10032,(#10036,#10043),.PCURVE_S1.);
#10032 = LINE('',#10033,#10034);
#10033 = CARTESIAN_POINT('',(101.5,-50.,0.));
#10034 = VECTOR('',#10035,1.);
#10035 = DIRECTION('',(0.,1.,0.));
#10036 = PCURVE('',#9683,#10037);
#10037 = DEFINITIONAL_REPRESENTATION('',(#10038),#10042);
#10038 = LINE('',#10039,#10040);
#10039 = CARTESIAN_POINT('',(103.,0.));
#10040 = VECTOR('',#10041,1.);
#10041 = DIRECTION('',(0.,1.));
#10042 = ( GEOMETRIC_REPRESENTATION_CONTEXT(2) 
PARAMETRIC_REPRESENTATION_CONTEXT() REPRESENTATION_CONTEXT('2D SPACE',''
  ) );
#10043 = PCURVE('',#9869,#10044);
#10044 = DEFINITIONAL_REPRESENTATION('',(#10045),#10049);
#10045 = LINE('',#10046,#10047);
#10046 = CARTESIAN_POINT('',(0.,0.));
#10047 = VECTOR('',#10048,1.);
#10048 = DIRECTION('',(0.,-1.));
#10049 = ( GEOMETRIC_REPRESENTATION_CONTEXT(2) 
PARAMETRIC_REPRESENTATION_CONTEXT() REPRESENTATION_CONTEXT('2D SPACE',''
  ) );
#10050 = ORIENTED_EDGE('',*,*,#10004,.T.);
#10051 = FACE_BOUND('',#10052,.F.);
#10052 = EDGE_LOOP('',(#10053));
#10053 = ORIENTED_EDGE('',*,*,#10054,.T.);
#10054 = EDGE_CURVE('',#10055,#10055,#10057,.T.);
#10055 = VERTEX_POINT('',#10056);
#10056 = CARTESIAN_POINT('',(32.5,0.,0.));
#10057 = SURFACE_CURVE('',#10058,(#10063,#10074),.PCURVE_S1.);
#10058 = CIRCLE('',#10059,4.5);
#10059 = AXIS2_PLACEMENT_3D('',#10060,#10061,#10062);
#10060 = CARTESIAN_POINT('',(28.,0.,0.));
#10061 = DIRECTION('',(0.,0.,-1.));
#10062 = DIRECTION('',(1.,0.,0.));
#10063 = PCURVE('',#9683,#10064);
#10064 = DEFINITIONAL_REPRESENTATION('',(#10065),#10073);
#10065 = ( BOUNDED_CURVE() B_SPLINE_CURVE(2,(#10066,#10067,#10068,#10069
    ,#10070,#10071,#10072),.UNSPECIFIED.,.T.,.F.) 
B_SPLINE_CURVE_WITH_KNOTS((1,2,2,2,2,1),(-2.094395102393,0.,
    2.094395102393,4.188790204786,6.28318530718,8.377580409573),
.UNSPECIFIED.) CURVE() GEOMETRIC_REPRESENTATION_ITEM() 
RATIONAL_B_SPLINE_CURVE((1.,0.5,1.,0.5,1.,0.5,1.)) REPRESENTATION_ITEM(
  '') );
#10066 = CARTESIAN_POINT('',(34.,50.));
#10067 = CARTESIAN_POINT('',(34.,42.20577136594));
#10068 = CARTESIAN_POINT('',(27.25,46.10288568297));
#10069 = CARTESIAN_POINT('',(20.5,50.));
#10070 = CARTESIAN_POINT('',(27.25,53.89711431703));
#10071 = CARTESIAN_POINT('',(34.,57.79422863406));
#10072 = CARTESIAN_POINT('',(34.,50.));
#10073 = ( GEOMETRIC_REPRESENTATION_CONTEXT(2) 
PARAMETRIC_REPRESENTATION_CONTEXT() REPRESENTATION_CONTEXT('2D SPACE',''
  ) );
#10074 = PCURVE('',#10075,#10080);
#10075 = CYLINDRICAL_SURFACE('',#10076,4.5);
#10076 = AXIS2_PLACEMENT_3D('',#10077,#10078,#10079);
#10077 = CARTESIAN_POINT('',(28.,0.,-1.));
#10078 = DIRECTION('',(-0.,-0.,-1.));
#10079 = DIRECTION('',(1.,0.,0.));
#10080 = DEFINITIONAL_REPRESENTATION('',(#10081),#10085);
#10081 = LINE('',#10082,#10083);
#10082 = CARTESIAN_POINT('',(-6.28318530718,-1.));
#10083 = VECTOR('',#10084,1.);
#10084 = DIRECTION('',(1.,-0.));
#10085 = ( GEOMETRIC_REPRESENTATION_CONTEXT(2) 
PARAMETRIC_REPRESENTATION_CONTEXT() REPRESENTATION_CONTEXT('2D SPACE',''
  ) );
#10086 = FACE_BOUND('',#10087,.F.);
#10087 = EDGE_LOOP('',(#10088,#10116,#10144,#10170));
#10088 = ORIENTED_EDGE('',*,*,#10089,.T.);
#10089 = EDGE_CURVE('',#10090,#10092,#10094,.T.);
#10090 = VERTEX_POINT('',#10091);
#10091 = CARTESIAN_POINT('',(88.,4.5,0.));
#10092 = VERTEX_POINT('',#10093);
#10093 = CARTESIAN_POINT('',(88.,-4.5,0.));
#10094 = SURFACE_CURVE('',#10095,(#10099,#10105),.PCURVE_S1.);
#10095 = LINE('',#10096,#10097);
#10096 = CARTESIAN_POINT('',(88.,-27.25,0.));
#10097 = VECTOR('',#10098,1.);
#10098 = DIRECTION('',(0.,-1.,0.));
#10099 = PCURVE('',#9683,#10100);
#10100 = DEFINITIONAL_REPRESENTATION('',(#10101),#10104);
#10101 = B_SPLINE_CURVE_WITH_KNOTS('',1,(#10102,#10103),.UNSPECIFIED.,
  .F.,.F.,(2,2),(-31.75,-22.75),.PIECEWISE_BEZIER_KNOTS.);
#10102 = CARTESIAN_POINT('',(89.5,54.5));
#10103 = CARTESIAN_POINT('',(89.5,45.5));
#10104 = ( GEOMETRIC_REPRESENTATION_CONTEXT(2) 
PARAMETRIC_REPRESENTATION_CONTEXT() REPRESENTATION_CONTEXT('2D SPACE',''
  ) );
#10105 = PCURVE('',#10106,#10111);
#10106 = PLANE('',#10107);
#10107 = AXIS2_PLACEMENT_3D('',#10108,#10109,#10110);
#10108 = CARTESIAN_POINT('',(88.,-4.5,-1.));
#10109 = DIRECTION('',(-1.,0.,0.));
#10110 = DIRECTION('',(0.,1.,0.));
#10111 = DEFINITIONAL_REPRESENTATION('',(#10112),#10115);
#10112 = B_SPLINE_CURVE_WITH_KNOTS('',1,(#10113,#10114),.UNSPECIFIED.,
  .F.,.F.,(2,2),(-31.75,-22.75),.PIECEWISE_BEZIER_KNOTS.);
#10113 = CARTESIAN_POINT('',(9.,-1.));
#10114 = CARTESIAN_POINT('',(0.,-1.));
#10115 = ( GEOMETRIC_REPRESENTATION_CONTEXT(2) 
PARAMETRIC_REPRESENTATION_CONTEXT() REPRESENTATION_CONTEXT('2D SPACE',''
  ) );
#10116 = ORIENTED_EDGE('',*,*,#10117,.F.);
#10117 = EDGE_CURVE('',#10118,#10092,#10120,.T.);
#10118 = VERTEX_POINT('',#10119);
#10119 = CARTESIAN_POINT('',(68.,-4.5,0.));
#10120 = SURFACE_CURVE('',#10121,(#10125,#10132),.PCURVE_S1.);
#10121 = LINE('',#10122,#10123);
#10122 = CARTESIAN_POINT('',(68.,-4.5,0.));
#10123 = VECTOR('',#10124,1.);
#10124 = DIRECTION('',(1.,0.,0.));
#10125 = PCURVE('',#9683,#10126);
#10126 = DEFINITIONAL_REPRESENTATION('',(#10127),#10131);
#10127 = LINE('',#10128,#10129);
#10128 = CARTESIAN_POINT('',(69.5,45.5));
#10129 = VECTOR('',#10130,1.);
#10130 = DIRECTION('',(1.,0.));
#10131 = ( GEOMETRIC_REPRESENTATION_CONTEXT(2) 
PARAMETRIC_REPRESENTATION_CONTEXT() REPRESENTATION_CONTEXT('2D SPACE',''
  ) );
#10132 = PCURVE('',#10133,#10138);
#10133 = PLANE('',#10134);
#10134 = AXIS2_PLACEMENT_3D('',#10135,#10136,#10137);
#10135 = CARTESIAN_POINT('',(68.,-4.5,-1.));
#10136 = DIRECTION('',(0.,1.,0.));
#10137 = DIRECTION('',(1.,0.,0.));
#10138 = DEFINITIONAL_REPRESENTATION('',(#10139),#10143);
#10139 = LINE('',#10140,#10141);
#10140 = CARTESIAN_POINT('',(0.,-1.));
#10141 = VECTOR('',#10142,1.);
#10142 = DIRECTION('',(1.,0.));
#10143 = ( GEOMETRIC_REPRESENTATION_CONTEXT(2) 
PARAMETRIC_REPRESENTATION_CONTEXT() REPRESENTATION_CONTEXT('2D SPACE',''
  ) );
#10144 = ORIENTED_EDGE('',*,*,#10145,.T.);
#10145 = EDGE_CURVE('',#10118,#10146,#10148,.T.);
#10146 = VERTEX_POINT('',#10147);
#10147 = CARTESIAN_POINT('',(68.,4.5,0.));
#10148 = SURFACE_CURVE('',#10149,(#10153,#10159),.PCURVE_S1.);
#10149 = LINE('',#10150,#10151);
#10150 = CARTESIAN_POINT('',(68.,-22.75,0.));
#10151 = VECTOR('',#10152,1.);
#10152 = DIRECTION('',(-0.,1.,0.));
#10153 = PCURVE('',#9683,#10154);
#10154 = DEFINITIONAL_REPRESENTATION('',(#10155),#10158);
#10155 = B_SPLINE_CURVE_WITH_KNOTS('',1,(#10156,#10157),.UNSPECIFIED.,
  .F.,.F.,(2,2),(18.25,27.25),.PIECEWISE_BEZIER_KNOTS.);
#10156 = CARTESIAN_POINT('',(69.5,45.5));
#10157 = CARTESIAN_POINT('',(69.5,54.5));
#10158 = ( GEOMETRIC_REPRESENTATION_CONTEXT(2) 
PARAMETRIC_REPRESENTATION_CONTEXT() REPRESENTATION_CONTEXT('2D SPACE',''
  ) );
#10159 = PCURVE('',#10160,#10165);
#10160 = PLANE('',#10161);
#10161 = AXIS2_PLACEMENT_3D('',#10162,#10163,#10164);
#10162 = CARTESIAN_POINT('',(68.,4.5,-1.));
#10163 = DIRECTION('',(1.,0.,-0.));
#10164 = DIRECTION('',(0.,-1.,0.));
#10165 = DEFINITIONAL_REPRESENTATION('',(#10166),#10169);
#10166 = B_SPLINE_CURVE_WITH_KNOTS('',1,(#10167,#10168),.UNSPECIFIED.,
  .F.,.F.,(2,2),(18.25,27.25),.PIECEWISE_BEZIER_KNOTS.);
#10167 = CARTESIAN_POINT('',(9.,-1.));
#10168 = CARTESIAN_POINT('',(0.,-1.));
#10169 = ( GEOMETRIC_REPRESENTATION_CONTEXT(2) 
PARAMETRIC_REPRESENTATION_CONTEXT() REPRESENTATION_CONTEXT('2D SPACE',''
  ) );
#10170 = ORIENTED_EDGE('',*,*,#10171,.F.);
#10171 = EDGE_CURVE('',#10090,#10146,#10172,.T.);
#10172 = SURFACE_CURVE('',#10173,(#10177,#10184),.PCURVE_S1.);
#10173 = LINE('',#10174,#10175);
#10174 = CARTESIAN_POINT('',(88.,4.5,0.));
#10175 = VECTOR('',#10176,1.);
#10176 = DIRECTION('',(-1.,0.,0.));
#10177 = PCURVE('',#9683,#10178);
#10178 = DEFINITIONAL_REPRESENTATION('',(#10179),#10183);
#10179 = LINE('',#10180,#10181);
#10180 = CARTESIAN_POINT('',(89.5,54.5));
#10181 = VECTOR('',#10182,1.);
#10182 = DIRECTION('',(-1.,0.));
#10183 = ( GEOMETRIC_REPRESENTATION_CONTEXT(2) 
PARAMETRIC_REPRESENTATION_CONTEXT() REPRESENTATION_CONTEXT('2D SPACE',''
  ) );
#10184 = PCURVE('',#10185,#10190);
#10185 = PLANE('',#10186);
#10186 = AXIS2_PLACEMENT_3D('',#10187,#10188,#10189);
#10187 = CARTESIAN_POINT('',(88.,4.5,-1.));
#10188 = DIRECTION('',(0.,-1.,0.));
#10189 = DIRECTION('',(-1.,0.,0.));
#10190 = DEFINITIONAL_REPRESENTATION('',(#10191),#10195);
#10191 = LINE('',#10192,#10193);
#10192 = CARTESIAN_POINT('',(0.,-1.));
#10193 = VECTOR('',#10194,1.);
#10194 = DIRECTION('',(1.,0.));
#10195 = ( GEOMETRIC_REPRESENTATION_CONTEXT(2) 
PARAMETRIC_REPRESENTATION_CONTEXT() REPRESENTATION_CONTEXT('2D SPACE',''
  ) );
#10196 = ADVANCED_FACE('',(#10197,#10223,#10258,#10293),#9815,.T.);
#10197 = FACE_BOUND('',#10198,.T.);
#10198 = EDGE_LOOP('',(#10199,#10200,#10221,#10222));
#10199 = ORIENTED_EDGE('',*,*,#9799,.F.);
#10200 = ORIENTED_EDGE('',*,*,#10201,.T.);
#10201 = EDGE_CURVE('',#9800,#9936,#10202,.T.);
#10202 = SURFACE_CURVE('',#10203,(#10207,#10214),.PCURVE_S1.);
#10203 = LINE('',#10204,#10205);
#10204 = CARTESIAN_POINT('',(1.5,-50.,3.));
#10205 = VECTOR('',#10206,1.);
#10206 = DIRECTION('',(0.,1.,0.));
#10207 = PCURVE('',#9815,#10208);
#10208 = DEFINITIONAL_REPRESENTATION('',(#10209),#10213);
#10209 = LINE('',#10210,#10211);
#10210 = CARTESIAN_POINT('',(3.,0.));
#10211 = VECTOR('',#10212,1.);
#10212 = DIRECTION('',(0.,-1.));
#10213 = ( GEOMETRIC_REPRESENTATION_CONTEXT(2) 
PARAMETRIC_REPRESENTATION_CONTEXT() REPRESENTATION_CONTEXT('2D SPACE',''
  ) );
#10214 = PCURVE('',#9843,#10215);
#10215 = DEFINITIONAL_REPRESENTATION('',(#10216),#10220);
#10216 = LINE('',#10217,#10218);
#10217 = CARTESIAN_POINT('',(0.,0.));
#10218 = VECTOR('',#10219,1.);
#10219 = DIRECTION('',(0.,1.));
#10220 = ( GEOMETRIC_REPRESENTATION_CONTEXT(2) 
PARAMETRIC_REPRESENTATION_CONTEXT() REPRESENTATION_CONTEXT('2D SPACE',''
  ) );
#10221 = ORIENTED_EDGE('',*,*,#9935,.T.);
#10222 = ORIENTED_EDGE('',*,*,#9886,.F.);
#10223 = FACE_BOUND('',#10224,.T.);
#10224 = EDGE_LOOP('',(#10225));
#10225 = ORIENTED_EDGE('',*,*,#10226,.T.);
#10226 = EDGE_CURVE('',#10227,#10227,#10229,.T.);
#10227 = VERTEX_POINT('',#10228);
#10228 = CARTESIAN_POINT('',(1.5,34.5,25.));
#10229 = SURFACE_CURVE('',#10230,(#10235,#10246),.PCURVE_S1.);
#10230 = CIRCLE('',#10231,4.5);
#10231 = AXIS2_PLACEMENT_3D('',#10232,#10233,#10234);
#10232 = CARTESIAN_POINT('',(1.5,30.,25.));
#10233 = DIRECTION('',(-1.,0.,0.));
#10234 = DIRECTION('',(0.,1.,0.));
#10235 = PCURVE('',#9815,#10236);
#10236 = DEFINITIONAL_REPRESENTATION('',(#10237),#10245);
#10237 = ( BOUNDED_CURVE() B_SPLINE_CURVE(2,(#10238,#10239,#10240,#10241
    ,#10242,#10243,#10244),.UNSPECIFIED.,.T.,.F.) 
B_SPLINE_CURVE_WITH_KNOTS((1,2,2,2,2,1),(-2.094395102393,0.,
    2.094395102393,4.188790204786,6.28318530718,8.377580409573),
.UNSPECIFIED.) CURVE() GEOMETRIC_REPRESENTATION_ITEM() 
RATIONAL_B_SPLINE_CURVE((1.,0.5,1.,0.5,1.,0.5,1.)) REPRESENTATION_ITEM(
  '') );
#10238 = CARTESIAN_POINT('',(25.,-84.5));
#10239 = CARTESIAN_POINT('',(17.20577136594,-84.5));
#10240 = CARTESIAN_POINT('',(21.10288568297,-77.75));
#10241 = CARTESIAN_POINT('',(25.,-71.));
#10242 = CARTESIAN_POINT('',(28.89711431703,-77.75));
#10243 = CARTESIAN_POINT('',(32.79422863406,-84.5));
#10244 = CARTESIAN_POINT('',(25.,-84.5));
#10245 = ( GEOMETRIC_REPRESENTATION_CONTEXT(2) 
PARAMETRIC_REPRESENTATION_CONTEXT() REPRESENTATION_CONTEXT('2D SPACE',''
  ) );
#10246 = PCURVE('',#10247,#10252);
#10247 = CYLINDRICAL_SURFACE('',#10248,4.5);
#10248 = AXIS2_PLACEMENT_3D('',#10249,#10250,#10251);
#10249 = CARTESIAN_POINT('',(-1.,30.,25.));
#10250 = DIRECTION('',(-1.,-0.,-0.));
#10251 = DIRECTION('',(0.,1.,0.));
#10252 = DEFINITIONAL_REPRESENTATION('',(#10253),#10257);
#10253 = LINE('',#10254,#10255);
#10254 = CARTESIAN_POINT('',(-6.28318530718,-2.5));
#10255 = VECTOR('',#10256,1.);
#10256 = DIRECTION('',(1.,-0.));
#10257 = ( GEOMETRIC_REPRESENTATION_CONTEXT(2) 
PARAMETRIC_REPRESENTATION_CONTEXT() REPRESENTATION_CONTEXT('2D SPACE',''
  ) );
#10258 = FACE_BOUND('',#10259,.T.);
#10259 = EDGE_LOOP('',(#10260));
#10260 = ORIENTED_EDGE('',*,*,#10261,.T.);
#10261 = EDGE_CURVE('',#10262,#10262,#10264,.T.);
#10262 = VERTEX_POINT('',#10263);
#10263 = CARTESIAN_POINT('',(1.5,4.5,25.));
#10264 = SURFACE_CURVE('',#10265,(#10270,#10281),.PCURVE_S1.);
#10265 = CIRCLE('',#10266,4.5);
#10266 = AXIS2_PLACEMENT_3D('',#10267,#10268,#10269);
#10267 = CARTESIAN_POINT('',(1.5,0.,25.));
#10268 = DIRECTION('',(-1.,0.,0.));
#10269 = DIRECTION('',(0.,1.,0.));
#10270 = PCURVE('',#9815,#10271);
#10271 = DEFINITIONAL_REPRESENTATION('',(#10272),#10280);
#10272 = ( BOUNDED_CURVE() B_SPLINE_CURVE(2,(#10273,#10274,#10275,#10276
    ,#10277,#10278,#10279),.UNSPECIFIED.,.T.,.F.) 
B_SPLINE_CURVE_WITH_KNOTS((1,2,2,2,2,1),(-2.094395102393,0.,
    2.094395102393,4.188790204786,6.28318530718,8.377580409573),
.UNSPECIFIED.) CURVE() GEOMETRIC_REPRESENTATION_ITEM() 
RATIONAL_B_SPLINE_CURVE((1.,0.5,1.,0.5,1.,0.5,1.)) REPRESENTATION_ITEM(
  '') );
#10273 = CARTESIAN_POINT('',(25.,-54.5));
#10274 = CARTESIAN_POINT('',(17.20577136594,-54.5));
#10275 = CARTESIAN_POINT('',(21.10288568297,-47.75));
#10276 = CARTESIAN_POINT('',(25.,-41.));
#10277 = CARTESIAN_POINT('',(28.89711431703,-47.75));
#10278 = CARTESIAN_POINT('',(32.79422863406,-54.5));
#10279 = CARTESIAN_POINT('',(25.,-54.5));
#10280 = ( GEOMETRIC_REPRESENTATION_CONTEXT(2) 
PARAMETRIC_REPRESENTATION_CONTEXT() REPRESENTATION_CONTEXT('2D SPACE',''
  ) );
#10281 = PCURVE('',#10282,#10287);
#10282 = CYLINDRICAL_SURFACE('',#10283,4.5);
#10283 = AXIS2_PLACEMENT_3D('',#10284,#10285,#10286);
#10284 = CARTESIAN_POINT('',(-1.,0.,25.));
#10285 = DIRECTION('',(-1.,-0.,-0.));
#10286 = DIRECTION('',(0.,1.,0.));
#10287 = DEFINITIONAL_REPRESENTATION('',(#10288),#10292);
#10288 = LINE('',#10289,#10290);
#10289 = CARTESIAN_POINT('',(-6.28318530718,-2.5));
#10290 = VECTOR('',#10291,1.);
#10291 = DIRECTION('',(1.,-0.));
#10292 = ( GEOMETRIC_REPRESENTATION_CONTEXT(2) 
PARAMETRIC_REPRESENTATION_CONTEXT() REPRESENTATION_CONTEXT('2D SPACE',''
  ) );
#10293 = FACE_BOUND('',#10294,.T.);
#10294 = EDGE_LOOP('',(#10295));
#10295 = ORIENTED_EDGE('',*,*,#10296,.T.);
#10296 = EDGE_CURVE('',#10297,#10297,#10299,.T.);
#10297 = VERTEX_POINT('',#10298);
#10298 = CARTESIAN_POINT('',(1.5,-25.5,25.));
#10299 = SURFACE_CURVE('',#10300,(#10305,#10316),.PCURVE_S1.);
#10300 = CIRCLE('',#10301,4.5);
#10301 = AXIS2_PLACEMENT_3D('',#10302,#10303,#10304);
#10302 = CARTESIAN_POINT('',(1.5,-30.,25.));
#10303 = DIRECTION('',(-1.,0.,0.));
#10304 = DIRECTION('',(0.,1.,0.));
#10305 = PCURVE('',#9815,#10306);
#10306 = DEFINITIONAL_REPRESENTATION('',(#10307),#10315);
#10307 = ( BOUNDED_CURVE() B_SPLINE_CURVE(2,(#10308,#10309,#10310,#10311
    ,#10312,#10313,#10314),.UNSPECIFIED.,.T.,.F.) 
B_SPLINE_CURVE_WITH_KNOTS((1,2,2,2,2,1),(-2.094395102393,0.,
    2.094395102393,4.188790204786,6.28318530718,8.377580409573),
.UNSPECIFIED.) CURVE() GEOMETRIC_REPRESENTATION_ITEM() 
RATIONAL_B_SPLINE_CURVE((1.,0.5,1.,0.5,1.,0.5,1.)) REPRESENTATION_ITEM(
  '') );
#10308 = CARTESIAN_POINT('',(25.,-24.5));
#10309 = CARTESIAN_POINT('',(17.20577136594,-24.5));
#10310 = CARTESIAN_POINT('',(21.10288568297,-17.75));
#10311 = CARTESIAN_POINT('',(25.,-11.));
#10312 = CARTESIAN_POINT('',(28.89711431703,-17.75));
#10313 = CARTESIAN_POINT('',(32.79422863406,-24.5));
#10314 = CARTESIAN_POINT('',(25.,-24.5));
#10315 = ( GEOMETRIC_REPRESENTATION_CONTEXT(2) 
PARAMETRIC_REPRESENTATION_CONTEXT() REPRESENTATION_CONTEXT('2D SPACE',''
  ) );
#10316 = PCURVE('',#10317,#10322);
#10317 = CYLINDRICAL_SURFACE('',#10318,4.5);
#10318 = AXIS2_PLACEMENT_3D('',#10319,#10320,#10321);
#10319 = CARTESIAN_POINT('',(-1.,-30.,25.));
#10320 = DIRECTION('',(-1.,-0.,-0.));
#10321 = DIRECTION('',(0.,1.,0.));
#10322 = DEFINITIONAL_REPRESENTATION('',(#10323),#10327);
#10323 = LINE('',#10324,#10325);
#10324 = CARTESIAN_POINT('',(-6.28318530718,-2.5));
#10325 = VECTOR('',#10326,1.);
#10326 = DIRECTION('',(1.,-0.));
#10327 = ( GEOMETRIC_REPRESENTATION_CONTEXT(2) 
PARAMETRIC_REPRESENTATION_CONTEXT() REPRESENTATION_CONTEXT('2D SPACE',''
  ) );
#10328 = ADVANCED_FACE('',(#10329,#10355,#10385),#9843,.T.);
#10329 = FACE_BOUND('',#10330,.T.);
#10330 = EDGE_LOOP('',(#10331,#10332,#10333,#10354));
#10331 = ORIENTED_EDGE('',*,*,#10201,.F.);
#10332 = ORIENTED_EDGE('',*,*,#9827,.T.);
#10333 = ORIENTED_EDGE('',*,*,#10334,.T.);
#10334 = EDGE_CURVE('',#9828,#9959,#10335,.T.);
#10335 = SURFACE_CURVE('',#10336,(#10340,#10347),.PCURVE_S1.);
#10336 = LINE('',#10337,#10338);
#10337 = CARTESIAN_POINT('',(101.5,-50.,3.));
#10338 = VECTOR('',#10339,1.);
#10339 = DIRECTION('',(0.,1.,0.));
#10340 = PCURVE('',#9843,#10341);
#10341 = DEFINITIONAL_REPRESENTATION('',(#10342),#10346);
#10342 = LINE('',#10343,#10344);
#10343 = CARTESIAN_POINT('',(100.,0.));
#10344 = VECTOR('',#10345,1.);
#10345 = DIRECTION('',(0.,1.));
#10346 = ( GEOMETRIC_REPRESENTATION_CONTEXT(2) 
PARAMETRIC_REPRESENTATION_CONTEXT() REPRESENTATION_CONTEXT('2D SPACE',''
  ) );
#10347 = PCURVE('',#9869,#10348);
#10348 = DEFINITIONAL_REPRESENTATION('',(#10349),#10353);
#10349 = LINE('',#10350,#10351);
#10350 = CARTESIAN_POINT('',(3.,0.));
#10351 = VECTOR('',#10352,1.);
#10352 = DIRECTION('',(0.,-1.));
#10353 = ( GEOMETRIC_REPRESENTATION_CONTEXT(2) 
PARAMETRIC_REPRESENTATION_CONTEXT() REPRESENTATION_CONTEXT('2D SPACE',''
  ) );
#10354 = ORIENTED_EDGE('',*,*,#9958,.F.);
#10355 = FACE_BOUND('',#10356,.T.);
#10356 = EDGE_LOOP('',(#10357));
#10357 = ORIENTED_EDGE('',*,*,#10358,.T.);
#10358 = EDGE_CURVE('',#10359,#10359,#10361,.T.);
#10359 = VERTEX_POINT('',#10360);
#10360 = CARTESIAN_POINT('',(32.5,0.,3.));
#10361 = SURFACE_CURVE('',#10362,(#10367,#10378),.PCURVE_S1.);
#10362 = CIRCLE('',#10363,4.5);
#10363 = AXIS2_PLACEMENT_3D('',#10364,#10365,#10366);
#10364 = CARTESIAN_POINT('',(28.,0.,3.));
#10365 = DIRECTION('',(0.,0.,-1.));
#10366 = DIRECTION('',(1.,0.,0.));
#10367 = PCURVE('',#9843,#10368);
#10368 = DEFINITIONAL_REPRESENTATION('',(#10369),#10377);
#10369 = ( BOUNDED_CURVE() B_SPLINE_CURVE(2,(#10370,#10371,#10372,#10373
    ,#10374,#10375,#10376),.UNSPECIFIED.,.T.,.F.) 
B_SPLINE_CURVE_WITH_KNOTS((1,2,2,2,2,1),(-2.094395102393,0.,
    2.094395102393,4.188790204786,6.28318530718,8.377580409573),
.UNSPECIFIED.) CURVE() GEOMETRIC_REPRESENTATION_ITEM() 
RATIONAL_B_SPLINE_CURVE((1.,0.5,1.,0.5,1.,0.5,1.)) REPRESENTATION_ITEM(
  '') );
#10370 = CARTESIAN_POINT('',(31.,50.));
#10371 = CARTESIAN_POINT('',(31.,42.20577136594));
#10372 = CARTESIAN_POINT('',(24.25,46.10288568297));
#10373 = CARTESIAN_POINT('',(17.5,50.));
#10374 = CARTESIAN_POINT('',(24.25,53.89711431703));
#10375 = CARTESIAN_POINT('',(31.,57.79422863406));
#10376 = CARTESIAN_POINT('',(31.,50.));
#10377 = ( GEOMETRIC_REPRESENTATION_CONTEXT(2) 
PARAMETRIC_REPRESENTATION_CONTEXT() REPRESENTATION_CONTEXT('2D SPACE',''
  ) );
#10378 = PCURVE('',#10075,#10379);
#10379 = DEFINITIONAL_REPRESENTATION('',(#10380),#10384);
#10380 = LINE('',#10381,#10382);
#10381 = CARTESIAN_POINT('',(-6.28318530718,-4.));
#10382 = VECTOR('',#10383,1.);
#10383 = DIRECTION('',(1.,-0.));
#10384 = ( GEOMETRIC_REPRESENTATION_CONTEXT(2) 
PARAMETRIC_REPRESENTATION_CONTEXT() REPRESENTATION_CONTEXT('2D SPACE',''
  ) );
#10385 = FACE_BOUND('',#10386,.T.);
#10386 = EDGE_LOOP('',(#10387,#10412,#10433,#10456));
#10387 = ORIENTED_EDGE('',*,*,#10388,.T.);
#10388 = EDGE_CURVE('',#10389,#10391,#10393,.T.);
#10389 = VERTEX_POINT('',#10390);
#10390 = CARTESIAN_POINT('',(88.,-4.5,3.));
#10391 = VERTEX_POINT('',#10392);
#10392 = CARTESIAN_POINT('',(68.,-4.5,3.));
#10393 = SURFACE_CURVE('',#10394,(#10398,#10405),.PCURVE_S1.);
#10394 = LINE('',#10395,#10396);
#10395 = CARTESIAN_POINT('',(88.,-4.5,3.));
#10396 = VECTOR('',#10397,1.);
#10397 = DIRECTION('',(-1.,0.,0.));
#10398 = PCURVE('',#9843,#10399);
#10399 = DEFINITIONAL_REPRESENTATION('',(#10400),#10404);
#10400 = LINE('',#10401,#10402);
#10401 = CARTESIAN_POINT('',(86.5,45.5));
#10402 = VECTOR('',#10403,1.);
#10403 = DIRECTION('',(-1.,0.));
#10404 = ( GEOMETRIC_REPRESENTATION_CONTEXT(2) 
PARAMETRIC_REPRESENTATION_CONTEXT() REPRESENTATION_CONTEXT('2D SPACE',''
  ) );
#10405 = PCURVE('',#10133,#10406);
#10406 = DEFINITIONAL_REPRESENTATION('',(#10407),#10411);
#10407 = LINE('',#10408,#10409);
#10408 = CARTESIAN_POINT('',(20.,-4.));
#10409 = VECTOR('',#10410,1.);
#10410 = DIRECTION('',(-1.,0.));
#10411 = ( GEOMETRIC_REPRESENTATION_CONTEXT(2) 
PARAMETRIC_REPRESENTATION_CONTEXT() REPRESENTATION_CONTEXT('2D SPACE',''
  ) );
#10412 = ORIENTED_EDGE('',*,*,#10413,.T.);
#10413 = EDGE_CURVE('',#10391,#10414,#10416,.T.);
#10414 = VERTEX_POINT('',#10415);
#10415 = CARTESIAN_POINT('',(68.,4.5,3.));
#10416 = SURFACE_CURVE('',#10417,(#10421,#10427),.PCURVE_S1.);
#10417 = LINE('',#10418,#10419);
#10418 = CARTESIAN_POINT('',(68.,-22.75,3.));
#10419 = VECTOR('',#10420,1.);
#10420 = DIRECTION('',(-0.,1.,0.));
#10421 = PCURVE('',#9843,#10422);
#10422 = DEFINITIONAL_REPRESENTATION('',(#10423),#10426);
#10423 = B_SPLINE_CURVE_WITH_KNOTS('',1,(#10424,#10425),.UNSPECIFIED.,
  .F.,.F.,(2,2),(18.25,27.25),.PIECEWISE_BEZIER_KNOTS.);
#10424 = CARTESIAN_POINT('',(66.5,45.5));
#10425 = CARTESIAN_POINT('',(66.5,54.5));
#10426 = ( GEOMETRIC_REPRESENTATION_CONTEXT(2) 
PARAMETRIC_REPRESENTATION_CONTEXT() REPRESENTATION_CONTEXT('2D SPACE',''
  ) );
#10427 = PCURVE('',#10160,#10428);
#10428 = DEFINITIONAL_REPRESENTATION('',(#10429),#10432);
#10429 = B_SPLINE_CURVE_WITH_KNOTS('',1,(#10430,#10431),.UNSPECIFIED.,
  .F.,.F.,(2,2),(18.25,27.25),.PIECEWISE_BEZIER_KNOTS.);
#10430 = CARTESIAN_POINT('',(9.,-4.));
#10431 = CARTESIAN_POINT('',(0.,-4.));
#10432 = ( GEOMETRIC_REPRESENTATION_CONTEXT(2) 
PARAMETRIC_REPRESENTATION_CONTEXT() REPRESENTATION_CONTEXT('2D SPACE',''
  ) );
#10433 = ORIENTED_EDGE('',*,*,#10434,.T.);
#10434 = EDGE_CURVE('',#10414,#10435,#10437,.T.);
#10435 = VERTEX_POINT('',#10436);
#10436 = CARTESIAN_POINT('',(88.,4.5,3.));
#10437 = SURFACE_CURVE('',#10438,(#10442,#10449),.PCURVE_S1.);
#10438 = LINE('',#10439,#10440);
#10439 = CARTESIAN_POINT('',(68.,4.5,3.));
#10440 = VECTOR('',#10441,1.);
#10441 = DIRECTION('',(1.,0.,0.));
#10442 = PCURVE('',#9843,#10443);
#10443 = DEFINITIONAL_REPRESENTATION('',(#10444),#10448);
#10444 = LINE('',#10445,#10446);
#10445 = CARTESIAN_POINT('',(66.5,54.5));
#10446 = VECTOR('',#10447,1.);
#10447 = DIRECTION('',(1.,0.));
#10448 = ( GEOMETRIC_REPRESENTATION_CONTEXT(2) 
PARAMETRIC_REPRESENTATION_CONTEXT() REPRESENTATION_CONTEXT('2D SPACE',''
  ) );
#10449 = PCURVE('',#10185,#10450);
#10450 = DEFINITIONAL_REPRESENTATION('',(#10451),#10455);
#10451 = LINE('',#10452,#10453);
#10452 = CARTESIAN_POINT('',(20.,-4.));
#10453 = VECTOR('',#10454,1.);
#10454 = DIRECTION('',(-1.,-0.));
#10455 = ( GEOMETRIC_REPRESENTATION_CONTEXT(2) 
PARAMETRIC_REPRESENTATION_CONTEXT() REPRESENTATION_CONTEXT('2D SPACE',''
  ) );
#10456 = ORIENTED_EDGE('',*,*,#10457,.T.);
#10457 = EDGE_CURVE('',#10435,#10389,#10458,.T.);
#10458 = SURFACE_CURVE('',#10459,(#10463,#10469),.PCURVE_S1.);
#10459 = LINE('',#10460,#10461);
#10460 = CARTESIAN_POINT('',(88.,-27.25,3.));
#10461 = VECTOR('',#10462,1.);
#10462 = DIRECTION('',(0.,-1.,0.));
#10463 = PCURVE('',#9843,#10464);
#10464 = DEFINITIONAL_REPRESENTATION('',(#10465),#10468);
#10465 = B_SPLINE_CURVE_WITH_KNOTS('',1,(#10466,#10467),.UNSPECIFIED.,
  .F.,.F.,(2,2),(-31.75,-22.75),.PIECEWISE_BEZIER_KNOTS.);
#10466 = CARTESIAN_POINT('',(86.5,54.5));
#10467 = CARTESIAN_POINT('',(86.5,45.5));
#10468 = ( GEOMETRIC_REPRESENTATION_CONTEXT(2) 
PARAMETRIC_REPRESENTATION_CONTEXT() REPRESENTATION_CONTEXT('2D SPACE',''
  ) );
#10469 = PCURVE('',#10106,#10470);
#10470 = DEFINITIONAL_REPRESENTATION('',(#10471),#10474);
#10471 = B_SPLINE_CURVE_WITH_KNOTS('',1,(#10472,#10473),.UNSPECIFIED.,
  .F.,.F.,(2,2),(-31.75,-22.75),.PIECEWISE_BEZIER_KNOTS.);
#10472 = CARTESIAN_POINT('',(9.,-4.));
#10473 = CARTESIAN_POINT('',(0.,-4.));
#10474 = ( GEOMETRIC_REPRESENTATION_CONTEXT(2) 
PARAMETRIC_REPRESENTATION_CONTEXT() REPRESENTATION_CONTEXT('2D SPACE',''
  ) );
#10475 = ADVANCED_FACE('',(#10476),#9869,.T.);
#10476 = FACE_BOUND('',#10477,.T.);
#10477 = EDGE_LOOP('',(#10478,#10479,#10480,#10481));
#10478 = ORIENTED_EDGE('',*,*,#9855,.F.);
#10479 = ORIENTED_EDGE('',*,*,#10030,.T.);
#10480 = ORIENTED_EDGE('',*,*,#9981,.T.);
#10481 = ORIENTED_EDGE('',*,*,#10334,.F.);
#10482 = ADVANCED_FACE('',(#10483),#10075,.F.);
#10483 = FACE_BOUND('',#10484,.T.);
#10484 = EDGE_LOOP('',(#10485,#10486,#10507,#10508));
#10485 = ORIENTED_EDGE('',*,*,#10054,.T.);
#10486 = ORIENTED_EDGE('',*,*,#10487,.T.);
#10487 = EDGE_CURVE('',#10055,#10359,#10488,.T.);
#10488 = SEAM_CURVE('',#10489,(#10493,#10500),.PCURVE_S1.);
#10489 = LINE('',#10490,#10491);
#10490 = CARTESIAN_POINT('',(32.5,0.,-1.));
#10491 = VECTOR('',#10492,1.);
#10492 = DIRECTION('',(0.,0.,1.));
#10493 = PCURVE('',#10075,#10494);
#10494 = DEFINITIONAL_REPRESENTATION('',(#10495),#10499);
#10495 = LINE('',#10496,#10497);
#10496 = CARTESIAN_POINT('',(-6.28318530718,0.));
#10497 = VECTOR('',#10498,1.);
#10498 = DIRECTION('',(-0.,-1.));
#10499 = ( GEOMETRIC_REPRESENTATION_CONTEXT(2) 
PARAMETRIC_REPRESENTATION_CONTEXT() REPRESENTATION_CONTEXT('2D SPACE',''
  ) );
#10500 = PCURVE('',#10075,#10501);
#10501 = DEFINITIONAL_REPRESENTATION('',(#10502),#10506);
#10502 = LINE('',#10503,#10504);
#10503 = CARTESIAN_POINT('',(-0.,0.));
#10504 = VECTOR('',#10505,1.);
#10505 = DIRECTION('',(-0.,-1.));
#10506 = ( GEOMETRIC_REPRESENTATION_CONTEXT(2) 
PARAMETRIC_REPRESENTATION_CONTEXT() REPRESENTATION_CONTEXT('2D SPACE',''
  ) );
#10507 = ORIENTED_EDGE('',*,*,#10358,.F.);
#10508 = ORIENTED_EDGE('',*,*,#10487,.F.);
#10509 = ADVANCED_FACE('',(#10510),#10133,.T.);
#10510 = FACE_BOUND('',#10511,.T.);
#10511 = EDGE_LOOP('',(#10512,#10513,#10534,#10535));
#10512 = ORIENTED_EDGE('',*,*,#10117,.F.);
#10513 = ORIENTED_EDGE('',*,*,#10514,.T.);
#10514 = EDGE_CURVE('',#10118,#10391,#10515,.T.);
#10515 = SURFACE_CURVE('',#10516,(#10520,#10527),.PCURVE_S1.);
#10516 = LINE('',#10517,#10518);
#10517 = CARTESIAN_POINT('',(68.,-4.5,-1.));
#10518 = VECTOR('',#10519,1.);
#10519 = DIRECTION('',(0.,0.,1.));
#10520 = PCURVE('',#10133,#10521);
#10521 = DEFINITIONAL_REPRESENTATION('',(#10522),#10526);
#10522 = LINE('',#10523,#10524);
#10523 = CARTESIAN_POINT('',(0.,0.));
#10524 = VECTOR('',#10525,1.);
#10525 = DIRECTION('',(0.,-1.));
#10526 = ( GEOMETRIC_REPRESENTATION_CONTEXT(2) 
PARAMETRIC_REPRESENTATION_CONTEXT() REPRESENTATION_CONTEXT('2D SPACE',''
  ) );
#10527 = PCURVE('',#10160,#10528);
#10528 = DEFINITIONAL_REPRESENTATION('',(#10529),#10533);
#10529 = LINE('',#10530,#10531);
#10530 = CARTESIAN_POINT('',(9.,0.));
#10531 = VECTOR('',#10532,1.);
#10532 = DIRECTION('',(0.,-1.));
#10533 = ( GEOMETRIC_REPRESENTATION_CONTEXT(2) 
PARAMETRIC_REPRESENTATION_CONTEXT() REPRESENTATION_CONTEXT('2D SPACE',''
  ) );
#10534 = ORIENTED_EDGE('',*,*,#10388,.F.);
#10535 = ORIENTED_EDGE('',*,*,#10536,.F.);
#10536 = EDGE_CURVE('',#10092,#10389,#10537,.T.);
#10537 = SURFACE_CURVE('',#10538,(#10542,#10549),.PCURVE_S1.);
#10538 = LINE('',#10539,#10540);
#10539 = CARTESIAN_POINT('',(88.,-4.5,-1.));
#10540 = VECTOR('',#10541,1.);
#10541 = DIRECTION('',(0.,0.,1.));
#10542 = PCURVE('',#10133,#10543);
#10543 = DEFINITIONAL_REPRESENTATION('',(#10544),#10548);
#10544 = LINE('',#10545,#10546);
#10545 = CARTESIAN_POINT('',(20.,0.));
#10546 = VECTOR('',#10547,1.);
#10547 = DIRECTION('',(0.,-1.));
#10548 = ( GEOMETRIC_REPRESENTATION_CONTEXT(2) 
PARAMETRIC_REPRESENTATION_CONTEXT() REPRESENTATION_CONTEXT('2D SPACE',''
  ) );
#10549 = PCURVE('',#10106,#10550);
#10550 = DEFINITIONAL_REPRESENTATION('',(#10551),#10555);
#10551 = LINE('',#10552,#10553);
#10552 = CARTESIAN_POINT('',(0.,0.));
#10553 = VECTOR('',#10554,1.);
#10554 = DIRECTION('',(0.,-1.));
#10555 = ( GEOMETRIC_REPRESENTATION_CONTEXT(2) 
PARAMETRIC_REPRESENTATION_CONTEXT() REPRESENTATION_CONTEXT('2D SPACE',''
  ) );
#10556 = ADVANCED_FACE('',(#10557),#10106,.T.);
#10557 = FACE_BOUND('',#10558,.T.);
#10558 = EDGE_LOOP('',(#10559,#10560,#10561,#10562));
#10559 = ORIENTED_EDGE('',*,*,#10089,.T.);
#10560 = ORIENTED_EDGE('',*,*,#10536,.T.);
#10561 = ORIENTED_EDGE('',*,*,#10457,.F.);
#10562 = ORIENTED_EDGE('',*,*,#10563,.F.);
#10563 = EDGE_CURVE('',#10090,#10435,#10564,.T.);
#10564 = SURFACE_CURVE('',#10565,(#10569,#10576),.PCURVE_S1.);
#10565 = LINE('',#10566,#10567);
#10566 = CARTESIAN_POINT('',(88.,4.5,-1.));
#10567 = VECTOR('',#10568,1.);
#10568 = DIRECTION('',(0.,0.,1.));
#10569 = PCURVE('',#10106,#10570);
#10570 = DEFINITIONAL_REPRESENTATION('',(#10571),#10575);
#10571 = LINE('',#10572,#10573);
#10572 = CARTESIAN_POINT('',(9.,0.));
#10573 = VECTOR('',#10574,1.);
#10574 = DIRECTION('',(0.,-1.));
#10575 = ( GEOMETRIC_REPRESENTATION_CONTEXT(2) 
PARAMETRIC_REPRESENTATION_CONTEXT() REPRESENTATION_CONTEXT('2D SPACE',''
  ) );
#10576 = PCURVE('',#10185,#10577);
#10577 = DEFINITIONAL_REPRESENTATION('',(#10578),#10582);
#10578 = LINE('',#10579,#10580);
#10579 = CARTESIAN_POINT('',(0.,-0.));
#10580 = VECTOR('',#10581,1.);
#10581 = DIRECTION('',(0.,-1.));
#10582 = ( GEOMETRIC_REPRESENTATION_CONTEXT(2) 
PARAMETRIC_REPRESENTATION_CONTEXT() REPRESENTATION_CONTEXT('2D SPACE',''
  ) );
#10583 = ADVANCED_FACE('',(#10584),#10185,.T.);
#10584 = FACE_BOUND('',#10585,.T.);
#10585 = EDGE_LOOP('',(#10586,#10587,#10588,#10589));
#10586 = ORIENTED_EDGE('',*,*,#10171,.F.);
#10587 = ORIENTED_EDGE('',*,*,#10563,.T.);
#10588 = ORIENTED_EDGE('',*,*,#10434,.F.);
#10589 = ORIENTED_EDGE('',*,*,#10590,.F.);
#10590 = EDGE_CURVE('',#10146,#10414,#10591,.T.);
#10591 = SURFACE_CURVE('',#10592,(#10596,#10603),.PCURVE_S1.);
#10592 = LINE('',#10593,#10594);
#10593 = CARTESIAN_POINT('',(68.,4.5,-1.));
#10594 = VECTOR('',#10595,1.);
#10595 = DIRECTION('',(0.,0.,1.));
#10596 = PCURVE('',#10185,#10597);
#10597 = DEFINITIONAL_REPRESENTATION('',(#10598),#10602);
#10598 = LINE('',#10599,#10600);
#10599 = CARTESIAN_POINT('',(20.,0.));
#10600 = VECTOR('',#10601,1.);
#10601 = DIRECTION('',(0.,-1.));
#10602 = ( GEOMETRIC_REPRESENTATION_CONTEXT(2) 
PARAMETRIC_REPRESENTATION_CONTEXT() REPRESENTATION_CONTEXT('2D SPACE',''
  ) );
#10603 = PCURVE('',#10160,#10604);
#10604 = DEFINITIONAL_REPRESENTATION('',(#10605),#10609);
#10605 = LINE('',#10606,#10607);
#10606 = CARTESIAN_POINT('',(0.,0.));
#10607 = VECTOR('',#10608,1.);
#10608 = DIRECTION('',(0.,-1.));
#10609 = ( GEOMETRIC_REPRESENTATION_CONTEXT(2) 
PARAMETRIC_REPRESENTATION_CONTEXT() REPRESENTATION_CONTEXT('2D SPACE',''
  ) );
#10610 = ADVANCED_FACE('',(#10611),#10160,.T.);
#10611 = FACE_BOUND('',#10612,.T.);
#10612 = EDGE_LOOP('',(#10613,#10614,#10615,#10616));
#10613 = ORIENTED_EDGE('',*,*,#10145,.T.);
#10614 = ORIENTED_EDGE('',*,*,#10590,.T.);
#10615 = ORIENTED_EDGE('',*,*,#10413,.F.);
#10616 = ORIENTED_EDGE('',*,*,#10514,.F.);
#10617 = ADVANCED_FACE('',(#10618),#10247,.F.);
#10618 = FACE_BOUND('',#10619,.T.);
#10619 = EDGE_LOOP('',(#10620,#10649,#10670,#10671));
#10620 = ORIENTED_EDGE('',*,*,#10621,.F.);
#10621 = EDGE_CURVE('',#10622,#10622,#10624,.T.);
#10622 = VERTEX_POINT('',#10623);
#10623 = CARTESIAN_POINT('',(-1.,34.5,25.));
#10624 = SURFACE_CURVE('',#10625,(#10630,#10637),.PCURVE_S1.);
#10625 = CIRCLE('',#10626,4.5);
#10626 = AXIS2_PLACEMENT_3D('',#10627,#10628,#10629);
#10627 = CARTESIAN_POINT('',(-1.,30.,25.));
#10628 = DIRECTION('',(1.,0.,0.));
#10629 = DIRECTION('',(0.,1.,0.));
#10630 = PCURVE('',#10247,#10631);
#10631 = DEFINITIONAL_REPRESENTATION('',(#10632),#10636);
#10632 = LINE('',#10633,#10634);
#10633 = CARTESIAN_POINT('',(-0.,0.));
#10634 = VECTOR('',#10635,1.);
#10635 = DIRECTION('',(-1.,0.));
#10636 = ( GEOMETRIC_REPRESENTATION_CONTEXT(2) 
PARAMETRIC_REPRESENTATION_CONTEXT() REPRESENTATION_CONTEXT('2D SPACE',''
  ) );
#10637 = PCURVE('',#10638,#10643);
#10638 = PLANE('',#10639);
#10639 = AXIS2_PLACEMENT_3D('',#10640,#10641,#10642);
#10640 = CARTESIAN_POINT('',(-1.,30.,25.));
#10641 = DIRECTION('',(1.,0.,0.));
#10642 = DIRECTION('',(-0.,0.,1.));
#10643 = DEFINITIONAL_REPRESENTATION('',(#10644),#10648);
#10644 = CIRCLE('',#10645,4.5);
#10645 = AXIS2_PLACEMENT_2D('',#10646,#10647);
#10646 = CARTESIAN_POINT('',(-3.552713678801E-15,3.552713678801E-15));
#10647 = DIRECTION('',(0.,-1.));
#10648 = ( GEOMETRIC_REPRESENTATION_CONTEXT(2) 
PARAMETRIC_REPRESENTATION_CONTEXT() REPRESENTATION_CONTEXT('2D SPACE',''
  ) );
#10649 = ORIENTED_EDGE('',*,*,#10650,.T.);
#10650 = EDGE_CURVE('',#10622,#10227,#10651,.T.);
#10651 = SEAM_CURVE('',#10652,(#10656,#10663),.PCURVE_S1.);
#10652 = LINE('',#10653,#10654);
#10653 = CARTESIAN_POINT('',(-1.,34.5,25.));
#10654 = VECTOR('',#10655,1.);
#10655 = DIRECTION('',(1.,0.,0.));
#10656 = PCURVE('',#10247,#10657);
#10657 = DEFINITIONAL_REPRESENTATION('',(#10658),#10662);
#10658 = LINE('',#10659,#10660);
#10659 = CARTESIAN_POINT('',(-6.28318530718,0.));
#10660 = VECTOR('',#10661,1.);
#10661 = DIRECTION('',(-0.,-1.));
#10662 = ( GEOMETRIC_REPRESENTATION_CONTEXT(2) 
PARAMETRIC_REPRESENTATION_CONTEXT() REPRESENTATION_CONTEXT('2D SPACE',''
  ) );
#10663 = PCURVE('',#10247,#10664);
#10664 = DEFINITIONAL_REPRESENTATION('',(#10665),#10669);
#10665 = LINE('',#10666,#10667);
#10666 = CARTESIAN_POINT('',(-0.,0.));
#10667 = VECTOR('',#10668,1.);
#10668 = DIRECTION('',(-0.,-1.));
#10669 = ( GEOMETRIC_REPRESENTATION_CONTEXT(2) 
PARAMETRIC_REPRESENTATION_CONTEXT() REPRESENTATION_CONTEXT('2D SPACE',''
  ) );
#10670 = ORIENTED_EDGE('',*,*,#10226,.F.);
#10671 = ORIENTED_EDGE('',*,*,#10650,.F.);
#10672 = ADVANCED_FACE('',(#10673),#10282,.F.);
#10673 = FACE_BOUND('',#10674,.T.);
#10674 = EDGE_LOOP('',(#10675,#10704,#10725,#10726));
#10675 = ORIENTED_EDGE('',*,*,#10676,.F.);
#10676 = EDGE_CURVE('',#10677,#10677,#10679,.T.);
#10677 = VERTEX_POINT('',#10678);
#10678 = CARTESIAN_POINT('',(-1.,4.5,25.));
#10679 = SURFACE_CURVE('',#10680,(#10685,#10692),.PCURVE_S1.);
#10680 = CIRCLE('',#10681,4.5);
#10681 = AXIS2_PLACEMENT_3D('',#10682,#10683,#10684);
#10682 = CARTESIAN_POINT('',(-1.,0.,25.));
#10683 = DIRECTION('',(1.,0.,0.));
#10684 = DIRECTION('',(0.,1.,0.));
#10685 = PCURVE('',#10282,#10686);
#10686 = DEFINITIONAL_REPRESENTATION('',(#10687),#10691);
#10687 = LINE('',#10688,#10689);
#10688 = CARTESIAN_POINT('',(-0.,0.));
#10689 = VECTOR('',#10690,1.);
#10690 = DIRECTION('',(-1.,0.));
#10691 = ( GEOMETRIC_REPRESENTATION_CONTEXT(2) 
PARAMETRIC_REPRESENTATION_CONTEXT() REPRESENTATION_CONTEXT('2D SPACE',''
  ) );
#10692 = PCURVE('',#10693,#10698);
#10693 = PLANE('',#10694);
#10694 = AXIS2_PLACEMENT_3D('',#10695,#10696,#10697);
#10695 = CARTESIAN_POINT('',(-1.,-3.038755850088E-16,25.));
#10696 = DIRECTION('',(1.,0.,0.));
#10697 = DIRECTION('',(-0.,0.,1.));
#10698 = DEFINITIONAL_REPRESENTATION('',(#10699),#10703);
#10699 = CIRCLE('',#10700,4.5);
#10700 = AXIS2_PLACEMENT_2D('',#10701,#10702);
#10701 = CARTESIAN_POINT('',(3.552713678801E-15,-3.038755850088E-16));
#10702 = DIRECTION('',(0.,-1.));
#10703 = ( GEOMETRIC_REPRESENTATION_CONTEXT(2) 
PARAMETRIC_REPRESENTATION_CONTEXT() REPRESENTATION_CONTEXT('2D SPACE',''
  ) );
#10704 = ORIENTED_EDGE('',*,*,#10705,.T.);
#10705 = EDGE_CURVE('',#10677,#10262,#10706,.T.);
#10706 = SEAM_CURVE('',#10707,(#10711,#10718),.PCURVE_S1.);
#10707 = LINE('',#10708,#10709);
#10708 = CARTESIAN_POINT('',(-1.,4.5,25.));
#10709 = VECTOR('',#10710,1.);
#10710 = DIRECTION('',(1.,0.,0.));
#10711 = PCURVE('',#10282,#10712);
#10712 = DEFINITIONAL_REPRESENTATION('',(#10713),#10717);
#10713 = LINE('',#10714,#10715);
#10714 = CARTESIAN_POINT('',(-6.28318530718,0.));
#10715 = VECTOR('',#10716,1.);
#10716 = DIRECTION('',(-0.,-1.));
#10717 = ( GEOMETRIC_REPRESENTATION_CONTEXT(2) 
PARAMETRIC_REPRESENTATION_CONTEXT() REPRESENTATION_CONTEXT('2D SPACE',''
  ) );
#10718 = PCURVE('',#10282,#10719);
#10719 = DEFINITIONAL_REPRESENTATION('',(#10720),#10724);
#10720 = LINE('',#10721,#10722);
#10721 = CARTESIAN_POINT('',(-0.,0.));
#10722 = VECTOR('',#10723,1.);
#10723 = DIRECTION('',(-0.,-1.));
#10724 = ( GEOMETRIC_REPRESENTATION_CONTEXT(2) 
PARAMETRIC_REPRESENTATION_CONTEXT() REPRESENTATION_CONTEXT('2D SPACE',''
  ) );
#10725 = ORIENTED_EDGE('',*,*,#10261,.F.);
#10726 = ORIENTED_EDGE('',*,*,#10705,.F.);
#10727 = ADVANCED_FACE('',(#10728),#10317,.F.);
#10728 = FACE_BOUND('',#10729,.T.);
#10729 = EDGE_LOOP('',(#10730,#10759,#10780,#10781));
#10730 = ORIENTED_EDGE('',*,*,#10731,.F.);
#10731 = EDGE_CURVE('',#10732,#10732,#10734,.T.);
#10732 = VERTEX_POINT('',#10733);
#10733 = CARTESIAN_POINT('',(-1.,-25.5,25.));
#10734 = SURFACE_CURVE('',#10735,(#10740,#10747),.PCURVE_S1.);
#10735 = CIRCLE('',#10736,4.5);
#10736 = AXIS2_PLACEMENT_3D('',#10737,#10738,#10739);
#10737 = CARTESIAN_POINT('',(-1.,-30.,25.));
#10738 = DIRECTION('',(1.,0.,0.));
#10739 = DIRECTION('',(0.,1.,0.));
#10740 = PCURVE('',#10317,#10741);
#10741 = DEFINITIONAL_REPRESENTATION('',(#10742),#10746);
#10742 = LINE('',#10743,#10744);
#10743 = CARTESIAN_POINT('',(-0.,0.));
#10744 = VECTOR('',#10745,1.);
#10745 = DIRECTION('',(-1.,0.));
#10746 = ( GEOMETRIC_REPRESENTATION_CONTEXT(2) 
PARAMETRIC_REPRESENTATION_CONTEXT() REPRESENTATION_CONTEXT('2D SPACE',''
  ) );
#10747 = PCURVE('',#10748,#10753);
#10748 = PLANE('',#10749);
#10749 = AXIS2_PLACEMENT_3D('',#10750,#10751,#10752);
#10750 = CARTESIAN_POINT('',(-1.,-30.,25.));
#10751 = DIRECTION('',(1.,0.,0.));
#10752 = DIRECTION('',(-0.,0.,1.));
#10753 = DEFINITIONAL_REPRESENTATION('',(#10754),#10758);
#10754 = CIRCLE('',#10755,4.5);
#10755 = AXIS2_PLACEMENT_2D('',#10756,#10757);
#10756 = CARTESIAN_POINT('',(-3.552713678801E-15,0.));
#10757 = DIRECTION('',(0.,-1.));
#10758 = ( GEOMETRIC_REPRESENTATION_CONTEXT(2) 
PARAMETRIC_REPRESENTATION_CONTEXT() REPRESENTATION_CONTEXT('2D SPACE',''
  ) );
#10759 = ORIENTED_EDGE('',*,*,#10760,.T.);
#10760 = EDGE_CURVE('',#10732,#10297,#10761,.T.);
#10761 = SEAM_CURVE('',#10762,(#10766,#10773),.PCURVE_S1.);
#10762 = LINE('',#10763,#10764);
#10763 = CARTESIAN_POINT('',(-1.,-25.5,25.));
#10764 = VECTOR('',#10765,1.);
#10765 = DIRECTION('',(1.,0.,0.));
#10766 = PCURVE('',#10317,#10767);
#10767 = DEFINITIONAL_REPRESENTATION('',(#10768),#10772);
#10768 = LINE('',#10769,#10770);
#10769 = CARTESIAN_POINT('',(-6.28318530718,0.));
#10770 = VECTOR('',#10771,1.);
#10771 = DIRECTION('',(-0.,-1.));
#10772 = ( GEOMETRIC_REPRESENTATION_CONTEXT(2) 
PARAMETRIC_REPRESENTATION_CONTEXT() REPRESENTATION_CONTEXT('2D SPACE',''
  ) );
#10773 = PCURVE('',#10317,#10774);
#10774 = DEFINITIONAL_REPRESENTATION('',(#10775),#10779);
#10775 = LINE('',#10776,#10777);
#10776 = CARTESIAN_POINT('',(-0.,0.));
#10777 = VECTOR('',#10778,1.);
#10778 = DIRECTION('',(-0.,-1.));
#10779 = ( GEOMETRIC_REPRESENTATION_CONTEXT(2) 
PARAMETRIC_REPRESENTATION_CONTEXT() REPRESENTATION_CONTEXT('2D SPACE',''
  ) );
#10780 = ORIENTED_EDGE('',*,*,#10296,.F.);
#10781 = ORIENTED_EDGE('',*,*,#10760,.F.);
#10782 = ADVANCED_FACE('',(#10783),#10638,.T.);
#10783 = FACE_BOUND('',#10784,.T.);
#10784 = EDGE_LOOP('',(#10785));
#10785 = ORIENTED_EDGE('',*,*,#10621,.T.);
#10786 = ADVANCED_FACE('',(#10787),#10693,.T.);
#10787 = FACE_BOUND('',#10788,.T.);
#10788 = EDGE_LOOP('',(#10789));
#10789 = ORIENTED_EDGE('',*,*,#10676,.T.);
#10790 = ADVANCED_FACE('',(#10791),#10748,.T.);
#10791 = FACE_BOUND('',#10792,.T.);
#10792 = EDGE_LOOP('',(#10793));
#10793 = ORIENTED_EDGE('',*,*,#10731,.T.);
#10794 = ( GEOMETRIC_REPRESENTATION_CONTEXT(3) 
GLOBAL_UNCERTAINTY_ASSIGNED_CONTEXT((#10798)) 
GLOBAL_UNIT_ASSIGNED_CONTEXT((#10795,#10796,#10797)) 
REPRESENTATION_CONTEXT('Context #1',
  '3D Context with UNIT and UNCERTAINTY') );
#10795 = ( LENGTH_UNIT() NAMED_UNIT(*) SI_UNIT(.MILLI.,.METRE.) );
#10796 = ( NAMED_UNIT(*) PLANE_ANGLE_UNIT() SI_UNIT($,.RADIAN.) );
#10797 = ( NAMED_UNIT(*) SI_UNIT($,.STERADIAN.) SOLID_ANGLE_UNIT() );
#10798 = UNCERTAINTY_MEASURE_WITH_UNIT(LENGTH_MEASURE(1.E-07),#10795,
  'distance_accuracy_value','confusion accuracy');
#10799 = CONTEXT_DEPENDENT_SHAPE_REPRESENTATION(#10800,#10802);
#10800 = ( REPRESENTATION_RELATIONSHIP('','',#9625,#10) 
REPRESENTATION_RELATIONSHIP_WITH_TRANSFORMATION(#10801) 
SHAPE_REPRESENTATION_RELATIONSHIP() );
#10801 = ITEM_DEFINED_TRANSFORMATION('','',#11,#75);
#10802 = PRODUCT_DEFINITION_SHAPE('Placement','Placement of an item',
  #10803);
#10803 = NEXT_ASSEMBLY_USAGE_OCCURRENCE('27','','',#5,#9620,$);
#10804 = PRODUCT_RELATED_PRODUCT_CATEGORY('part',$,(#9622));
#10805 = SHAPE_DEFINITION_REPRESENTATION(#10806,#10812);
#10806 = PRODUCT_DEFINITION_SHAPE('','',#10807);
#10807 = PRODUCT_DEFINITION('design','',#10808,#10811);
#10808 = PRODUCT_DEFINITION_FORMATION('','',#10809);
#10809 = PRODUCT('Open CASCADE STEP translator 7.8 12.17',
  'Open CASCADE STEP translator 7.8 12.17','',(#10810));
#10810 = PRODUCT_CONTEXT('',#2,'mechanical');
#10811 = PRODUCT_DEFINITION_CONTEXT('part definition',#2,'design');
#10812 = ADVANCED_BREP_SHAPE_REPRESENTATION('',(#11,#10813),#11981);
#10813 = MANIFOLD_SOLID_BREP('',#10814);
#10814 = CLOSED_SHELL('',(#10815,#10935,#11067,#11116,#11211,#11383,
    #11515,#11662,#11669,#11696,#11743,#11770,#11797,#11804,#11859,
    #11914,#11969,#11973,#11977));
#10815 = ADVANCED_FACE('',(#10816),#10830,.F.);
#10816 = FACE_BOUND('',#10817,.F.);
#10817 = EDGE_LOOP('',(#10818,#10853,#10881,#10909));
#10818 = ORIENTED_EDGE('',*,*,#10819,.F.);
#10819 = EDGE_CURVE('',#10820,#10822,#10824,.T.);
#10820 = VERTEX_POINT('',#10821);
#10821 = CARTESIAN_POINT('',(-1.5,-50.,0.));
#10822 = VERTEX_POINT('',#10823);
#10823 = CARTESIAN_POINT('',(-1.5,-50.,50.));
#10824 = SURFACE_CURVE('',#10825,(#10829,#10841),.PCURVE_S1.);
#10825 = LINE('',#10826,#10827);
#10826 = CARTESIAN_POINT('',(-1.5,-50.,0.));
#10827 = VECTOR('',#10828,1.);
#10828 = DIRECTION('',(0.,0.,1.));
#10829 = PCURVE('',#10830,#10835);
#10830 = PLANE('',#10831);
#10831 = AXIS2_PLACEMENT_3D('',#10832,#10833,#10834);
#10832 = CARTESIAN_POINT('',(-1.5,-50.,0.));
#10833 = DIRECTION('',(1.,0.,0.));
#10834 = DIRECTION('',(0.,0.,1.));
#10835 = DEFINITIONAL_REPRESENTATION('',(#10836),#10840);
#10836 = LINE('',#10837,#10838);
#10837 = CARTESIAN_POINT('',(0.,0.));
#10838 = VECTOR('',#10839,1.);
#10839 = DIRECTION('',(1.,0.));
#10840 = ( GEOMETRIC_REPRESENTATION_CONTEXT(2) 
PARAMETRIC_REPRESENTATION_CONTEXT() REPRESENTATION_CONTEXT('2D SPACE',''
  ) );
#10841 = PCURVE('',#10842,#10847);
#10842 = PLANE('',#10843);
#10843 = AXIS2_PLACEMENT_3D('',#10844,#10845,#10846);
#10844 = CARTESIAN_POINT('',(-1.5,-50.,0.));
#10845 = DIRECTION('',(0.,1.,0.));
#10846 = DIRECTION('',(0.,0.,1.));
#10847 = DEFINITIONAL_REPRESENTATION('',(#10848),#10852);
#10848 = LINE('',#10849,#10850);
#10849 = CARTESIAN_POINT('',(0.,0.));
#10850 = VECTOR('',#10851,1.);
#10851 = DIRECTION('',(1.,0.));
#10852 = ( GEOMETRIC_REPRESENTATION_CONTEXT(2) 
PARAMETRIC_REPRESENTATION_CONTEXT() REPRESENTATION_CONTEXT('2D SPACE',''
  ) );
#10853 = ORIENTED_EDGE('',*,*,#10854,.T.);
#10854 = EDGE_CURVE('',#10820,#10855,#10857,.T.);
#10855 = VERTEX_POINT('',#10856);
#10856 = CARTESIAN_POINT('',(-1.5,50.,0.));
#10857 = SURFACE_CURVE('',#10858,(#10862,#10869),.PCURVE_S1.);
#10858 = LINE('',#10859,#10860);
#10859 = CARTESIAN_POINT('',(-1.5,-50.,0.));
#10860 = VECTOR('',#10861,1.);
#10861 = DIRECTION('',(0.,1.,0.));
#10862 = PCURVE('',#10830,#10863);
#10863 = DEFINITIONAL_REPRESENTATION('',(#10864),#10868);
#10864 = LINE('',#10865,#10866);
#10865 = CARTESIAN_POINT('',(0.,0.));
#10866 = VECTOR('',#10867,1.);
#10867 = DIRECTION('',(0.,-1.));
#10868 = ( GEOMETRIC_REPRESENTATION_CONTEXT(2) 
PARAMETRIC_REPRESENTATION_CONTEXT() REPRESENTATION_CONTEXT('2D SPACE',''
  ) );
#10869 = PCURVE('',#10870,#10875);
#10870 = PLANE('',#10871);
#10871 = AXIS2_PLACEMENT_3D('',#10872,#10873,#10874);
#10872 = CARTESIAN_POINT('',(-1.5,-50.,0.));
#10873 = DIRECTION('',(0.,0.,1.));
#10874 = DIRECTION('',(1.,0.,0.));
#10875 = DEFINITIONAL_REPRESENTATION('',(#10876),#10880);
#10876 = LINE('',#10877,#10878);
#10877 = CARTESIAN_POINT('',(0.,0.));
#10878 = VECTOR('',#10879,1.);
#10879 = DIRECTION('',(0.,1.));
#10880 = ( GEOMETRIC_REPRESENTATION_CONTEXT(2) 
PARAMETRIC_REPRESENTATION_CONTEXT() REPRESENTATION_CONTEXT('2D SPACE',''
  ) );
#10881 = ORIENTED_EDGE('',*,*,#10882,.T.);
#10882 = EDGE_CURVE('',#10855,#10883,#10885,.T.);
#10883 = VERTEX_POINT('',#10884);
#10884 = CARTESIAN_POINT('',(-1.5,50.,50.));
#10885 = SURFACE_CURVE('',#10886,(#10890,#10897),.PCURVE_S1.);
#10886 = LINE('',#10887,#10888);
#10887 = CARTESIAN_POINT('',(-1.5,50.,0.));
#10888 = VECTOR('',#10889,1.);
#10889 = DIRECTION('',(0.,0.,1.));
#10890 = PCURVE('',#10830,#10891);
#10891 = DEFINITIONAL_REPRESENTATION('',(#10892),#10896);
#10892 = LINE('',#10893,#10894);
#10893 = CARTESIAN_POINT('',(0.,-100.));
#10894 = VECTOR('',#10895,1.);
#10895 = DIRECTION('',(1.,0.));
#10896 = ( GEOMETRIC_REPRESENTATION_CONTEXT(2) 
PARAMETRIC_REPRESENTATION_CONTEXT() REPRESENTATION_CONTEXT('2D SPACE',''
  ) );
#10897 = PCURVE('',#10898,#10903);
#10898 = PLANE('',#10899);
#10899 = AXIS2_PLACEMENT_3D('',#10900,#10901,#10902);
#10900 = CARTESIAN_POINT('',(-1.5,50.,0.));
#10901 = DIRECTION('',(0.,1.,0.));
#10902 = DIRECTION('',(0.,0.,1.));
#10903 = DEFINITIONAL_REPRESENTATION('',(#10904),#10908);
#10904 = LINE('',#10905,#10906);
#10905 = CARTESIAN_POINT('',(0.,0.));
#10906 = VECTOR('',#10907,1.);
#10907 = DIRECTION('',(1.,0.));
#10908 = ( GEOMETRIC_REPRESENTATION_CONTEXT(2) 
PARAMETRIC_REPRESENTATION_CONTEXT() REPRESENTATION_CONTEXT('2D SPACE',''
  ) );
#10909 = ORIENTED_EDGE('',*,*,#10910,.F.);
#10910 = EDGE_CURVE('',#10822,#10883,#10911,.T.);
#10911 = SURFACE_CURVE('',#10912,(#10916,#10923),.PCURVE_S1.);
#10912 = LINE('',#10913,#10914);
#10913 = CARTESIAN_POINT('',(-1.5,-50.,50.));
#10914 = VECTOR('',#10915,1.);
#10915 = DIRECTION('',(0.,1.,0.));
#10916 = PCURVE('',#10830,#10917);
#10917 = DEFINITIONAL_REPRESENTATION('',(#10918),#10922);
#10918 = LINE('',#10919,#10920);
#10919 = CARTESIAN_POINT('',(50.,0.));
#10920 = VECTOR('',#10921,1.);
#10921 = DIRECTION('',(0.,-1.));
#10922 = ( GEOMETRIC_REPRESENTATION_CONTEXT(2) 
PARAMETRIC_REPRESENTATION_CONTEXT() REPRESENTATION_CONTEXT('2D SPACE',''
  ) );
#10923 = PCURVE('',#10924,#10929);
#10924 = PLANE('',#10925);
#10925 = AXIS2_PLACEMENT_3D('',#10926,#10927,#10928);
#10926 = CARTESIAN_POINT('',(-1.5,-50.,50.));
#10927 = DIRECTION('',(0.,0.,1.));
#10928 = DIRECTION('',(1.,0.,0.));
#10929 = DEFINITIONAL_REPRESENTATION('',(#10930),#10934);
#10930 = LINE('',#10931,#10932);
#10931 = CARTESIAN_POINT('',(0.,0.));
#10932 = VECTOR('',#10933,1.);
#10933 = DIRECTION('',(0.,1.));
#10934 = ( GEOMETRIC_REPRESENTATION_CONTEXT(2) 
PARAMETRIC_REPRESENTATION_CONTEXT() REPRESENTATION_CONTEXT('2D SPACE',''
  ) );
#10935 = ADVANCED_FACE('',(#10936),#10842,.F.);
#10936 = FACE_BOUND('',#10937,.F.);
#10937 = EDGE_LOOP('',(#10938,#10961,#10962,#10985,#11013,#11041));
#10938 = ORIENTED_EDGE('',*,*,#10939,.F.);
#10939 = EDGE_CURVE('',#10820,#10940,#10942,.T.);
#10940 = VERTEX_POINT('',#10941);
#10941 = CARTESIAN_POINT('',(101.5,-50.,0.));
#10942 = SURFACE_CURVE('',#10943,(#10947,#10954),.PCURVE_S1.);
#10943 = LINE('',#10944,#10945);
#10944 = CARTESIAN_POINT('',(-1.5,-50.,0.));
#10945 = VECTOR('',#10946,1.);
#10946 = DIRECTION('',(1.,0.,0.));
#10947 = PCURVE('',#10842,#10948);
#10948 = DEFINITIONAL_REPRESENTATION('',(#10949),#10953);
#10949 = LINE('',#10950,#10951);
#10950 = CARTESIAN_POINT('',(0.,0.));
#10951 = VECTOR('',#10952,1.);
#10952 = DIRECTION('',(0.,1.));
#10953 = ( GEOMETRIC_REPRESENTATION_CONTEXT(2) 
PARAMETRIC_REPRESENTATION_CONTEXT() REPRESENTATION_CONTEXT('2D SPACE',''
  ) );
#10954 = PCURVE('',#10870,#10955);
#10955 = DEFINITIONAL_REPRESENTATION('',(#10956),#10960);
#10956 = LINE('',#10957,#10958);
#10957 = CARTESIAN_POINT('',(0.,0.));
#10958 = VECTOR('',#10959,1.);
#10959 = DIRECTION('',(1.,0.));
#10960 = ( GEOMETRIC_REPRESENTATION_CONTEXT(2) 
PARAMETRIC_REPRESENTATION_CONTEXT() REPRESENTATION_CONTEXT('2D SPACE',''
  ) );
#10961 = ORIENTED_EDGE('',*,*,#10819,.T.);
#10962 = ORIENTED_EDGE('',*,*,#10963,.T.);
#10963 = EDGE_CURVE('',#10822,#10964,#10966,.T.);
#10964 = VERTEX_POINT('',#10965);
#10965 = CARTESIAN_POINT('',(1.5,-50.,50.));
#10966 = SURFACE_CURVE('',#10967,(#10971,#10978),.PCURVE_S1.);
#10967 = LINE('',#10968,#10969);
#10968 = CARTESIAN_POINT('',(-1.5,-50.,50.));
#10969 = VECTOR('',#10970,1.);
#10970 = DIRECTION('',(1.,0.,0.));
#10971 = PCURVE('',#10842,#10972);
#10972 = DEFINITIONAL_REPRESENTATION('',(#10973),#10977);
#10973 = LINE('',#10974,#10975);
#10974 = CARTESIAN_POINT('',(50.,0.));
#10975 = VECTOR('',#10976,1.);
#10976 = DIRECTION('',(0.,1.));
#10977 = ( GEOMETRIC_REPRESENTATION_CONTEXT(2) 
PARAMETRIC_REPRESENTATION_CONTEXT() REPRESENTATION_CONTEXT('2D SPACE',''
  ) );
#10978 = PCURVE('',#10924,#10979);
#10979 = DEFINITIONAL_REPRESENTATION('',(#10980),#10984);
#10980 = LINE('',#10981,#10982);
#10981 = CARTESIAN_POINT('',(0.,0.));
#10982 = VECTOR('',#10983,1.);
#10983 = DIRECTION('',(1.,0.));
#10984 = ( GEOMETRIC_REPRESENTATION_CONTEXT(2) 
PARAMETRIC_REPRESENTATION_CONTEXT() REPRESENTATION_CONTEXT('2D SPACE',''
  ) );
#10985 = ORIENTED_EDGE('',*,*,#10986,.F.);
#10986 = EDGE_CURVE('',#10987,#10964,#10989,.T.);
#10987 = VERTEX_POINT('',#10988);
#10988 = CARTESIAN_POINT('',(1.5,-50.,3.));
#10989 = SURFACE_CURVE('',#10990,(#10994,#11001),.PCURVE_S1.);
#10990 = LINE('',#10991,#10992);
#10991 = CARTESIAN_POINT('',(1.5,-50.,0.));
#10992 = VECTOR('',#10993,1.);
#10993 = DIRECTION('',(0.,0.,1.));
#10994 = PCURVE('',#10842,#10995);
#10995 = DEFINITIONAL_REPRESENTATION('',(#10996),#11000);
#10996 = LINE('',#10997,#10998);
#10997 = CARTESIAN_POINT('',(0.,3.));
#10998 = VECTOR('',#10999,1.);
#10999 = DIRECTION('',(1.,0.));
#11000 = ( GEOMETRIC_REPRESENTATION_CONTEXT(2) 
PARAMETRIC_REPRESENTATION_CONTEXT() REPRESENTATION_CONTEXT('2D SPACE',''
  ) );
#11001 = PCURVE('',#11002,#11007);
#11002 = PLANE('',#11003);
#11003 = AXIS2_PLACEMENT_3D('',#11004,#11005,#11006);
#11004 = CARTESIAN_POINT('',(1.5,-50.,0.));
#11005 = DIRECTION('',(1.,0.,0.));
#11006 = DIRECTION('',(0.,0.,1.));
#11007 = DEFINITIONAL_REPRESENTATION('',(#11008),#11012);
#11008 = LINE('',#11009,#11010);
#11009 = CARTESIAN_POINT('',(0.,0.));
#11010 = VECTOR('',#11011,1.);
#11011 = DIRECTION('',(1.,0.));
#11012 = ( GEOMETRIC_REPRESENTATION_CONTEXT(2) 
PARAMETRIC_REPRESENTATION_CONTEXT() REPRESENTATION_CONTEXT('2D SPACE',''
  ) );
#11013 = ORIENTED_EDGE('',*,*,#11014,.T.);
#11014 = EDGE_CURVE('',#10987,#11015,#11017,.T.);
#11015 = VERTEX_POINT('',#11016);
#11016 = CARTESIAN_POINT('',(101.5,-50.,3.));
#11017 = SURFACE_CURVE('',#11018,(#11022,#11029),.PCURVE_S1.);
#11018 = LINE('',#11019,#11020);
#11019 = CARTESIAN_POINT('',(1.5,-50.,3.));
#11020 = VECTOR('',#11021,1.);
#11021 = DIRECTION('',(1.,0.,0.));
#11022 = PCURVE('',#10842,#11023);
#11023 = DEFINITIONAL_REPRESENTATION('',(#11024),#11028);
#11024 = LINE('',#11025,#11026);
#11025 = CARTESIAN_POINT('',(3.,3.));
#11026 = VECTOR('',#11027,1.);
#11027 = DIRECTION('',(0.,1.));
#11028 = ( GEOMETRIC_REPRESENTATION_CONTEXT(2) 
PARAMETRIC_REPRESENTATION_CONTEXT() REPRESENTATION_CONTEXT('2D SPACE',''
  ) );
#11029 = PCURVE('',#11030,#11035);
#11030 = PLANE('',#11031);
#11031 = AXIS2_PLACEMENT_3D('',#11032,#11033,#11034);
#11032 = CARTESIAN_POINT('',(1.5,-50.,3.));
#11033 = DIRECTION('',(0.,0.,1.));
#11034 = DIRECTION('',(1.,0.,0.));
#11035 = DEFINITIONAL_REPRESENTATION('',(#11036),#11040);
#11036 = LINE('',#11037,#11038);
#11037 = CARTESIAN_POINT('',(0.,0.));
#11038 = VECTOR('',#11039,1.);
#11039 = DIRECTION('',(1.,0.));
#11040 = ( GEOMETRIC_REPRESENTATION_CONTEXT(2) 
PARAMETRIC_REPRESENTATION_CONTEXT() REPRESENTATION_CONTEXT('2D SPACE',''
  ) );
#11041 = ORIENTED_EDGE('',*,*,#11042,.F.);
#11042 = EDGE_CURVE('',#10940,#11015,#11043,.T.);
#11043 = SURFACE_CURVE('',#11044,(#11048,#11055),.PCURVE_S1.);
#11044 = LINE('',#11045,#11046);
#11045 = CARTESIAN_POINT('',(101.5,-50.,0.));
#11046 = VECTOR('',#11047,1.);
#11047 = DIRECTION('',(0.,0.,1.));
#11048 = PCURVE('',#10842,#11049);
#11049 = DEFINITIONAL_REPRESENTATION('',(#11050),#11054);
#11050 = LINE('',#11051,#11052);
#11051 = CARTESIAN_POINT('',(0.,103.));
#11052 = VECTOR('',#11053,1.);
#11053 = DIRECTION('',(1.,0.));
#11054 = ( GEOMETRIC_REPRESENTATION_CONTEXT(2) 
PARAMETRIC_REPRESENTATION_CONTEXT() REPRESENTATION_CONTEXT('2D SPACE',''
  ) );
#11055 = PCURVE('',#11056,#11061);
#11056 = PLANE('',#11057);
#11057 = AXIS2_PLACEMENT_3D('',#11058,#11059,#11060);
#11058 = CARTESIAN_POINT('',(101.5,-50.,0.));
#11059 = DIRECTION('',(1.,0.,0.));
#11060 = DIRECTION('',(0.,0.,1.));
#11061 = DEFINITIONAL_REPRESENTATION('',(#11062),#11066);
#11062 = LINE('',#11063,#11064);
#11063 = CARTESIAN_POINT('',(0.,0.));
#11064 = VECTOR('',#11065,1.);
#11065 = DIRECTION('',(1.,0.));
#11066 = ( GEOMETRIC_REPRESENTATION_CONTEXT(2) 
PARAMETRIC_REPRESENTATION_CONTEXT() REPRESENTATION_CONTEXT('2D SPACE',''
  ) );
#11067 = ADVANCED_FACE('',(#11068),#10924,.T.);
#11068 = FACE_BOUND('',#11069,.T.);
#11069 = EDGE_LOOP('',(#11070,#11071,#11072,#11095));
#11070 = ORIENTED_EDGE('',*,*,#10910,.F.);
#11071 = ORIENTED_EDGE('',*,*,#10963,.T.);
#11072 = ORIENTED_EDGE('',*,*,#11073,.T.);
#11073 = EDGE_CURVE('',#10964,#11074,#11076,.T.);
#11074 = VERTEX_POINT('',#11075);
#11075 = CARTESIAN_POINT('',(1.5,50.,50.));
#11076 = SURFACE_CURVE('',#11077,(#11081,#11088),.PCURVE_S1.);
#11077 = LINE('',#11078,#11079);
#11078 = CARTESIAN_POINT('',(1.5,-50.,50.));
#11079 = VECTOR('',#11080,1.);
#11080 = DIRECTION('',(0.,1.,0.));
#11081 = PCURVE('',#10924,#11082);
#11082 = DEFINITIONAL_REPRESENTATION('',(#11083),#11087);
#11083 = LINE('',#11084,#11085);
#11084 = CARTESIAN_POINT('',(3.,0.));
#11085 = VECTOR('',#11086,1.);
#11086 = DIRECTION('',(0.,1.));
#11087 = ( GEOMETRIC_REPRESENTATION_CONTEXT(2) 
PARAMETRIC_REPRESENTATION_CONTEXT() REPRESENTATION_CONTEXT('2D SPACE',''
  ) );
#11088 = PCURVE('',#11002,#11089);
#11089 = DEFINITIONAL_REPRESENTATION('',(#11090),#11094);
#11090 = LINE('',#11091,#11092);
#11091 = CARTESIAN_POINT('',(50.,0.));
#11092 = VECTOR('',#11093,1.);
#11093 = DIRECTION('',(0.,-1.));
#11094 = ( GEOMETRIC_REPRESENTATION_CONTEXT(2) 
PARAMETRIC_REPRESENTATION_CONTEXT() REPRESENTATION_CONTEXT('2D SPACE',''
  ) );
#11095 = ORIENTED_EDGE('',*,*,#11096,.F.);
#11096 = EDGE_CURVE('',#10883,#11074,#11097,.T.);
#11097 = SURFACE_CURVE('',#11098,(#11102,#11109),.PCURVE_S1.);
#11098 = LINE('',#11099,#11100);
#11099 = CARTESIAN_POINT('',(-1.5,50.,50.));
#11100 = VECTOR('',#11101,1.);
#11101 = DIRECTION('',(1.,0.,0.));
#11102 = PCURVE('',#10924,#11103);
#11103 = DEFINITIONAL_REPRESENTATION('',(#11104),#11108);
#11104 = LINE('',#11105,#11106);
#11105 = CARTESIAN_POINT('',(0.,100.));
#11106 = VECTOR('',#11107,1.);
#11107 = DIRECTION('',(1.,0.));
#11108 = ( GEOMETRIC_REPRESENTATION_CONTEXT(2) 
PARAMETRIC_REPRESENTATION_CONTEXT() REPRESENTATION_CONTEXT('2D SPACE',''
  ) );
#11109 = PCURVE('',#10898,#11110);
#11110 = DEFINITIONAL_REPRESENTATION('',(#11111),#11115);
#11111 = LINE('',#11112,#11113);
#11112 = CARTESIAN_POINT('',(50.,0.));
#11113 = VECTOR('',#11114,1.);
#11114 = DIRECTION('',(0.,1.));
#11115 = ( GEOMETRIC_REPRESENTATION_CONTEXT(2) 
PARAMETRIC_REPRESENTATION_CONTEXT() REPRESENTATION_CONTEXT('2D SPACE',''
  ) );
#11116 = ADVANCED_FACE('',(#11117),#10898,.T.);
#11117 = FACE_BOUND('',#11118,.T.);
#11118 = EDGE_LOOP('',(#11119,#11120,#11121,#11144,#11167,#11190));
#11119 = ORIENTED_EDGE('',*,*,#10882,.T.);
#11120 = ORIENTED_EDGE('',*,*,#11096,.T.);
#11121 = ORIENTED_EDGE('',*,*,#11122,.F.);
#11122 = EDGE_CURVE('',#11123,#11074,#11125,.T.);
#11123 = VERTEX_POINT('',#11124);
#11124 = CARTESIAN_POINT('',(1.5,50.,3.));
#11125 = SURFACE_CURVE('',#11126,(#11130,#11137),.PCURVE_S1.);
#11126 = LINE('',#11127,#11128);
#11127 = CARTESIAN_POINT('',(1.5,50.,0.));
#11128 = VECTOR('',#11129,1.);
#11129 = DIRECTION('',(0.,0.,1.));
#11130 = PCURVE('',#10898,#11131);
#11131 = DEFINITIONAL_REPRESENTATION('',(#11132),#11136);
#11132 = LINE('',#11133,#11134);
#11133 = CARTESIAN_POINT('',(0.,3.));
#11134 = VECTOR('',#11135,1.);
#11135 = DIRECTION('',(1.,0.));
#11136 = ( GEOMETRIC_REPRESENTATION_CONTEXT(2) 
PARAMETRIC_REPRESENTATION_CONTEXT() REPRESENTATION_CONTEXT('2D SPACE',''
  ) );
#11137 = PCURVE('',#11002,#11138);
#11138 = DEFINITIONAL_REPRESENTATION('',(#11139),#11143);
#11139 = LINE('',#11140,#11141);
#11140 = CARTESIAN_POINT('',(0.,-100.));
#11141 = VECTOR('',#11142,1.);
#11142 = DIRECTION('',(1.,0.));
#11143 = ( GEOMETRIC_REPRESENTATION_CONTEXT(2) 
PARAMETRIC_REPRESENTATION_CONTEXT() REPRESENTATION_CONTEXT('2D SPACE',''
  ) );
#11144 = ORIENTED_EDGE('',*,*,#11145,.T.);
#11145 = EDGE_CURVE('',#11123,#11146,#11148,.T.);
#11146 = VERTEX_POINT('',#11147);
#11147 = CARTESIAN_POINT('',(101.5,50.,3.));
#11148 = SURFACE_CURVE('',#11149,(#11153,#11160),.PCURVE_S1.);
#11149 = LINE('',#11150,#11151);
#11150 = CARTESIAN_POINT('',(1.5,50.,3.));
#11151 = VECTOR('',#11152,1.);
#11152 = DIRECTION('',(1.,0.,0.));
#11153 = PCURVE('',#10898,#11154);
#11154 = DEFINITIONAL_REPRESENTATION('',(#11155),#11159);
#11155 = LINE('',#11156,#11157);
#11156 = CARTESIAN_POINT('',(3.,3.));
#11157 = VECTOR('',#11158,1.);
#11158 = DIRECTION('',(0.,1.));
#11159 = ( GEOMETRIC_REPRESENTATION_CONTEXT(2) 
PARAMETRIC_REPRESENTATION_CONTEXT() REPRESENTATION_CONTEXT('2D SPACE',''
  ) );
#11160 = PCURVE('',#11030,#11161);
#11161 = DEFINITIONAL_REPRESENTATION('',(#11162),#11166);
#11162 = LINE('',#11163,#11164);
#11163 = CARTESIAN_POINT('',(0.,100.));
#11164 = VECTOR('',#11165,1.);
#11165 = DIRECTION('',(1.,0.));
#11166 = ( GEOMETRIC_REPRESENTATION_CONTEXT(2) 
PARAMETRIC_REPRESENTATION_CONTEXT() REPRESENTATION_CONTEXT('2D SPACE',''
  ) );
#11167 = ORIENTED_EDGE('',*,*,#11168,.F.);
#11168 = EDGE_CURVE('',#11169,#11146,#11171,.T.);
#11169 = VERTEX_POINT('',#11170);
#11170 = CARTESIAN_POINT('',(101.5,50.,0.));
#11171 = SURFACE_CURVE('',#11172,(#11176,#11183),.PCURVE_S1.);
#11172 = LINE('',#11173,#11174);
#11173 = CARTESIAN_POINT('',(101.5,50.,0.));
#11174 = VECTOR('',#11175,1.);
#11175 = DIRECTION('',(0.,0.,1.));
#11176 = PCURVE('',#10898,#11177);
#11177 = DEFINITIONAL_REPRESENTATION('',(#11178),#11182);
#11178 = LINE('',#11179,#11180);
#11179 = CARTESIAN_POINT('',(0.,103.));
#11180 = VECTOR('',#11181,1.);
#11181 = DIRECTION('',(1.,0.));
#11182 = ( GEOMETRIC_REPRESENTATION_CONTEXT(2) 
PARAMETRIC_REPRESENTATION_CONTEXT() REPRESENTATION_CONTEXT('2D SPACE',''
  ) );
#11183 = PCURVE('',#11056,#11184);
#11184 = DEFINITIONAL_REPRESENTATION('',(#11185),#11189);
#11185 = LINE('',#11186,#11187);
#11186 = CARTESIAN_POINT('',(0.,-100.));
#11187 = VECTOR('',#11188,1.);
#11188 = DIRECTION('',(1.,0.));
#11189 = ( GEOMETRIC_REPRESENTATION_CONTEXT(2) 
PARAMETRIC_REPRESENTATION_CONTEXT() REPRESENTATION_CONTEXT('2D SPACE',''
  ) );
#11190 = ORIENTED_EDGE('',*,*,#11191,.T.);
#11191 = EDGE_CURVE('',#11169,#10855,#11192,.T.);
#11192 = SURFACE_CURVE('',#11193,(#11197,#11204),.PCURVE_S1.);
#11193 = LINE('',#11194,#11195);
#11194 = CARTESIAN_POINT('',(101.5,50.,0.));
#11195 = VECTOR('',#11196,1.);
#11196 = DIRECTION('',(-1.,0.,0.));
#11197 = PCURVE('',#10898,#11198);
#11198 = DEFINITIONAL_REPRESENTATION('',(#11199),#11203);
#11199 = LINE('',#11200,#11201);
#11200 = CARTESIAN_POINT('',(0.,103.));
#11201 = VECTOR('',#11202,1.);
#11202 = DIRECTION('',(0.,-1.));
#11203 = ( GEOMETRIC_REPRESENTATION_CONTEXT(2) 
PARAMETRIC_REPRESENTATION_CONTEXT() REPRESENTATION_CONTEXT('2D SPACE',''
  ) );
#11204 = PCURVE('',#10870,#11205);
#11205 = DEFINITIONAL_REPRESENTATION('',(#11206),#11210);
#11206 = LINE('',#11207,#11208);
#11207 = CARTESIAN_POINT('',(103.,100.));
#11208 = VECTOR('',#11209,1.);
#11209 = DIRECTION('',(-1.,0.));
#11210 = ( GEOMETRIC_REPRESENTATION_CONTEXT(2) 
PARAMETRIC_REPRESENTATION_CONTEXT() REPRESENTATION_CONTEXT('2D SPACE',''
  ) );
#11211 = ADVANCED_FACE('',(#11212,#11238,#11273),#10870,.F.);
#11212 = FACE_BOUND('',#11213,.F.);
#11213 = EDGE_LOOP('',(#11214,#11215,#11216,#11237));
#11214 = ORIENTED_EDGE('',*,*,#10854,.F.);
#11215 = ORIENTED_EDGE('',*,*,#10939,.T.);
#11216 = ORIENTED_EDGE('',*,*,#11217,.T.);
#11217 = EDGE_CURVE('',#10940,#11169,#11218,.T.);
#11218 = SURFACE_CURVE('',#11219,(#11223,#11230),.PCURVE_S1.);
#11219 = LINE('',#11220,#11221);
#11220 = CARTESIAN_POINT('',(101.5,-50.,0.));
#11221 = VECTOR('',#11222,1.);
#11222 = DIRECTION('',(0.,1.,0.));
#11223 = PCURVE('',#10870,#11224);
#11224 = DEFINITIONAL_REPRESENTATION('',(#11225),#11229);
#11225 = LINE('',#11226,#11227);
#11226 = CARTESIAN_POINT('',(103.,0.));
#11227 = VECTOR('',#11228,1.);
#11228 = DIRECTION('',(0.,1.));
#11229 = ( GEOMETRIC_REPRESENTATION_CONTEXT(2) 
PARAMETRIC_REPRESENTATION_CONTEXT() REPRESENTATION_CONTEXT('2D SPACE',''
  ) );
#11230 = PCURVE('',#11056,#11231);
#11231 = DEFINITIONAL_REPRESENTATION('',(#11232),#11236);
#11232 = LINE('',#11233,#11234);
#11233 = CARTESIAN_POINT('',(0.,0.));
#11234 = VECTOR('',#11235,1.);
#11235 = DIRECTION('',(0.,-1.));
#11236 = ( GEOMETRIC_REPRESENTATION_CONTEXT(2) 
PARAMETRIC_REPRESENTATION_CONTEXT() REPRESENTATION_CONTEXT('2D SPACE',''
  ) );
#11237 = ORIENTED_EDGE('',*,*,#11191,.T.);
#11238 = FACE_BOUND('',#11239,.F.);
#11239 = EDGE_LOOP('',(#11240));
#11240 = ORIENTED_EDGE('',*,*,#11241,.T.);
#11241 = EDGE_CURVE('',#11242,#11242,#11244,.T.);
#11242 = VERTEX_POINT('',#11243);
#11243 = CARTESIAN_POINT('',(32.5,0.,0.));
#11244 = SURFACE_CURVE('',#11245,(#11250,#11261),.PCURVE_S1.);
#11245 = CIRCLE('',#11246,4.5);
#11246 = AXIS2_PLACEMENT_3D('',#11247,#11248,#11249);
#11247 = CARTESIAN_POINT('',(28.,0.,0.));
#11248 = DIRECTION('',(0.,0.,-1.));
#11249 = DIRECTION('',(1.,0.,0.));
#11250 = PCURVE('',#10870,#11251);
#11251 = DEFINITIONAL_REPRESENTATION('',(#11252),#11260);
#11252 = ( BOUNDED_CURVE() B_SPLINE_CURVE(2,(#11253,#11254,#11255,#11256
    ,#11257,#11258,#11259),.UNSPECIFIED.,.T.,.F.) 
B_SPLINE_CURVE_WITH_KNOTS((1,2,2,2,2,1),(-2.094395102393,0.,
    2.094395102393,4.188790204786,6.28318530718,8.377580409573),
.UNSPECIFIED.) CURVE() GEOMETRIC_REPRESENTATION_ITEM() 
RATIONAL_B_SPLINE_CURVE((1.,0.5,1.,0.5,1.,0.5,1.)) REPRESENTATION_ITEM(
  '') );
#11253 = CARTESIAN_POINT('',(34.,50.));
#11254 = CARTESIAN_POINT('',(34.,42.20577136594));
#11255 = CARTESIAN_POINT('',(27.25,46.10288568297));
#11256 = CARTESIAN_POINT('',(20.5,50.));
#11257 = CARTESIAN_POINT('',(27.25,53.89711431703));
#11258 = CARTESIAN_POINT('',(34.,57.79422863406));
#11259 = CARTESIAN_POINT('',(34.,50.));
#11260 = ( GEOMETRIC_REPRESENTATION_CONTEXT(2) 
PARAMETRIC_REPRESENTATION_CONTEXT() REPRESENTATION_CONTEXT('2D SPACE',''
  ) );
#11261 = PCURVE('',#11262,#11267);
#11262 = CYLINDRICAL_SURFACE('',#11263,4.5);
#11263 = AXIS2_PLACEMENT_3D('',#11264,#11265,#11266);
#11264 = CARTESIAN_POINT('',(28.,0.,-1.));
#11265 = DIRECTION('',(-0.,-0.,-1.));
#11266 = DIRECTION('',(1.,0.,0.));
#11267 = DEFINITIONAL_REPRESENTATION('',(#11268),#11272);
#11268 = LINE('',#11269,#11270);
#11269 = CARTESIAN_POINT('',(-6.28318530718,-1.));
#11270 = VECTOR('',#11271,1.);
#11271 = DIRECTION('',(1.,-0.));
#11272 = ( GEOMETRIC_REPRESENTATION_CONTEXT(2) 
PARAMETRIC_REPRESENTATION_CONTEXT() REPRESENTATION_CONTEXT('2D SPACE',''
  ) );
#11273 = FACE_BOUND('',#11274,.F.);
#11274 = EDGE_LOOP('',(#11275,#11303,#11331,#11357));
#11275 = ORIENTED_EDGE('',*,*,#11276,.T.);
#11276 = EDGE_CURVE('',#11277,#11279,#11281,.T.);
#11277 = VERTEX_POINT('',#11278);
#11278 = CARTESIAN_POINT('',(88.,4.5,0.));
#11279 = VERTEX_POINT('',#11280);
#11280 = CARTESIAN_POINT('',(88.,-4.5,0.));
#11281 = SURFACE_CURVE('',#11282,(#11286,#11292),.PCURVE_S1.);
#11282 = LINE('',#11283,#11284);
#11283 = CARTESIAN_POINT('',(88.,-27.25,0.));
#11284 = VECTOR('',#11285,1.);
#11285 = DIRECTION('',(0.,-1.,0.));
#11286 = PCURVE('',#10870,#11287);
#11287 = DEFINITIONAL_REPRESENTATION('',(#11288),#11291);
#11288 = B_SPLINE_CURVE_WITH_KNOTS('',1,(#11289,#11290),.UNSPECIFIED.,
  .F.,.F.,(2,2),(-31.75,-22.75),.PIECEWISE_BEZIER_KNOTS.);
#11289 = CARTESIAN_POINT('',(89.5,54.5));
#11290 = CARTESIAN_POINT('',(89.5,45.5));
#11291 = ( GEOMETRIC_REPRESENTATION_CONTEXT(2) 
PARAMETRIC_REPRESENTATION_CONTEXT() REPRESENTATION_CONTEXT('2D SPACE',''
  ) );
#11292 = PCURVE('',#11293,#11298);
#11293 = PLANE('',#11294);
#11294 = AXIS2_PLACEMENT_3D('',#11295,#11296,#11297);
#11295 = CARTESIAN_POINT('',(88.,-4.5,-1.));
#11296 = DIRECTION('',(-1.,0.,0.));
#11297 = DIRECTION('',(0.,1.,0.));
#11298 = DEFINITIONAL_REPRESENTATION('',(#11299),#11302);
#11299 = B_SPLINE_CURVE_WITH_KNOTS('',1,(#11300,#11301),.UNSPECIFIED.,
  .F.,.F.,(2,2),(-31.75,-22.75),.PIECEWISE_BEZIER_KNOTS.);
#11300 = CARTESIAN_POINT('',(9.,-1.));
#11301 = CARTESIAN_POINT('',(0.,-1.));
#11302 = ( GEOMETRIC_REPRESENTATION_CONTEXT(2) 
PARAMETRIC_REPRESENTATION_CONTEXT() REPRESENTATION_CONTEXT('2D SPACE',''
  ) );
#11303 = ORIENTED_EDGE('',*,*,#11304,.F.);
#11304 = EDGE_CURVE('',#11305,#11279,#11307,.T.);
#11305 = VERTEX_POINT('',#11306);
#11306 = CARTESIAN_POINT('',(68.,-4.5,0.));
#11307 = SURFACE_CURVE('',#11308,(#11312,#11319),.PCURVE_S1.);
#11308 = LINE('',#11309,#11310);
#11309 = CARTESIAN_POINT('',(68.,-4.5,0.));
#11310 = VECTOR('',#11311,1.);
#11311 = DIRECTION('',(1.,0.,0.));
#11312 = PCURVE('',#10870,#11313);
#11313 = DEFINITIONAL_REPRESENTATION('',(#11314),#11318);
#11314 = LINE('',#11315,#11316);
#11315 = CARTESIAN_POINT('',(69.5,45.5));
#11316 = VECTOR('',#11317,1.);
#11317 = DIRECTION('',(1.,0.));
#11318 = ( GEOMETRIC_REPRESENTATION_CONTEXT(2) 
PARAMETRIC_REPRESENTATION_CONTEXT() REPRESENTATION_CONTEXT('2D SPACE',''
  ) );
#11319 = PCURVE('',#11320,#11325);
#11320 = PLANE('',#11321);
#11321 = AXIS2_PLACEMENT_3D('',#11322,#11323,#11324);
#11322 = CARTESIAN_POINT('',(68.,-4.5,-1.));
#11323 = DIRECTION('',(0.,1.,0.));
#11324 = DIRECTION('',(1.,0.,0.));
#11325 = DEFINITIONAL_REPRESENTATION('',(#11326),#11330);
#11326 = LINE('',#11327,#11328);
#11327 = CARTESIAN_POINT('',(0.,-1.));
#11328 = VECTOR('',#11329,1.);
#11329 = DIRECTION('',(1.,0.));
#11330 = ( GEOMETRIC_REPRESENTATION_CONTEXT(2) 
PARAMETRIC_REPRESENTATION_CONTEXT() REPRESENTATION_CONTEXT('2D SPACE',''
  ) );
#11331 = ORIENTED_EDGE('',*,*,#11332,.T.);
#11332 = EDGE_CURVE('',#11305,#11333,#11335,.T.);
#11333 = VERTEX_POINT('',#11334);
#11334 = CARTESIAN_POINT('',(68.,4.5,0.));
#11335 = SURFACE_CURVE('',#11336,(#11340,#11346),.PCURVE_S1.);
#11336 = LINE('',#11337,#11338);
#11337 = CARTESIAN_POINT('',(68.,-22.75,0.));
#11338 = VECTOR('',#11339,1.);
#11339 = DIRECTION('',(-0.,1.,0.));
#11340 = PCURVE('',#10870,#11341);
#11341 = DEFINITIONAL_REPRESENTATION('',(#11342),#11345);
#11342 = B_SPLINE_CURVE_WITH_KNOTS('',1,(#11343,#11344),.UNSPECIFIED.,
  .F.,.F.,(2,2),(18.25,27.25),.PIECEWISE_BEZIER_KNOTS.);
#11343 = CARTESIAN_POINT('',(69.5,45.5));
#11344 = CARTESIAN_POINT('',(69.5,54.5));
#11345 = ( GEOMETRIC_REPRESENTATION_CONTEXT(2) 
PARAMETRIC_REPRESENTATION_CONTEXT() REPRESENTATION_CONTEXT('2D SPACE',''
  ) );
#11346 = PCURVE('',#11347,#11352);
#11347 = PLANE('',#11348);
#11348 = AXIS2_PLACEMENT_3D('',#11349,#11350,#11351);
#11349 = CARTESIAN_POINT('',(68.,4.5,-1.));
#11350 = DIRECTION('',(1.,0.,-0.));
#11351 = DIRECTION('',(0.,-1.,0.));
#11352 = DEFINITIONAL_REPRESENTATION('',(#11353),#11356);
#11353 = B_SPLINE_CURVE_WITH_KNOTS('',1,(#11354,#11355),.UNSPECIFIED.,
  .F.,.F.,(2,2),(18.25,27.25),.PIECEWISE_BEZIER_KNOTS.);
#11354 = CARTESIAN_POINT('',(9.,-1.));
#11355 = CARTESIAN_POINT('',(0.,-1.));
#11356 = ( GEOMETRIC_REPRESENTATION_CONTEXT(2) 
PARAMETRIC_REPRESENTATION_CONTEXT() REPRESENTATION_CONTEXT('2D SPACE',''
  ) );
#11357 = ORIENTED_EDGE('',*,*,#11358,.F.);
#11358 = EDGE_CURVE('',#11277,#11333,#11359,.T.);
#11359 = SURFACE_CURVE('',#11360,(#11364,#11371),.PCURVE_S1.);
#11360 = LINE('',#11361,#11362);
#11361 = CARTESIAN_POINT('',(88.,4.5,0.));
#11362 = VECTOR('',#11363,1.);
#11363 = DIRECTION('',(-1.,0.,0.));
#11364 = PCURVE('',#10870,#11365);
#11365 = DEFINITIONAL_REPRESENTATION('',(#11366),#11370);
#11366 = LINE('',#11367,#11368);
#11367 = CARTESIAN_POINT('',(89.5,54.5));
#11368 = VECTOR('',#11369,1.);
#11369 = DIRECTION('',(-1.,0.));
#11370 = ( GEOMETRIC_REPRESENTATION_CONTEXT(2) 
PARAMETRIC_REPRESENTATION_CONTEXT() REPRESENTATION_CONTEXT('2D SPACE',''
  ) );
#11371 = PCURVE('',#11372,#11377);
#11372 = PLANE('',#11373);
#11373 = AXIS2_PLACEMENT_3D('',#11374,#11375,#11376);
#11374 = CARTESIAN_POINT('',(88.,4.5,-1.));
#11375 = DIRECTION('',(0.,-1.,0.));
#11376 = DIRECTION('',(-1.,0.,0.));
#11377 = DEFINITIONAL_REPRESENTATION('',(#11378),#11382);
#11378 = LINE('',#11379,#11380);
#11379 = CARTESIAN_POINT('',(0.,-1.));
#11380 = VECTOR('',#11381,1.);
#11381 = DIRECTION('',(1.,0.));
#11382 = ( GEOMETRIC_REPRESENTATION_CONTEXT(2) 
PARAMETRIC_REPRESENTATION_CONTEXT() REPRESENTATION_CONTEXT('2D SPACE',''
  ) );
#11383 = ADVANCED_FACE('',(#11384,#11410,#11445,#11480),#11002,.T.);
#11384 = FACE_BOUND('',#11385,.T.);
#11385 = EDGE_LOOP('',(#11386,#11387,#11408,#11409));
#11386 = ORIENTED_EDGE('',*,*,#10986,.F.);
#11387 = ORIENTED_EDGE('',*,*,#11388,.T.);
#11388 = EDGE_CURVE('',#10987,#11123,#11389,.T.);
#11389 = SURFACE_CURVE('',#11390,(#11394,#11401),.PCURVE_S1.);
#11390 = LINE('',#11391,#11392);
#11391 = CARTESIAN_POINT('',(1.5,-50.,3.));
#11392 = VECTOR('',#11393,1.);
#11393 = DIRECTION('',(0.,1.,0.));
#11394 = PCURVE('',#11002,#11395);
#11395 = DEFINITIONAL_REPRESENTATION('',(#11396),#11400);
#11396 = LINE('',#11397,#11398);
#11397 = CARTESIAN_POINT('',(3.,0.));
#11398 = VECTOR('',#11399,1.);
#11399 = DIRECTION('',(0.,-1.));
#11400 = ( GEOMETRIC_REPRESENTATION_CONTEXT(2) 
PARAMETRIC_REPRESENTATION_CONTEXT() REPRESENTATION_CONTEXT('2D SPACE',''
  ) );
#11401 = PCURVE('',#11030,#11402);
#11402 = DEFINITIONAL_REPRESENTATION('',(#11403),#11407);
#11403 = LINE('',#11404,#11405);
#11404 = CARTESIAN_POINT('',(0.,0.));
#11405 = VECTOR('',#11406,1.);
#11406 = DIRECTION('',(0.,1.));
#11407 = ( GEOMETRIC_REPRESENTATION_CONTEXT(2) 
PARAMETRIC_REPRESENTATION_CONTEXT() REPRESENTATION_CONTEXT('2D SPACE',''
  ) );
#11408 = ORIENTED_EDGE('',*,*,#11122,.T.);
#11409 = ORIENTED_EDGE('',*,*,#11073,.F.);
#11410 = FACE_BOUND('',#11411,.T.);
#11411 = EDGE_LOOP('',(#11412));
#11412 = ORIENTED_EDGE('',*,*,#11413,.T.);
#11413 = EDGE_CURVE('',#11414,#11414,#11416,.T.);
#11414 = VERTEX_POINT('',#11415);
#11415 = CARTESIAN_POINT('',(1.5,34.5,25.));
#11416 = SURFACE_CURVE('',#11417,(#11422,#11433),.PCURVE_S1.);
#11417 = CIRCLE('',#11418,4.5);
#11418 = AXIS2_PLACEMENT_3D('',#11419,#11420,#11421);
#11419 = CARTESIAN_POINT('',(1.5,30.,25.));
#11420 = DIRECTION('',(-1.,0.,0.));
#11421 = DIRECTION('',(0.,1.,0.));
#11422 = PCURVE('',#11002,#11423);
#11423 = DEFINITIONAL_REPRESENTATION('',(#11424),#11432);
#11424 = ( BOUNDED_CURVE() B_SPLINE_CURVE(2,(#11425,#11426,#11427,#11428
    ,#11429,#11430,#11431),.UNSPECIFIED.,.T.,.F.) 
B_SPLINE_CURVE_WITH_KNOTS((1,2,2,2,2,1),(-2.094395102393,0.,
    2.094395102393,4.188790204786,6.28318530718,8.377580409573),
.UNSPECIFIED.) CURVE() GEOMETRIC_REPRESENTATION_ITEM() 
RATIONAL_B_SPLINE_CURVE((1.,0.5,1.,0.5,1.,0.5,1.)) REPRESENTATION_ITEM(
  '') );
#11425 = CARTESIAN_POINT('',(25.,-84.5));
#11426 = CARTESIAN_POINT('',(17.20577136594,-84.5));
#11427 = CARTESIAN_POINT('',(21.10288568297,-77.75));
#11428 = CARTESIAN_POINT('',(25.,-71.));
#11429 = CARTESIAN_POINT('',(28.89711431703,-77.75));
#11430 = CARTESIAN_POINT('',(32.79422863406,-84.5));
#11431 = CARTESIAN_POINT('',(25.,-84.5));
#11432 = ( GEOMETRIC_REPRESENTATION_CONTEXT(2) 
PARAMETRIC_REPRESENTATION_CONTEXT() REPRESENTATION_CONTEXT('2D SPACE',''
  ) );
#11433 = PCURVE('',#11434,#11439);
#11434 = CYLINDRICAL_SURFACE('',#11435,4.5);
#11435 = AXIS2_PLACEMENT_3D('',#11436,#11437,#11438);
#11436 = CARTESIAN_POINT('',(-1.,30.,25.));
#11437 = DIRECTION('',(-1.,-0.,-0.));
#11438 = DIRECTION('',(0.,1.,0.));
#11439 = DEFINITIONAL_REPRESENTATION('',(#11440),#11444);
#11440 = LINE('',#11441,#11442);
#11441 = CARTESIAN_POINT('',(-6.28318530718,-2.5));
#11442 = VECTOR('',#11443,1.);
#11443 = DIRECTION('',(1.,-0.));
#11444 = ( GEOMETRIC_REPRESENTATION_CONTEXT(2) 
PARAMETRIC_REPRESENTATION_CONTEXT() REPRESENTATION_CONTEXT('2D SPACE',''
  ) );
#11445 = FACE_BOUND('',#11446,.T.);
#11446 = EDGE_LOOP('',(#11447));
#11447 = ORIENTED_EDGE('',*,*,#11448,.T.);
#11448 = EDGE_CURVE('',#11449,#11449,#11451,.T.);
#11449 = VERTEX_POINT('',#11450);
#11450 = CARTESIAN_POINT('',(1.5,4.5,25.));
#11451 = SURFACE_CURVE('',#11452,(#11457,#11468),.PCURVE_S1.);
#11452 = CIRCLE('',#11453,4.5);
#11453 = AXIS2_PLACEMENT_3D('',#11454,#11455,#11456);
#11454 = CARTESIAN_POINT('',(1.5,0.,25.));
#11455 = DIRECTION('',(-1.,0.,0.));
#11456 = DIRECTION('',(0.,1.,0.));
#11457 = PCURVE('',#11002,#11458);
#11458 = DEFINITIONAL_REPRESENTATION('',(#11459),#11467);
#11459 = ( BOUNDED_CURVE() B_SPLINE_CURVE(2,(#11460,#11461,#11462,#11463
    ,#11464,#11465,#11466),.UNSPECIFIED.,.T.,.F.) 
B_SPLINE_CURVE_WITH_KNOTS((1,2,2,2,2,1),(-2.094395102393,0.,
    2.094395102393,4.188790204786,6.28318530718,8.377580409573),
.UNSPECIFIED.) CURVE() GEOMETRIC_REPRESENTATION_ITEM() 
RATIONAL_B_SPLINE_CURVE((1.,0.5,1.,0.5,1.,0.5,1.)) REPRESENTATION_ITEM(
  '') );
#11460 = CARTESIAN_POINT('',(25.,-54.5));
#11461 = CARTESIAN_POINT('',(17.20577136594,-54.5));
#11462 = CARTESIAN_POINT('',(21.10288568297,-47.75));
#11463 = CARTESIAN_POINT('',(25.,-41.));
#11464 = CARTESIAN_POINT('',(28.89711431703,-47.75));
#11465 = CARTESIAN_POINT('',(32.79422863406,-54.5));
#11466 = CARTESIAN_POINT('',(25.,-54.5));
#11467 = ( GEOMETRIC_REPRESENTATION_CONTEXT(2) 
PARAMETRIC_REPRESENTATION_CONTEXT() REPRESENTATION_CONTEXT('2D SPACE',''
  ) );
#11468 = PCURVE('',#11469,#11474);
#11469 = CYLINDRICAL_SURFACE('',#11470,4.5);
#11470 = AXIS2_PLACEMENT_3D('',#11471,#11472,#11473);
#11471 = CARTESIAN_POINT('',(-1.,0.,25.));
#11472 = DIRECTION('',(-1.,-0.,-0.));
#11473 = DIRECTION('',(0.,1.,0.));
#11474 = DEFINITIONAL_REPRESENTATION('',(#11475),#11479);
#11475 = LINE('',#11476,#11477);
#11476 = CARTESIAN_POINT('',(-6.28318530718,-2.5));
#11477 = VECTOR('',#11478,1.);
#11478 = DIRECTION('',(1.,-0.));
#11479 = ( GEOMETRIC_REPRESENTATION_CONTEXT(2) 
PARAMETRIC_REPRESENTATION_CONTEXT() REPRESENTATION_CONTEXT('2D SPACE',''
  ) );
#11480 = FACE_BOUND('',#11481,.T.);
#11481 = EDGE_LOOP('',(#11482));
#11482 = ORIENTED_EDGE('',*,*,#11483,.T.);
#11483 = EDGE_CURVE('',#11484,#11484,#11486,.T.);
#11484 = VERTEX_POINT('',#11485);
#11485 = CARTESIAN_POINT('',(1.5,-25.5,25.));
#11486 = SURFACE_CURVE('',#11487,(#11492,#11503),.PCURVE_S1.);
#11487 = CIRCLE('',#11488,4.5);
#11488 = AXIS2_PLACEMENT_3D('',#11489,#11490,#11491);
#11489 = CARTESIAN_POINT('',(1.5,-30.,25.));
#11490 = DIRECTION('',(-1.,0.,0.));
#11491 = DIRECTION('',(0.,1.,0.));
#11492 = PCURVE('',#11002,#11493);
#11493 = DEFINITIONAL_REPRESENTATION('',(#11494),#11502);
#11494 = ( BOUNDED_CURVE() B_SPLINE_CURVE(2,(#11495,#11496,#11497,#11498
    ,#11499,#11500,#11501),.UNSPECIFIED.,.T.,.F.) 
B_SPLINE_CURVE_WITH_KNOTS((1,2,2,2,2,1),(-2.094395102393,0.,
    2.094395102393,4.188790204786,6.28318530718,8.377580409573),
.UNSPECIFIED.) CURVE() GEOMETRIC_REPRESENTATION_ITEM() 
RATIONAL_B_SPLINE_CURVE((1.,0.5,1.,0.5,1.,0.5,1.)) REPRESENTATION_ITEM(
  '') );
#11495 = CARTESIAN_POINT('',(25.,-24.5));
#11496 = CARTESIAN_POINT('',(17.20577136594,-24.5));
#11497 = CARTESIAN_POINT('',(21.10288568297,-17.75));
#11498 = CARTESIAN_POINT('',(25.,-11.));
#11499 = CARTESIAN_POINT('',(28.89711431703,-17.75));
#11500 = CARTESIAN_POINT('',(32.79422863406,-24.5));
#11501 = CARTESIAN_POINT('',(25.,-24.5));
#11502 = ( GEOMETRIC_REPRESENTATION_CONTEXT(2) 
PARAMETRIC_REPRESENTATION_CONTEXT() REPRESENTATION_CONTEXT('2D SPACE',''
  ) );
#11503 = PCURVE('',#11504,#11509);
#11504 = CYLINDRICAL_SURFACE('',#11505,4.5);
#11505 = AXIS2_PLACEMENT_3D('',#11506,#11507,#11508);
#11506 = CARTESIAN_POINT('',(-1.,-30.,25.));
#11507 = DIRECTION('',(-1.,-0.,-0.));
#11508 = DIRECTION('',(0.,1.,0.));
#11509 = DEFINITIONAL_REPRESENTATION('',(#11510),#11514);
#11510 = LINE('',#11511,#11512);
#11511 = CARTESIAN_POINT('',(-6.28318530718,-2.5));
#11512 = VECTOR('',#11513,1.);
#11513 = DIRECTION('',(1.,-0.));
#11514 = ( GEOMETRIC_REPRESENTATION_CONTEXT(2) 
PARAMETRIC_REPRESENTATION_CONTEXT() REPRESENTATION_CONTEXT('2D SPACE',''
  ) );
#11515 = ADVANCED_FACE('',(#11516,#11542,#11572),#11030,.T.);
#11516 = FACE_BOUND('',#11517,.T.);
#11517 = EDGE_LOOP('',(#11518,#11519,#11520,#11541));
#11518 = ORIENTED_EDGE('',*,*,#11388,.F.);
#11519 = ORIENTED_EDGE('',*,*,#11014,.T.);
#11520 = ORIENTED_EDGE('',*,*,#11521,.T.);
#11521 = EDGE_CURVE('',#11015,#11146,#11522,.T.);
#11522 = SURFACE_CURVE('',#11523,(#11527,#11534),.PCURVE_S1.);
#11523 = LINE('',#11524,#11525);
#11524 = CARTESIAN_POINT('',(101.5,-50.,3.));
#11525 = VECTOR('',#11526,1.);
#11526 = DIRECTION('',(0.,1.,0.));
#11527 = PCURVE('',#11030,#11528);
#11528 = DEFINITIONAL_REPRESENTATION('',(#11529),#11533);
#11529 = LINE('',#11530,#11531);
#11530 = CARTESIAN_POINT('',(100.,0.));
#11531 = VECTOR('',#11532,1.);
#11532 = DIRECTION('',(0.,1.));
#11533 = ( GEOMETRIC_REPRESENTATION_CONTEXT(2) 
PARAMETRIC_REPRESENTATION_CONTEXT() REPRESENTATION_CONTEXT('2D SPACE',''
  ) );
#11534 = PCURVE('',#11056,#11535);
#11535 = DEFINITIONAL_REPRESENTATION('',(#11536),#11540);
#11536 = LINE('',#11537,#11538);
#11537 = CARTESIAN_POINT('',(3.,0.));
#11538 = VECTOR('',#11539,1.);
#11539 = DIRECTION('',(0.,-1.));
#11540 = ( GEOMETRIC_REPRESENTATION_CONTEXT(2) 
PARAMETRIC_REPRESENTATION_CONTEXT() REPRESENTATION_CONTEXT('2D SPACE',''
  ) );
#11541 = ORIENTED_EDGE('',*,*,#11145,.F.);
#11542 = FACE_BOUND('',#11543,.T.);
#11543 = EDGE_LOOP('',(#11544));
#11544 = ORIENTED_EDGE('',*,*,#11545,.T.);
#11545 = EDGE_CURVE('',#11546,#11546,#11548,.T.);
#11546 = VERTEX_POINT('',#11547);
#11547 = CARTESIAN_POINT('',(32.5,0.,3.));
#11548 = SURFACE_CURVE('',#11549,(#11554,#11565),.PCURVE_S1.);
#11549 = CIRCLE('',#11550,4.5);
#11550 = AXIS2_PLACEMENT_3D('',#11551,#11552,#11553);
#11551 = CARTESIAN_POINT('',(28.,0.,3.));
#11552 = DIRECTION('',(0.,0.,-1.));
#11553 = DIRECTION('',(1.,0.,0.));
#11554 = PCURVE('',#11030,#11555);
#11555 = DEFINITIONAL_REPRESENTATION('',(#11556),#11564);
#11556 = ( BOUNDED_CURVE() B_SPLINE_CURVE(2,(#11557,#11558,#11559,#11560
    ,#11561,#11562,#11563),.UNSPECIFIED.,.T.,.F.) 
B_SPLINE_CURVE_WITH_KNOTS((1,2,2,2,2,1),(-2.094395102393,0.,
    2.094395102393,4.188790204786,6.28318530718,8.377580409573),
.UNSPECIFIED.) CURVE() GEOMETRIC_REPRESENTATION_ITEM() 
RATIONAL_B_SPLINE_CURVE((1.,0.5,1.,0.5,1.,0.5,1.)) REPRESENTATION_ITEM(
  '') );
#11557 = CARTESIAN_POINT('',(31.,50.));
#11558 = CARTESIAN_POINT('',(31.,42.20577136594));
#11559 = CARTESIAN_POINT('',(24.25,46.10288568297));
#11560 = CARTESIAN_POINT('',(17.5,50.));
#11561 = CARTESIAN_POINT('',(24.25,53.89711431703));
#11562 = CARTESIAN_POINT('',(31.,57.79422863406));
#11563 = CARTESIAN_POINT('',(31.,50.));
#11564 = ( GEOMETRIC_REPRESENTATION_CONTEXT(2) 
PARAMETRIC_REPRESENTATION_CONTEXT() REPRESENTATION_CONTEXT('2D SPACE',''
  ) );
#11565 = PCURVE('',#11262,#11566);
#11566 = DEFINITIONAL_REPRESENTATION('',(#11567),#11571);
#11567 = LINE('',#11568,#11569);
#11568 = CARTESIAN_POINT('',(-6.28318530718,-4.));
#11569 = VECTOR('',#11570,1.);
#11570 = DIRECTION('',(1.,-0.));
#11571 = ( GEOMETRIC_REPRESENTATION_CONTEXT(2) 
PARAMETRIC_REPRESENTATION_CONTEXT() REPRESENTATION_CONTEXT('2D SPACE',''
  ) );
#11572 = FACE_BOUND('',#11573,.T.);
#11573 = EDGE_LOOP('',(#11574,#11599,#11620,#11643));
#11574 = ORIENTED_EDGE('',*,*,#11575,.T.);
#11575 = EDGE_CURVE('',#11576,#11578,#11580,.T.);
#11576 = VERTEX_POINT('',#11577);
#11577 = CARTESIAN_POINT('',(88.,-4.5,3.));
#11578 = VERTEX_POINT('',#11579);
#11579 = CARTESIAN_POINT('',(68.,-4.5,3.));
#11580 = SURFACE_CURVE('',#11581,(#11585,#11592),.PCURVE_S1.);
#11581 = LINE('',#11582,#11583);
#11582 = CARTESIAN_POINT('',(88.,-4.5,3.));
#11583 = VECTOR('',#11584,1.);
#11584 = DIRECTION('',(-1.,0.,0.));
#11585 = PCURVE('',#11030,#11586);
#11586 = DEFINITIONAL_REPRESENTATION('',(#11587),#11591);
#11587 = LINE('',#11588,#11589);
#11588 = CARTESIAN_POINT('',(86.5,45.5));
#11589 = VECTOR('',#11590,1.);
#11590 = DIRECTION('',(-1.,0.));
#11591 = ( GEOMETRIC_REPRESENTATION_CONTEXT(2) 
PARAMETRIC_REPRESENTATION_CONTEXT() REPRESENTATION_CONTEXT('2D SPACE',''
  ) );
#11592 = PCURVE('',#11320,#11593);
#11593 = DEFINITIONAL_REPRESENTATION('',(#11594),#11598);
#11594 = LINE('',#11595,#11596);
#11595 = CARTESIAN_POINT('',(20.,-4.));
#11596 = VECTOR('',#11597,1.);
#11597 = DIRECTION('',(-1.,0.));
#11598 = ( GEOMETRIC_REPRESENTATION_CONTEXT(2) 
PARAMETRIC_REPRESENTATION_CONTEXT() REPRESENTATION_CONTEXT('2D SPACE',''
  ) );
#11599 = ORIENTED_EDGE('',*,*,#11600,.T.);
#11600 = EDGE_CURVE('',#11578,#11601,#11603,.T.);
#11601 = VERTEX_POINT('',#11602);
#11602 = CARTESIAN_POINT('',(68.,4.5,3.));
#11603 = SURFACE_CURVE('',#11604,(#11608,#11614),.PCURVE_S1.);
#11604 = LINE('',#11605,#11606);
#11605 = CARTESIAN_POINT('',(68.,-22.75,3.));
#11606 = VECTOR('',#11607,1.);
#11607 = DIRECTION('',(-0.,1.,0.));
#11608 = PCURVE('',#11030,#11609);
#11609 = DEFINITIONAL_REPRESENTATION('',(#11610),#11613);
#11610 = B_SPLINE_CURVE_WITH_KNOTS('',1,(#11611,#11612),.UNSPECIFIED.,
  .F.,.F.,(2,2),(18.25,27.25),.PIECEWISE_BEZIER_KNOTS.);
#11611 = CARTESIAN_POINT('',(66.5,45.5));
#11612 = CARTESIAN_POINT('',(66.5,54.5));
#11613 = ( GEOMETRIC_REPRESENTATION_CONTEXT(2) 
PARAMETRIC_REPRESENTATION_CONTEXT() REPRESENTATION_CONTEXT('2D SPACE',''
  ) );
#11614 = PCURVE('',#11347,#11615);
#11615 = DEFINITIONAL_REPRESENTATION('',(#11616),#11619);
#11616 = B_SPLINE_CURVE_WITH_KNOTS('',1,(#11617,#11618),.UNSPECIFIED.,
  .F.,.F.,(2,2),(18.25,27.25),.PIECEWISE_BEZIER_KNOTS.);
#11617 = CARTESIAN_POINT('',(9.,-4.));
#11618 = CARTESIAN_POINT('',(0.,-4.));
#11619 = ( GEOMETRIC_REPRESENTATION_CONTEXT(2) 
PARAMETRIC_REPRESENTATION_CONTEXT() REPRESENTATION_CONTEXT('2D SPACE',''
  ) );
#11620 = ORIENTED_EDGE('',*,*,#11621,.T.);
#11621 = EDGE_CURVE('',#11601,#11622,#11624,.T.);
#11622 = VERTEX_POINT('',#11623);
#11623 = CARTESIAN_POINT('',(88.,4.5,3.));
#11624 = SURFACE_CURVE('',#11625,(#11629,#11636),.PCURVE_S1.);
#11625 = LINE('',#11626,#11627);
#11626 = CARTESIAN_POINT('',(68.,4.5,3.));
#11627 = VECTOR('',#11628,1.);
#11628 = DIRECTION('',(1.,0.,0.));
#11629 = PCURVE('',#11030,#11630);
#11630 = DEFINITIONAL_REPRESENTATION('',(#11631),#11635);
#11631 = LINE('',#11632,#11633);
#11632 = CARTESIAN_POINT('',(66.5,54.5));
#11633 = VECTOR('',#11634,1.);
#11634 = DIRECTION('',(1.,0.));
#11635 = ( GEOMETRIC_REPRESENTATION_CONTEXT(2) 
PARAMETRIC_REPRESENTATION_CONTEXT() REPRESENTATION_CONTEXT('2D SPACE',''
  ) );
#11636 = PCURVE('',#11372,#11637);
#11637 = DEFINITIONAL_REPRESENTATION('',(#11638),#11642);
#11638 = LINE('',#11639,#11640);
#11639 = CARTESIAN_POINT('',(20.,-4.));
#11640 = VECTOR('',#11641,1.);
#11641 = DIRECTION('',(-1.,-0.));
#11642 = ( GEOMETRIC_REPRESENTATION_CONTEXT(2) 
PARAMETRIC_REPRESENTATION_CONTEXT() REPRESENTATION_CONTEXT('2D SPACE',''
  ) );
#11643 = ORIENTED_EDGE('',*,*,#11644,.T.);
#11644 = EDGE_CURVE('',#11622,#11576,#11645,.T.);
#11645 = SURFACE_CURVE('',#11646,(#11650,#11656),.PCURVE_S1.);
#11646 = LINE('',#11647,#11648);
#11647 = CARTESIAN_POINT('',(88.,-27.25,3.));
#11648 = VECTOR('',#11649,1.);
#11649 = DIRECTION('',(0.,-1.,0.));
#11650 = PCURVE('',#11030,#11651);
#11651 = DEFINITIONAL_REPRESENTATION('',(#11652),#11655);
#11652 = B_SPLINE_CURVE_WITH_KNOTS('',1,(#11653,#11654),.UNSPECIFIED.,
  .F.,.F.,(2,2),(-31.75,-22.75),.PIECEWISE_BEZIER_KNOTS.);
#11653 = CARTESIAN_POINT('',(86.5,54.5));
#11654 = CARTESIAN_POINT('',(86.5,45.5));
#11655 = ( GEOMETRIC_REPRESENTATION_CONTEXT(2) 
PARAMETRIC_REPRESENTATION_CONTEXT() REPRESENTATION_CONTEXT('2D SPACE',''
  ) );
#11656 = PCURVE('',#11293,#11657);
#11657 = DEFINITIONAL_REPRESENTATION('',(#11658),#11661);
#11658 = B_SPLINE_CURVE_WITH_KNOTS('',1,(#11659,#11660),.UNSPECIFIED.,
  .F.,.F.,(2,2),(-31.75,-22.75),.PIECEWISE_BEZIER_KNOTS.);
#11659 = CARTESIAN_POINT('',(9.,-4.));
#11660 = CARTESIAN_POINT('',(0.,-4.));
#11661 = ( GEOMETRIC_REPRESENTATION_CONTEXT(2) 
PARAMETRIC_REPRESENTATION_CONTEXT() REPRESENTATION_CONTEXT('2D SPACE',''
  ) );
#11662 = ADVANCED_FACE('',(#11663),#11056,.T.);
#11663 = FACE_BOUND('',#11664,.T.);
#11664 = EDGE_LOOP('',(#11665,#11666,#11667,#11668));
#11665 = ORIENTED_EDGE('',*,*,#11042,.F.);
#11666 = ORIENTED_EDGE('',*,*,#11217,.T.);
#11667 = ORIENTED_EDGE('',*,*,#11168,.T.);
#11668 = ORIENTED_EDGE('',*,*,#11521,.F.);
#11669 = ADVANCED_FACE('',(#11670),#11262,.F.);
#11670 = FACE_BOUND('',#11671,.T.);
#11671 = EDGE_LOOP('',(#11672,#11673,#11694,#11695));
#11672 = ORIENTED_EDGE('',*,*,#11241,.T.);
#11673 = ORIENTED_EDGE('',*,*,#11674,.T.);
#11674 = EDGE_CURVE('',#11242,#11546,#11675,.T.);
#11675 = SEAM_CURVE('',#11676,(#11680,#11687),.PCURVE_S1.);
#11676 = LINE('',#11677,#11678);
#11677 = CARTESIAN_POINT('',(32.5,0.,-1.));
#11678 = VECTOR('',#11679,1.);
#11679 = DIRECTION('',(0.,0.,1.));
#11680 = PCURVE('',#11262,#11681);
#11681 = DEFINITIONAL_REPRESENTATION('',(#11682),#11686);
#11682 = LINE('',#11683,#11684);
#11683 = CARTESIAN_POINT('',(-6.28318530718,0.));
#11684 = VECTOR('',#11685,1.);
#11685 = DIRECTION('',(-0.,-1.));
#11686 = ( GEOMETRIC_REPRESENTATION_CONTEXT(2) 
PARAMETRIC_REPRESENTATION_CONTEXT() REPRESENTATION_CONTEXT('2D SPACE',''
  ) );
#11687 = PCURVE('',#11262,#11688);
#11688 = DEFINITIONAL_REPRESENTATION('',(#11689),#11693);
#11689 = LINE('',#11690,#11691);
#11690 = CARTESIAN_POINT('',(-0.,0.));
#11691 = VECTOR('',#11692,1.);
#11692 = DIRECTION('',(-0.,-1.));
#11693 = ( GEOMETRIC_REPRESENTATION_CONTEXT(2) 
PARAMETRIC_REPRESENTATION_CONTEXT() REPRESENTATION_CONTEXT('2D SPACE',''
  ) );
#11694 = ORIENTED_EDGE('',*,*,#11545,.F.);
#11695 = ORIENTED_EDGE('',*,*,#11674,.F.);
#11696 = ADVANCED_FACE('',(#11697),#11320,.T.);
#11697 = FACE_BOUND('',#11698,.T.);
#11698 = EDGE_LOOP('',(#11699,#11700,#11721,#11722));
#11699 = ORIENTED_EDGE('',*,*,#11304,.F.);
#11700 = ORIENTED_EDGE('',*,*,#11701,.T.);
#11701 = EDGE_CURVE('',#11305,#11578,#11702,.T.);
#11702 = SURFACE_CURVE('',#11703,(#11707,#11714),.PCURVE_S1.);
#11703 = LINE('',#11704,#11705);
#11704 = CARTESIAN_POINT('',(68.,-4.5,-1.));
#11705 = VECTOR('',#11706,1.);
#11706 = DIRECTION('',(0.,0.,1.));
#11707 = PCURVE('',#11320,#11708);
#11708 = DEFINITIONAL_REPRESENTATION('',(#11709),#11713);
#11709 = LINE('',#11710,#11711);
#11710 = CARTESIAN_POINT('',(0.,0.));
#11711 = VECTOR('',#11712,1.);
#11712 = DIRECTION('',(0.,-1.));
#11713 = ( GEOMETRIC_REPRESENTATION_CONTEXT(2) 
PARAMETRIC_REPRESENTATION_CONTEXT() REPRESENTATION_CONTEXT('2D SPACE',''
  ) );
#11714 = PCURVE('',#11347,#11715);
#11715 = DEFINITIONAL_REPRESENTATION('',(#11716),#11720);
#11716 = LINE('',#11717,#11718);
#11717 = CARTESIAN_POINT('',(9.,0.));
#11718 = VECTOR('',#11719,1.);
#11719 = DIRECTION('',(0.,-1.));
#11720 = ( GEOMETRIC_REPRESENTATION_CONTEXT(2) 
PARAMETRIC_REPRESENTATION_CONTEXT() REPRESENTATION_CONTEXT('2D SPACE',''
  ) );
#11721 = ORIENTED_EDGE('',*,*,#11575,.F.);
#11722 = ORIENTED_EDGE('',*,*,#11723,.F.);
#11723 = EDGE_CURVE('',#11279,#11576,#11724,.T.);
#11724 = SURFACE_CURVE('',#11725,(#11729,#11736),.PCURVE_S1.);
#11725 = LINE('',#11726,#11727);
#11726 = CARTESIAN_POINT('',(88.,-4.5,-1.));
#11727 = VECTOR('',#11728,1.);
#11728 = DIRECTION('',(0.,0.,1.));
#11729 = PCURVE('',#11320,#11730);
#11730 = DEFINITIONAL_REPRESENTATION('',(#11731),#11735);
#11731 = LINE('',#11732,#11733);
#11732 = CARTESIAN_POINT('',(20.,0.));
#11733 = VECTOR('',#11734,1.);
#11734 = DIRECTION('',(0.,-1.));
#11735 = ( GEOMETRIC_REPRESENTATION_CONTEXT(2) 
PARAMETRIC_REPRESENTATION_CONTEXT() REPRESENTATION_CONTEXT('2D SPACE',''
  ) );
#11736 = PCURVE('',#11293,#11737);
#11737 = DEFINITIONAL_REPRESENTATION('',(#11738),#11742);
#11738 = LINE('',#11739,#11740);
#11739 = CARTESIAN_POINT('',(0.,0.));
#11740 = VECTOR('',#11741,1.);
#11741 = DIRECTION('',(0.,-1.));
#11742 = ( GEOMETRIC_REPRESENTATION_CONTEXT(2) 
PARAMETRIC_REPRESENTATION_CONTEXT() REPRESENTATION_CONTEXT('2D SPACE',''
  ) );
#11743 = ADVANCED_FACE('',(#11744),#11293,.T.);
#11744 = FACE_BOUND('',#11745,.T.);
#11745 = EDGE_LOOP('',(#11746,#11747,#11748,#11749));
#11746 = ORIENTED_EDGE('',*,*,#11276,.T.);
#11747 = ORIENTED_EDGE('',*,*,#11723,.T.);
#11748 = ORIENTED_EDGE('',*,*,#11644,.F.);
#11749 = ORIENTED_EDGE('',*,*,#11750,.F.);
#11750 = EDGE_CURVE('',#11277,#11622,#11751,.T.);
#11751 = SURFACE_CURVE('',#11752,(#11756,#11763),.PCURVE_S1.);
#11752 = LINE('',#11753,#11754);
#11753 = CARTESIAN_POINT('',(88.,4.5,-1.));
#11754 = VECTOR('',#11755,1.);
#11755 = DIRECTION('',(0.,0.,1.));
#11756 = PCURVE('',#11293,#11757);
#11757 = DEFINITIONAL_REPRESENTATION('',(#11758),#11762);
#11758 = LINE('',#11759,#11760);
#11759 = CARTESIAN_POINT('',(9.,0.));
#11760 = VECTOR('',#11761,1.);
#11761 = DIRECTION('',(0.,-1.));
#11762 = ( GEOMETRIC_REPRESENTATION_CONTEXT(2) 
PARAMETRIC_REPRESENTATION_CONTEXT() REPRESENTATION_CONTEXT('2D SPACE',''
  ) );
#11763 = PCURVE('',#11372,#11764);
#11764 = DEFINITIONAL_REPRESENTATION('',(#11765),#11769);
#11765 = LINE('',#11766,#11767);
#11766 = CARTESIAN_POINT('',(0.,-0.));
#11767 = VECTOR('',#11768,1.);
#11768 = DIRECTION('',(0.,-1.));
#11769 = ( GEOMETRIC_REPRESENTATION_CONTEXT(2) 
PARAMETRIC_REPRESENTATION_CONTEXT() REPRESENTATION_CONTEXT('2D SPACE',''
  ) );
#11770 = ADVANCED_FACE('',(#11771),#11372,.T.);
#11771 = FACE_BOUND('',#11772,.T.);
#11772 = EDGE_LOOP('',(#11773,#11774,#11775,#11776));
#11773 = ORIENTED_EDGE('',*,*,#11358,.F.);
#11774 = ORIENTED_EDGE('',*,*,#11750,.T.);
#11775 = ORIENTED_EDGE('',*,*,#11621,.F.);
#11776 = ORIENTED_EDGE('',*,*,#11777,.F.);
#11777 = EDGE_CURVE('',#11333,#11601,#11778,.T.);
#11778 = SURFACE_CURVE('',#11779,(#11783,#11790),.PCURVE_S1.);
#11779 = LINE('',#11780,#11781);
#11780 = CARTESIAN_POINT('',(68.,4.5,-1.));
#11781 = VECTOR('',#11782,1.);
#11782 = DIRECTION('',(0.,0.,1.));
#11783 = PCURVE('',#11372,#11784);
#11784 = DEFINITIONAL_REPRESENTATION('',(#11785),#11789);
#11785 = LINE('',#11786,#11787);
#11786 = CARTESIAN_POINT('',(20.,0.));
#11787 = VECTOR('',#11788,1.);
#11788 = DIRECTION('',(0.,-1.));
#11789 = ( GEOMETRIC_REPRESENTATION_CONTEXT(2) 
PARAMETRIC_REPRESENTATION_CONTEXT() REPRESENTATION_CONTEXT('2D SPACE',''
  ) );
#11790 = PCURVE('',#11347,#11791);
#11791 = DEFINITIONAL_REPRESENTATION('',(#11792),#11796);
#11792 = LINE('',#11793,#11794);
#11793 = CARTESIAN_POINT('',(0.,0.));
#11794 = VECTOR('',#11795,1.);
#11795 = DIRECTION('',(0.,-1.));
#11796 = ( GEOMETRIC_REPRESENTATION_CONTEXT(2) 
PARAMETRIC_REPRESENTATION_CONTEXT() REPRESENTATION_CONTEXT('2D SPACE',''
  ) );
#11797 = ADVANCED_FACE('',(#11798),#11347,.T.);
#11798 = FACE_BOUND('',#11799,.T.);
#11799 = EDGE_LOOP('',(#11800,#11801,#11802,#11803));
#11800 = ORIENTED_EDGE('',*,*,#11332,.T.);
#11801 = ORIENTED_EDGE('',*,*,#11777,.T.);
#11802 = ORIENTED_EDGE('',*,*,#11600,.F.);
#11803 = ORIENTED_EDGE('',*,*,#11701,.F.);
#11804 = ADVANCED_FACE('',(#11805),#11434,.F.);
#11805 = FACE_BOUND('',#11806,.T.);
#11806 = EDGE_LOOP('',(#11807,#11836,#11857,#11858));
#11807 = ORIENTED_EDGE('',*,*,#11808,.F.);
#11808 = EDGE_CURVE('',#11809,#11809,#11811,.T.);
#11809 = VERTEX_POINT('',#11810);
#11810 = CARTESIAN_POINT('',(-1.,34.5,25.));
#11811 = SURFACE_CURVE('',#11812,(#11817,#11824),.PCURVE_S1.);
#11812 = CIRCLE('',#11813,4.5);
#11813 = AXIS2_PLACEMENT_3D('',#11814,#11815,#11816);
#11814 = CARTESIAN_POINT('',(-1.,30.,25.));
#11815 = DIRECTION('',(1.,0.,0.));
#11816 = DIRECTION('',(0.,1.,0.));
#11817 = PCURVE('',#11434,#11818);
#11818 = DEFINITIONAL_REPRESENTATION('',(#11819),#11823);
#11819 = LINE('',#11820,#11821);
#11820 = CARTESIAN_POINT('',(-0.,0.));
#11821 = VECTOR('',#11822,1.);
#11822 = DIRECTION('',(-1.,0.));
#11823 = ( GEOMETRIC_REPRESENTATION_CONTEXT(2) 
PARAMETRIC_REPRESENTATION_CONTEXT() REPRESENTATION_CONTEXT('2D SPACE',''
  ) );
#11824 = PCURVE('',#11825,#11830);
#11825 = PLANE('',#11826);
#11826 = AXIS2_PLACEMENT_3D('',#11827,#11828,#11829);
#11827 = CARTESIAN_POINT('',(-1.,30.,25.));
#11828 = DIRECTION('',(1.,0.,0.));
#11829 = DIRECTION('',(-0.,0.,1.));
#11830 = DEFINITIONAL_REPRESENTATION('',(#11831),#11835);
#11831 = CIRCLE('',#11832,4.5);
#11832 = AXIS2_PLACEMENT_2D('',#11833,#11834);
#11833 = CARTESIAN_POINT('',(-3.552713678801E-15,3.552713678801E-15));
#11834 = DIRECTION('',(0.,-1.));
#11835 = ( GEOMETRIC_REPRESENTATION_CONTEXT(2) 
PARAMETRIC_REPRESENTATION_CONTEXT() REPRESENTATION_CONTEXT('2D SPACE',''
  ) );
#11836 = ORIENTED_EDGE('',*,*,#11837,.T.);
#11837 = EDGE_CURVE('',#11809,#11414,#11838,.T.);
#11838 = SEAM_CURVE('',#11839,(#11843,#11850),.PCURVE_S1.);
#11839 = LINE('',#11840,#11841);
#11840 = CARTESIAN_POINT('',(-1.,34.5,25.));
#11841 = VECTOR('',#11842,1.);
#11842 = DIRECTION('',(1.,0.,0.));
#11843 = PCURVE('',#11434,#11844);
#11844 = DEFINITIONAL_REPRESENTATION('',(#11845),#11849);
#11845 = LINE('',#11846,#11847);
#11846 = CARTESIAN_POINT('',(-6.28318530718,0.));
#11847 = VECTOR('',#11848,1.);
#11848 = DIRECTION('',(-0.,-1.));
#11849 = ( GEOMETRIC_REPRESENTATION_CONTEXT(2) 
PARAMETRIC_REPRESENTATION_CONTEXT() REPRESENTATION_CONTEXT('2D SPACE',''
  ) );
#11850 = PCURVE('',#11434,#11851);
#11851 = DEFINITIONAL_REPRESENTATION('',(#11852),#11856);
#11852 = LINE('',#11853,#11854);
#11853 = CARTESIAN_POINT('',(-0.,0.));
#11854 = VECTOR('',#11855,1.);
#11855 = DIRECTION('',(-0.,-1.));
#11856 = ( GEOMETRIC_REPRESENTATION_CONTEXT(2) 
PARAMETRIC_REPRESENTATION_CONTEXT() REPRESENTATION_CONTEXT('2D SPACE',''
  ) );
#11857 = ORIENTED_EDGE('',*,*,#11413,.F.);
#11858 = ORIENTED_EDGE('',*,*,#11837,.F.);
#11859 = ADVANCED_FACE('',(#11860),#11469,.F.);
#11860 = FACE_BOUND('',#11861,.T.);
#11861 = EDGE_LOOP('',(#11862,#11891,#11912,#11913));
#11862 = ORIENTED_EDGE('',*,*,#11863,.F.);
#11863 = EDGE_CURVE('',#11864,#11864,#11866,.T.);
#11864 = VERTEX_POINT('',#11865);
#11865 = CARTESIAN_POINT('',(-1.,4.5,25.));
#11866 = SURFACE_CURVE('',#11867,(#11872,#11879),.PCURVE_S1.);
#11867 = CIRCLE('',#11868,4.5);
#11868 = AXIS2_PLACEMENT_3D('',#11869,#11870,#11871);
#11869 = CARTESIAN_POINT('',(-1.,0.,25.));
#11870 = DIRECTION('',(1.,0.,0.));
#11871 = DIRECTION('',(0.,1.,0.));
#11872 = PCURVE('',#11469,#11873);
#11873 = DEFINITIONAL_REPRESENTATION('',(#11874),#11878);
#11874 = LINE('',#11875,#11876);
#11875 = CARTESIAN_POINT('',(-0.,0.));
#11876 = VECTOR('',#11877,1.);
#11877 = DIRECTION('',(-1.,0.));
#11878 = ( GEOMETRIC_REPRESENTATION_CONTEXT(2) 
PARAMETRIC_REPRESENTATION_CONTEXT() REPRESENTATION_CONTEXT('2D SPACE',''
  ) );
#11879 = PCURVE('',#11880,#11885);
#11880 = PLANE('',#11881);
#11881 = AXIS2_PLACEMENT_3D('',#11882,#11883,#11884);
#11882 = CARTESIAN_POINT('',(-1.,-3.038755850088E-16,25.));
#11883 = DIRECTION('',(1.,0.,0.));
#11884 = DIRECTION('',(-0.,0.,1.));
#11885 = DEFINITIONAL_REPRESENTATION('',(#11886),#11890);
#11886 = CIRCLE('',#11887,4.5);
#11887 = AXIS2_PLACEMENT_2D('',#11888,#11889);
#11888 = CARTESIAN_POINT('',(3.552713678801E-15,-3.038755850088E-16));
#11889 = DIRECTION('',(0.,-1.));
#11890 = ( GEOMETRIC_REPRESENTATION_CONTEXT(2) 
PARAMETRIC_REPRESENTATION_CONTEXT() REPRESENTATION_CONTEXT('2D SPACE',''
  ) );
#11891 = ORIENTED_EDGE('',*,*,#11892,.T.);
#11892 = EDGE_CURVE('',#11864,#11449,#11893,.T.);
#11893 = SEAM_CURVE('',#11894,(#11898,#11905),.PCURVE_S1.);
#11894 = LINE('',#11895,#11896);
#11895 = CARTESIAN_POINT('',(-1.,4.5,25.));
#11896 = VECTOR('',#11897,1.);
#11897 = DIRECTION('',(1.,0.,0.));
#11898 = PCURVE('',#11469,#11899);
#11899 = DEFINITIONAL_REPRESENTATION('',(#11900),#11904);
#11900 = LINE('',#11901,#11902);
#11901 = CARTESIAN_POINT('',(-6.28318530718,0.));
#11902 = VECTOR('',#11903,1.);
#11903 = DIRECTION('',(-0.,-1.));
#11904 = ( GEOMETRIC_REPRESENTATION_CONTEXT(2) 
PARAMETRIC_REPRESENTATION_CONTEXT() REPRESENTATION_CONTEXT('2D SPACE',''
  ) );
#11905 = PCURVE('',#11469,#11906);
#11906 = DEFINITIONAL_REPRESENTATION('',(#11907),#11911);
#11907 = LINE('',#11908,#11909);
#11908 = CARTESIAN_POINT('',(-0.,0.));
#11909 = VECTOR('',#11910,1.);
#11910 = DIRECTION('',(-0.,-1.));
#11911 = ( GEOMETRIC_REPRESENTATION_CONTEXT(2) 
PARAMETRIC_REPRESENTATION_CONTEXT() REPRESENTATION_CONTEXT('2D SPACE',''
  ) );
#11912 = ORIENTED_EDGE('',*,*,#11448,.F.);
#11913 = ORIENTED_EDGE('',*,*,#11892,.F.);
#11914 = ADVANCED_FACE('',(#11915),#11504,.F.);
#11915 = FACE_BOUND('',#11916,.T.);
#11916 = EDGE_LOOP('',(#11917,#11946,#11967,#11968));
#11917 = ORIENTED_EDGE('',*,*,#11918,.F.);
#11918 = EDGE_CURVE('',#11919,#11919,#11921,.T.);
#11919 = VERTEX_POINT('',#11920);
#11920 = CARTESIAN_POINT('',(-1.,-25.5,25.));
#11921 = SURFACE_CURVE('',#11922,(#11927,#11934),.PCURVE_S1.);
#11922 = CIRCLE('',#11923,4.5);
#11923 = AXIS2_PLACEMENT_3D('',#11924,#11925,#11926);
#11924 = CARTESIAN_POINT('',(-1.,-30.,25.));
#11925 = DIRECTION('',(1.,0.,0.));
#11926 = DIRECTION('',(0.,1.,0.));
#11927 = PCURVE('',#11504,#11928);
#11928 = DEFINITIONAL_REPRESENTATION('',(#11929),#11933);
#11929 = LINE('',#11930,#11931);
#11930 = CARTESIAN_POINT('',(-0.,0.));
#11931 = VECTOR('',#11932,1.);
#11932 = DIRECTION('',(-1.,0.));
#11933 = ( GEOMETRIC_REPRESENTATION_CONTEXT(2) 
PARAMETRIC_REPRESENTATION_CONTEXT() REPRESENTATION_CONTEXT('2D SPACE',''
  ) );
#11934 = PCURVE('',#11935,#11940);
#11935 = PLANE('',#11936);
#11936 = AXIS2_PLACEMENT_3D('',#11937,#11938,#11939);
#11937 = CARTESIAN_POINT('',(-1.,-30.,25.));
#11938 = DIRECTION('',(1.,0.,0.));
#11939 = DIRECTION('',(-0.,0.,1.));
#11940 = DEFINITIONAL_REPRESENTATION('',(#11941),#11945);
#11941 = CIRCLE('',#11942,4.5);
#11942 = AXIS2_PLACEMENT_2D('',#11943,#11944);
#11943 = CARTESIAN_POINT('',(-3.552713678801E-15,0.));
#11944 = DIRECTION('',(0.,-1.));
#11945 = ( GEOMETRIC_REPRESENTATION_CONTEXT(2) 
PARAMETRIC_REPRESENTATION_CONTEXT() REPRESENTATION_CONTEXT('2D SPACE',''
  ) );
#11946 = ORIENTED_EDGE('',*,*,#11947,.T.);
#11947 = EDGE_CURVE('',#11919,#11484,#11948,.T.);
#11948 = SEAM_CURVE('',#11949,(#11953,#11960),.PCURVE_S1.);
#11949 = LINE('',#11950,#11951);
#11950 = CARTESIAN_POINT('',(-1.,-25.5,25.));
#11951 = VECTOR('',#11952,1.);
#11952 = DIRECTION('',(1.,0.,0.));
#11953 = PCURVE('',#11504,#11954);
#11954 = DEFINITIONAL_REPRESENTATION('',(#11955),#11959);
#11955 = LINE('',#11956,#11957);
#11956 = CARTESIAN_POINT('',(-6.28318530718,0.));
#11957 = VECTOR('',#11958,1.);
#11958 = DIRECTION('',(-0.,-1.));
#11959 = ( GEOMETRIC_REPRESENTATION_CONTEXT(2) 
PARAMETRIC_REPRESENTATION_CONTEXT() REPRESENTATION_CONTEXT('2D SPACE',''
  ) );
#11960 = PCURVE('',#11504,#11961);
#11961 = DEFINITIONAL_REPRESENTATION('',(#11962),#11966);
#11962 = LINE('',#11963,#11964);
#11963 = CARTESIAN_POINT('',(-0.,0.));
#11964 = VECTOR('',#11965,1.);
#11965 = DIRECTION('',(-0.,-1.));
#11966 = ( GEOMETRIC_REPRESENTATION_CONTEXT(2) 
PARAMETRIC_REPRESENTATION_CONTEXT() REPRESENTATION_CONTEXT('2D SPACE',''
  ) );
#11967 = ORIENTED_EDGE('',*,*,#11483,.F.);
#11968 = ORIENTED_EDGE('',*,*,#11947,.F.);
#11969 = ADVANCED_FACE('',(#11970),#11825,.T.);
#11970 = FACE_BOUND('',#11971,.T.);
#11971 = EDGE_LOOP('',(#11972));
#11972 = ORIENTED_EDGE('',*,*,#11808,.T.);
#11973 = ADVANCED_FACE('',(#11974),#11880,.T.);
#11974 = FACE_BOUND('',#11975,.T.);
#11975 = EDGE_LOOP('',(#11976));
#11976 = ORIENTED_EDGE('',*,*,#11863,.T.);
#11977 = ADVANCED_FACE('',(#11978),#11935,.T.);
#11978 = FACE_BOUND('',#11979,.T.);
#11979 = EDGE_LOOP('',(#11980));
#11980 = ORIENTED_EDGE('',*,*,#11918,.T.);
#11981 = ( GEOMETRIC_REPRESENTATION_CONTEXT(3) 
GLOBAL_UNCERTAINTY_ASSIGNED_CONTEXT((#11985)) 
GLOBAL_UNIT_ASSIGNED_CONTEXT((#11982,#11983,#11984)) 
REPRESENTATION_CONTEXT('Context #1',
  '3D Context with UNIT and UNCERTAINTY') );
#11982 = ( LENGTH_UNIT() NAMED_UNIT(*) SI_UNIT(.MILLI.,.METRE.) );
#11983 = ( NAMED_UNIT(*) PLANE_ANGLE_UNIT() SI_UNIT($,.RADIAN.) );
#11984 = ( NAMED_UNIT(*) SI_UNIT($,.STERADIAN.) SOLID_ANGLE_UNIT() );
#11985 = UNCERTAINTY_MEASURE_WITH_UNIT(LENGTH_MEASURE(1.E-07),#11982,
  'distance_accuracy_value','confusion accuracy');
#11986 = CONTEXT_DEPENDENT_SHAPE_REPRESENTATION(#11987,#11989);
#11987 = ( REPRESENTATION_RELATIONSHIP('','',#10812,#10) 
REPRESENTATION_RELATIONSHIP_WITH_TRANSFORMATION(#11988) 
SHAPE_REPRESENTATION_RELATIONSHIP() );
#11988 = ITEM_DEFINED_TRANSFORMATION('','',#11,#79);
#11989 = PRODUCT_DEFINITION_SHAPE('Placement','Placement of an item',
  #11990);
#11990 = NEXT_ASSEMBLY_USAGE_OCCURRENCE('28','','',#5,#10807,$);
#11991 = PRODUCT_RELATED_PRODUCT_CATEGORY('part',$,(#10809));
#11992 = SHAPE_DEFINITION_REPRESENTATION(#11993,#11999);
#11993 = PRODUCT_DEFINITION_SHAPE('','',#11994);
#11994 = PRODUCT_DEFINITION('design','',#11995,#11998);
#11995 = PRODUCT_DEFINITION_FORMATION('','',#11996);
#11996 = PRODUCT('Open CASCADE STEP translator 7.8 12.18',
  'Open CASCADE STEP translator 7.8 12.18','',(#11997));
#11997 = PRODUCT_CONTEXT('',#2,'mechanical');
#11998 = PRODUCT_DEFINITION_CONTEXT('part definition',#2,'design');
#11999 = ADVANCED_BREP_SHAPE_REPRESENTATION('',(#11,#12000),#13168);
#12000 = MANIFOLD_SOLID_BREP('',#12001);
#12001 = CLOSED_SHELL('',(#12002,#12122,#12254,#12303,#12398,#12570,
    #12702,#12849,#12856,#12883,#12930,#12957,#12984,#12991,#13046,
    #13101,#13156,#13160,#13164));
#12002 = ADVANCED_FACE('',(#12003),#12017,.F.);
#12003 = FACE_BOUND('',#12004,.F.);
#12004 = EDGE_LOOP('',(#12005,#12040,#12068,#12096));
#12005 = ORIENTED_EDGE('',*,*,#12006,.F.);
#12006 = EDGE_CURVE('',#12007,#12009,#12011,.T.);
#12007 = VERTEX_POINT('',#12008);
#12008 = CARTESIAN_POINT('',(-1.5,-50.,0.));
#12009 = VERTEX_POINT('',#12010);
#12010 = CARTESIAN_POINT('',(-1.5,-50.,50.));
#12011 = SURFACE_CURVE('',#12012,(#12016,#12028),.PCURVE_S1.);
#12012 = LINE('',#12013,#12014);
#12013 = CARTESIAN_POINT('',(-1.5,-50.,0.));
#12014 = VECTOR('',#12015,1.);
#12015 = DIRECTION('',(0.,0.,1.));
#12016 = PCURVE('',#12017,#12022);
#12017 = PLANE('',#12018);
#12018 = AXIS2_PLACEMENT_3D('',#12019,#12020,#12021);
#12019 = CARTESIAN_POINT('',(-1.5,-50.,0.));
#12020 = DIRECTION('',(1.,0.,0.));
#12021 = DIRECTION('',(0.,0.,1.));
#12022 = DEFINITIONAL_REPRESENTATION('',(#12023),#12027);
#12023 = LINE('',#12024,#12025);
#12024 = CARTESIAN_POINT('',(0.,0.));
#12025 = VECTOR('',#12026,1.);
#12026 = DIRECTION('',(1.,0.));
#12027 = ( GEOMETRIC_REPRESENTATION_CONTEXT(2) 
PARAMETRIC_REPRESENTATION_CONTEXT() REPRESENTATION_CONTEXT('2D SPACE',''
  ) );
#12028 = PCURVE('',#12029,#12034);
#12029 = PLANE('',#12030);
#12030 = AXIS2_PLACEMENT_3D('',#12031,#12032,#12033);
#12031 = CARTESIAN_POINT('',(-1.5,-50.,0.));
#12032 = DIRECTION('',(0.,1.,0.));
#12033 = DIRECTION('',(0.,0.,1.));
#12034 = DEFINITIONAL_REPRESENTATION('',(#12035),#12039);
#12035 = LINE('',#12036,#12037);
#12036 = CARTESIAN_POINT('',(0.,0.));
#12037 = VECTOR('',#12038,1.);
#12038 = DIRECTION('',(1.,0.));
#12039 = ( GEOMETRIC_REPRESENTATION_CONTEXT(2) 
PARAMETRIC_REPRESENTATION_CONTEXT() REPRESENTATION_CONTEXT('2D SPACE',''
  ) );
#12040 = ORIENTED_EDGE('',*,*,#12041,.T.);
#12041 = EDGE_CURVE('',#12007,#12042,#12044,.T.);
#12042 = VERTEX_POINT('',#12043);
#12043 = CARTESIAN_POINT('',(-1.5,50.,0.));
#12044 = SURFACE_CURVE('',#12045,(#12049,#12056),.PCURVE_S1.);
#12045 = LINE('',#12046,#12047);
#12046 = CARTESIAN_POINT('',(-1.5,-50.,0.));
#12047 = VECTOR('',#12048,1.);
#12048 = DIRECTION('',(0.,1.,0.));
#12049 = PCURVE('',#12017,#12050);
#12050 = DEFINITIONAL_REPRESENTATION('',(#12051),#12055);
#12051 = LINE('',#12052,#12053);
#12052 = CARTESIAN_POINT('',(0.,0.));
#12053 = VECTOR('',#12054,1.);
#12054 = DIRECTION('',(0.,-1.));
#12055 = ( GEOMETRIC_REPRESENTATION_CONTEXT(2) 
PARAMETRIC_REPRESENTATION_CONTEXT() REPRESENTATION_CONTEXT('2D SPACE',''
  ) );
#12056 = PCURVE('',#12057,#12062);
#12057 = PLANE('',#12058);
#12058 = AXIS2_PLACEMENT_3D('',#12059,#12060,#12061);
#12059 = CARTESIAN_POINT('',(-1.5,-50.,0.));
#12060 = DIRECTION('',(0.,0.,1.));
#12061 = DIRECTION('',(1.,0.,0.));
#12062 = DEFINITIONAL_REPRESENTATION('',(#12063),#12067);
#12063 = LINE('',#12064,#12065);
#12064 = CARTESIAN_POINT('',(0.,0.));
#12065 = VECTOR('',#12066,1.);
#12066 = DIRECTION('',(0.,1.));
#12067 = ( GEOMETRIC_REPRESENTATION_CONTEXT(2) 
PARAMETRIC_REPRESENTATION_CONTEXT() REPRESENTATION_CONTEXT('2D SPACE',''
  ) );
#12068 = ORIENTED_EDGE('',*,*,#12069,.T.);
#12069 = EDGE_CURVE('',#12042,#12070,#12072,.T.);
#12070 = VERTEX_POINT('',#12071);
#12071 = CARTESIAN_POINT('',(-1.5,50.,50.));
#12072 = SURFACE_CURVE('',#12073,(#12077,#12084),.PCURVE_S1.);
#12073 = LINE('',#12074,#12075);
#12074 = CARTESIAN_POINT('',(-1.5,50.,0.));
#12075 = VECTOR('',#12076,1.);
#12076 = DIRECTION('',(0.,0.,1.));
#12077 = PCURVE('',#12017,#12078);
#12078 = DEFINITIONAL_REPRESENTATION('',(#12079),#12083);
#12079 = LINE('',#12080,#12081);
#12080 = CARTESIAN_POINT('',(0.,-100.));
#12081 = VECTOR('',#12082,1.);
#12082 = DIRECTION('',(1.,0.));
#12083 = ( GEOMETRIC_REPRESENTATION_CONTEXT(2) 
PARAMETRIC_REPRESENTATION_CONTEXT() REPRESENTATION_CONTEXT('2D SPACE',''
  ) );
#12084 = PCURVE('',#12085,#12090);
#12085 = PLANE('',#12086);
#12086 = AXIS2_PLACEMENT_3D('',#12087,#12088,#12089);
#12087 = CARTESIAN_POINT('',(-1.5,50.,0.));
#12088 = DIRECTION('',(0.,1.,0.));
#12089 = DIRECTION('',(0.,0.,1.));
#12090 = DEFINITIONAL_REPRESENTATION('',(#12091),#12095);
#12091 = LINE('',#12092,#12093);
#12092 = CARTESIAN_POINT('',(0.,0.));
#12093 = VECTOR('',#12094,1.);
#12094 = DIRECTION('',(1.,0.));
#12095 = ( GEOMETRIC_REPRESENTATION_CONTEXT(2) 
PARAMETRIC_REPRESENTATION_CONTEXT() REPRESENTATION_CONTEXT('2D SPACE',''
  ) );
#12096 = ORIENTED_EDGE('',*,*,#12097,.F.);
#12097 = EDGE_CURVE('',#12009,#12070,#12098,.T.);
#12098 = SURFACE_CURVE('',#12099,(#12103,#12110),.PCURVE_S1.);
#12099 = LINE('',#12100,#12101);
#12100 = CARTESIAN_POINT('',(-1.5,-50.,50.));
#12101 = VECTOR('',#12102,1.);
#12102 = DIRECTION('',(0.,1.,0.));
#12103 = PCURVE('',#12017,#12104);
#12104 = DEFINITIONAL_REPRESENTATION('',(#12105),#12109);
#12105 = LINE('',#12106,#12107);
#12106 = CARTESIAN_POINT('',(50.,0.));
#12107 = VECTOR('',#12108,1.);
#12108 = DIRECTION('',(0.,-1.));
#12109 = ( GEOMETRIC_REPRESENTATION_CONTEXT(2) 
PARAMETRIC_REPRESENTATION_CONTEXT() REPRESENTATION_CONTEXT('2D SPACE',''
  ) );
#12110 = PCURVE('',#12111,#12116);
#12111 = PLANE('',#12112);
#12112 = AXIS2_PLACEMENT_3D('',#12113,#12114,#12115);
#12113 = CARTESIAN_POINT('',(-1.5,-50.,50.));
#12114 = DIRECTION('',(0.,0.,1.));
#12115 = DIRECTION('',(1.,0.,0.));
#12116 = DEFINITIONAL_REPRESENTATION('',(#12117),#12121);
#12117 = LINE('',#12118,#12119);
#12118 = CARTESIAN_POINT('',(0.,0.));
#12119 = VECTOR('',#12120,1.);
#12120 = DIRECTION('',(0.,1.));
#12121 = ( GEOMETRIC_REPRESENTATION_CONTEXT(2) 
PARAMETRIC_REPRESENTATION_CONTEXT() REPRESENTATION_CONTEXT('2D SPACE',''
  ) );
#12122 = ADVANCED_FACE('',(#12123),#12029,.F.);
#12123 = FACE_BOUND('',#12124,.F.);
#12124 = EDGE_LOOP('',(#12125,#12148,#12149,#12172,#12200,#12228));
#12125 = ORIENTED_EDGE('',*,*,#12126,.F.);
#12126 = EDGE_CURVE('',#12007,#12127,#12129,.T.);
#12127 = VERTEX_POINT('',#12128);
#12128 = CARTESIAN_POINT('',(101.5,-50.,0.));
#12129 = SURFACE_CURVE('',#12130,(#12134,#12141),.PCURVE_S1.);
#12130 = LINE('',#12131,#12132);
#12131 = CARTESIAN_POINT('',(-1.5,-50.,0.));
#12132 = VECTOR('',#12133,1.);
#12133 = DIRECTION('',(1.,0.,0.));
#12134 = PCURVE('',#12029,#12135);
#12135 = DEFINITIONAL_REPRESENTATION('',(#12136),#12140);
#12136 = LINE('',#12137,#12138);
#12137 = CARTESIAN_POINT('',(0.,0.));
#12138 = VECTOR('',#12139,1.);
#12139 = DIRECTION('',(0.,1.));
#12140 = ( GEOMETRIC_REPRESENTATION_CONTEXT(2) 
PARAMETRIC_REPRESENTATION_CONTEXT() REPRESENTATION_CONTEXT('2D SPACE',''
  ) );
#12141 = PCURVE('',#12057,#12142);
#12142 = DEFINITIONAL_REPRESENTATION('',(#12143),#12147);
#12143 = LINE('',#12144,#12145);
#12144 = CARTESIAN_POINT('',(0.,0.));
#12145 = VECTOR('',#12146,1.);
#12146 = DIRECTION('',(1.,0.));
#12147 = ( GEOMETRIC_REPRESENTATION_CONTEXT(2) 
PARAMETRIC_REPRESENTATION_CONTEXT() REPRESENTATION_CONTEXT('2D SPACE',''
  ) );
#12148 = ORIENTED_EDGE('',*,*,#12006,.T.);
#12149 = ORIENTED_EDGE('',*,*,#12150,.T.);
#12150 = EDGE_CURVE('',#12009,#12151,#12153,.T.);
#12151 = VERTEX_POINT('',#12152);
#12152 = CARTESIAN_POINT('',(1.5,-50.,50.));
#12153 = SURFACE_CURVE('',#12154,(#12158,#12165),.PCURVE_S1.);
#12154 = LINE('',#12155,#12156);
#12155 = CARTESIAN_POINT('',(-1.5,-50.,50.));
#12156 = VECTOR('',#12157,1.);
#12157 = DIRECTION('',(1.,0.,0.));
#12158 = PCURVE('',#12029,#12159);
#12159 = DEFINITIONAL_REPRESENTATION('',(#12160),#12164);
#12160 = LINE('',#12161,#12162);
#12161 = CARTESIAN_POINT('',(50.,0.));
#12162 = VECTOR('',#12163,1.);
#12163 = DIRECTION('',(0.,1.));
#12164 = ( GEOMETRIC_REPRESENTATION_CONTEXT(2) 
PARAMETRIC_REPRESENTATION_CONTEXT() REPRESENTATION_CONTEXT('2D SPACE',''
  ) );
#12165 = PCURVE('',#12111,#12166);
#12166 = DEFINITIONAL_REPRESENTATION('',(#12167),#12171);
#12167 = LINE('',#12168,#12169);
#12168 = CARTESIAN_POINT('',(0.,0.));
#12169 = VECTOR('',#12170,1.);
#12170 = DIRECTION('',(1.,0.));
#12171 = ( GEOMETRIC_REPRESENTATION_CONTEXT(2) 
PARAMETRIC_REPRESENTATION_CONTEXT() REPRESENTATION_CONTEXT('2D SPACE',''
  ) );
#12172 = ORIENTED_EDGE('',*,*,#12173,.F.);
#12173 = EDGE_CURVE('',#12174,#12151,#12176,.T.);
#12174 = VERTEX_POINT('',#12175);
#12175 = CARTESIAN_POINT('',(1.5,-50.,3.));
#12176 = SURFACE_CURVE('',#12177,(#12181,#12188),.PCURVE_S1.);
#12177 = LINE('',#12178,#12179);
#12178 = CARTESIAN_POINT('',(1.5,-50.,0.));
#12179 = VECTOR('',#12180,1.);
#12180 = DIRECTION('',(0.,0.,1.));
#12181 = PCURVE('',#12029,#12182);
#12182 = DEFINITIONAL_REPRESENTATION('',(#12183),#12187);
#12183 = LINE('',#12184,#12185);
#12184 = CARTESIAN_POINT('',(0.,3.));
#12185 = VECTOR('',#12186,1.);
#12186 = DIRECTION('',(1.,0.));
#12187 = ( GEOMETRIC_REPRESENTATION_CONTEXT(2) 
PARAMETRIC_REPRESENTATION_CONTEXT() REPRESENTATION_CONTEXT('2D SPACE',''
  ) );
#12188 = PCURVE('',#12189,#12194);
#12189 = PLANE('',#12190);
#12190 = AXIS2_PLACEMENT_3D('',#12191,#12192,#12193);
#12191 = CARTESIAN_POINT('',(1.5,-50.,0.));
#12192 = DIRECTION('',(1.,0.,0.));
#12193 = DIRECTION('',(0.,0.,1.));
#12194 = DEFINITIONAL_REPRESENTATION('',(#12195),#12199);
#12195 = LINE('',#12196,#12197);
#12196 = CARTESIAN_POINT('',(0.,0.));
#12197 = VECTOR('',#12198,1.);
#12198 = DIRECTION('',(1.,0.));
#12199 = ( GEOMETRIC_REPRESENTATION_CONTEXT(2) 
PARAMETRIC_REPRESENTATION_CONTEXT() REPRESENTATION_CONTEXT('2D SPACE',''
  ) );
#12200 = ORIENTED_EDGE('',*,*,#12201,.T.);
#12201 = EDGE_CURVE('',#12174,#12202,#12204,.T.);
#12202 = VERTEX_POINT('',#12203);
#12203 = CARTESIAN_POINT('',(101.5,-50.,3.));
#12204 = SURFACE_CURVE('',#12205,(#12209,#12216),.PCURVE_S1.);
#12205 = LINE('',#12206,#12207);
#12206 = CARTESIAN_POINT('',(1.5,-50.,3.));
#12207 = VECTOR('',#12208,1.);
#12208 = DIRECTION('',(1.,0.,0.));
#12209 = PCURVE('',#12029,#12210);
#12210 = DEFINITIONAL_REPRESENTATION('',(#12211),#12215);
#12211 = LINE('',#12212,#12213);
#12212 = CARTESIAN_POINT('',(3.,3.));
#12213 = VECTOR('',#12214,1.);
#12214 = DIRECTION('',(0.,1.));
#12215 = ( GEOMETRIC_REPRESENTATION_CONTEXT(2) 
PARAMETRIC_REPRESENTATION_CONTEXT() REPRESENTATION_CONTEXT('2D SPACE',''
  ) );
#12216 = PCURVE('',#12217,#12222);
#12217 = PLANE('',#12218);
#12218 = AXIS2_PLACEMENT_3D('',#12219,#12220,#12221);
#12219 = CARTESIAN_POINT('',(1.5,-50.,3.));
#12220 = DIRECTION('',(0.,0.,1.));
#12221 = DIRECTION('',(1.,0.,0.));
#12222 = DEFINITIONAL_REPRESENTATION('',(#12223),#12227);
#12223 = LINE('',#12224,#12225);
#12224 = CARTESIAN_POINT('',(0.,0.));
#12225 = VECTOR('',#12226,1.);
#12226 = DIRECTION('',(1.,0.));
#12227 = ( GEOMETRIC_REPRESENTATION_CONTEXT(2) 
PARAMETRIC_REPRESENTATION_CONTEXT() REPRESENTATION_CONTEXT('2D SPACE',''
  ) );
#12228 = ORIENTED_EDGE('',*,*,#12229,.F.);
#12229 = EDGE_CURVE('',#12127,#12202,#12230,.T.);
#12230 = SURFACE_CURVE('',#12231,(#12235,#12242),.PCURVE_S1.);
#12231 = LINE('',#12232,#12233);
#12232 = CARTESIAN_POINT('',(101.5,-50.,0.));
#12233 = VECTOR('',#12234,1.);
#12234 = DIRECTION('',(0.,0.,1.));
#12235 = PCURVE('',#12029,#12236);
#12236 = DEFINITIONAL_REPRESENTATION('',(#12237),#12241);
#12237 = LINE('',#12238,#12239);
#12238 = CARTESIAN_POINT('',(0.,103.));
#12239 = VECTOR('',#12240,1.);
#12240 = DIRECTION('',(1.,0.));
#12241 = ( GEOMETRIC_REPRESENTATION_CONTEXT(2) 
PARAMETRIC_REPRESENTATION_CONTEXT() REPRESENTATION_CONTEXT('2D SPACE',''
  ) );
#12242 = PCURVE('',#12243,#12248);
#12243 = PLANE('',#12244);
#12244 = AXIS2_PLACEMENT_3D('',#12245,#12246,#12247);
#12245 = CARTESIAN_POINT('',(101.5,-50.,0.));
#12246 = DIRECTION('',(1.,0.,0.));
#12247 = DIRECTION('',(0.,0.,1.));
#12248 = DEFINITIONAL_REPRESENTATION('',(#12249),#12253);
#12249 = LINE('',#12250,#12251);
#12250 = CARTESIAN_POINT('',(0.,0.));
#12251 = VECTOR('',#12252,1.);
#12252 = DIRECTION('',(1.,0.));
#12253 = ( GEOMETRIC_REPRESENTATION_CONTEXT(2) 
PARAMETRIC_REPRESENTATION_CONTEXT() REPRESENTATION_CONTEXT('2D SPACE',''
  ) );
#12254 = ADVANCED_FACE('',(#12255),#12111,.T.);
#12255 = FACE_BOUND('',#12256,.T.);
#12256 = EDGE_LOOP('',(#12257,#12258,#12259,#12282));
#12257 = ORIENTED_EDGE('',*,*,#12097,.F.);
#12258 = ORIENTED_EDGE('',*,*,#12150,.T.);
#12259 = ORIENTED_EDGE('',*,*,#12260,.T.);
#12260 = EDGE_CURVE('',#12151,#12261,#12263,.T.);
#12261 = VERTEX_POINT('',#12262);
#12262 = CARTESIAN_POINT('',(1.5,50.,50.));
#12263 = SURFACE_CURVE('',#12264,(#12268,#12275),.PCURVE_S1.);
#12264 = LINE('',#12265,#12266);
#12265 = CARTESIAN_POINT('',(1.5,-50.,50.));
#12266 = VECTOR('',#12267,1.);
#12267 = DIRECTION('',(0.,1.,0.));
#12268 = PCURVE('',#12111,#12269);
#12269 = DEFINITIONAL_REPRESENTATION('',(#12270),#12274);
#12270 = LINE('',#12271,#12272);
#12271 = CARTESIAN_POINT('',(3.,0.));
#12272 = VECTOR('',#12273,1.);
#12273 = DIRECTION('',(0.,1.));
#12274 = ( GEOMETRIC_REPRESENTATION_CONTEXT(2) 
PARAMETRIC_REPRESENTATION_CONTEXT() REPRESENTATION_CONTEXT('2D SPACE',''
  ) );
#12275 = PCURVE('',#12189,#12276);
#12276 = DEFINITIONAL_REPRESENTATION('',(#12277),#12281);
#12277 = LINE('',#12278,#12279);
#12278 = CARTESIAN_POINT('',(50.,0.));
#12279 = VECTOR('',#12280,1.);
#12280 = DIRECTION('',(0.,-1.));
#12281 = ( GEOMETRIC_REPRESENTATION_CONTEXT(2) 
PARAMETRIC_REPRESENTATION_CONTEXT() REPRESENTATION_CONTEXT('2D SPACE',''
  ) );
#12282 = ORIENTED_EDGE('',*,*,#12283,.F.);
#12283 = EDGE_CURVE('',#12070,#12261,#12284,.T.);
#12284 = SURFACE_CURVE('',#12285,(#12289,#12296),.PCURVE_S1.);
#12285 = LINE('',#12286,#12287);
#12286 = CARTESIAN_POINT('',(-1.5,50.,50.));
#12287 = VECTOR('',#12288,1.);
#12288 = DIRECTION('',(1.,0.,0.));
#12289 = PCURVE('',#12111,#12290);
#12290 = DEFINITIONAL_REPRESENTATION('',(#12291),#12295);
#12291 = LINE('',#12292,#12293);
#12292 = CARTESIAN_POINT('',(0.,100.));
#12293 = VECTOR('',#12294,1.);
#12294 = DIRECTION('',(1.,0.));
#12295 = ( GEOMETRIC_REPRESENTATION_CONTEXT(2) 
PARAMETRIC_REPRESENTATION_CONTEXT() REPRESENTATION_CONTEXT('2D SPACE',''
  ) );
#12296 = PCURVE('',#12085,#12297);
#12297 = DEFINITIONAL_REPRESENTATION('',(#12298),#12302);
#12298 = LINE('',#12299,#12300);
#12299 = CARTESIAN_POINT('',(50.,0.));
#12300 = VECTOR('',#12301,1.);
#12301 = DIRECTION('',(0.,1.));
#12302 = ( GEOMETRIC_REPRESENTATION_CONTEXT(2) 
PARAMETRIC_REPRESENTATION_CONTEXT() REPRESENTATION_CONTEXT('2D SPACE',''
  ) );
#12303 = ADVANCED_FACE('',(#12304),#12085,.T.);
#12304 = FACE_BOUND('',#12305,.T.);
#12305 = EDGE_LOOP('',(#12306,#12307,#12308,#12331,#12354,#12377));
#12306 = ORIENTED_EDGE('',*,*,#12069,.T.);
#12307 = ORIENTED_EDGE('',*,*,#12283,.T.);
#12308 = ORIENTED_EDGE('',*,*,#12309,.F.);
#12309 = EDGE_CURVE('',#12310,#12261,#12312,.T.);
#12310 = VERTEX_POINT('',#12311);
#12311 = CARTESIAN_POINT('',(1.5,50.,3.));
#12312 = SURFACE_CURVE('',#12313,(#12317,#12324),.PCURVE_S1.);
#12313 = LINE('',#12314,#12315);
#12314 = CARTESIAN_POINT('',(1.5,50.,0.));
#12315 = VECTOR('',#12316,1.);
#12316 = DIRECTION('',(0.,0.,1.));
#12317 = PCURVE('',#12085,#12318);
#12318 = DEFINITIONAL_REPRESENTATION('',(#12319),#12323);
#12319 = LINE('',#12320,#12321);
#12320 = CARTESIAN_POINT('',(0.,3.));
#12321 = VECTOR('',#12322,1.);
#12322 = DIRECTION('',(1.,0.));
#12323 = ( GEOMETRIC_REPRESENTATION_CONTEXT(2) 
PARAMETRIC_REPRESENTATION_CONTEXT() REPRESENTATION_CONTEXT('2D SPACE',''
  ) );
#12324 = PCURVE('',#12189,#12325);
#12325 = DEFINITIONAL_REPRESENTATION('',(#12326),#12330);
#12326 = LINE('',#12327,#12328);
#12327 = CARTESIAN_POINT('',(0.,-100.));
#12328 = VECTOR('',#12329,1.);
#12329 = DIRECTION('',(1.,0.));
#12330 = ( GEOMETRIC_REPRESENTATION_CONTEXT(2) 
PARAMETRIC_REPRESENTATION_CONTEXT() REPRESENTATION_CONTEXT('2D SPACE',''
  ) );
#12331 = ORIENTED_EDGE('',*,*,#12332,.T.);
#12332 = EDGE_CURVE('',#12310,#12333,#12335,.T.);
#12333 = VERTEX_POINT('',#12334);
#12334 = CARTESIAN_POINT('',(101.5,50.,3.));
#12335 = SURFACE_CURVE('',#12336,(#12340,#12347),.PCURVE_S1.);
#12336 = LINE('',#12337,#12338);
#12337 = CARTESIAN_POINT('',(1.5,50.,3.));
#12338 = VECTOR('',#12339,1.);
#12339 = DIRECTION('',(1.,0.,0.));
#12340 = PCURVE('',#12085,#12341);
#12341 = DEFINITIONAL_REPRESENTATION('',(#12342),#12346);
#12342 = LINE('',#12343,#12344);
#12343 = CARTESIAN_POINT('',(3.,3.));
#12344 = VECTOR('',#12345,1.);
#12345 = DIRECTION('',(0.,1.));
#12346 = ( GEOMETRIC_REPRESENTATION_CONTEXT(2) 
PARAMETRIC_REPRESENTATION_CONTEXT() REPRESENTATION_CONTEXT('2D SPACE',''
  ) );
#12347 = PCURVE('',#12217,#12348);
#12348 = DEFINITIONAL_REPRESENTATION('',(#12349),#12353);
#12349 = LINE('',#12350,#12351);
#12350 = CARTESIAN_POINT('',(0.,100.));
#12351 = VECTOR('',#12352,1.);
#12352 = DIRECTION('',(1.,0.));
#12353 = ( GEOMETRIC_REPRESENTATION_CONTEXT(2) 
PARAMETRIC_REPRESENTATION_CONTEXT() REPRESENTATION_CONTEXT('2D SPACE',''
  ) );
#12354 = ORIENTED_EDGE('',*,*,#12355,.F.);
#12355 = EDGE_CURVE('',#12356,#12333,#12358,.T.);
#12356 = VERTEX_POINT('',#12357);
#12357 = CARTESIAN_POINT('',(101.5,50.,0.));
#12358 = SURFACE_CURVE('',#12359,(#12363,#12370),.PCURVE_S1.);
#12359 = LINE('',#12360,#12361);
#12360 = CARTESIAN_POINT('',(101.5,50.,0.));
#12361 = VECTOR('',#12362,1.);
#12362 = DIRECTION('',(0.,0.,1.));
#12363 = PCURVE('',#12085,#12364);
#12364 = DEFINITIONAL_REPRESENTATION('',(#12365),#12369);
#12365 = LINE('',#12366,#12367);
#12366 = CARTESIAN_POINT('',(0.,103.));
#12367 = VECTOR('',#12368,1.);
#12368 = DIRECTION('',(1.,0.));
#12369 = ( GEOMETRIC_REPRESENTATION_CONTEXT(2) 
PARAMETRIC_REPRESENTATION_CONTEXT() REPRESENTATION_CONTEXT('2D SPACE',''
  ) );
#12370 = PCURVE('',#12243,#12371);
#12371 = DEFINITIONAL_REPRESENTATION('',(#12372),#12376);
#12372 = LINE('',#12373,#12374);
#12373 = CARTESIAN_POINT('',(0.,-100.));
#12374 = VECTOR('',#12375,1.);
#12375 = DIRECTION('',(1.,0.));
#12376 = ( GEOMETRIC_REPRESENTATION_CONTEXT(2) 
PARAMETRIC_REPRESENTATION_CONTEXT() REPRESENTATION_CONTEXT('2D SPACE',''
  ) );
#12377 = ORIENTED_EDGE('',*,*,#12378,.T.);
#12378 = EDGE_CURVE('',#12356,#12042,#12379,.T.);
#12379 = SURFACE_CURVE('',#12380,(#12384,#12391),.PCURVE_S1.);
#12380 = LINE('',#12381,#12382);
#12381 = CARTESIAN_POINT('',(101.5,50.,0.));
#12382 = VECTOR('',#12383,1.);
#12383 = DIRECTION('',(-1.,0.,0.));
#12384 = PCURVE('',#12085,#12385);
#12385 = DEFINITIONAL_REPRESENTATION('',(#12386),#12390);
#12386 = LINE('',#12387,#12388);
#12387 = CARTESIAN_POINT('',(0.,103.));
#12388 = VECTOR('',#12389,1.);
#12389 = DIRECTION('',(0.,-1.));
#12390 = ( GEOMETRIC_REPRESENTATION_CONTEXT(2) 
PARAMETRIC_REPRESENTATION_CONTEXT() REPRESENTATION_CONTEXT('2D SPACE',''
  ) );
#12391 = PCURVE('',#12057,#12392);
#12392 = DEFINITIONAL_REPRESENTATION('',(#12393),#12397);
#12393 = LINE('',#12394,#12395);
#12394 = CARTESIAN_POINT('',(103.,100.));
#12395 = VECTOR('',#12396,1.);
#12396 = DIRECTION('',(-1.,0.));
#12397 = ( GEOMETRIC_REPRESENTATION_CONTEXT(2) 
PARAMETRIC_REPRESENTATION_CONTEXT() REPRESENTATION_CONTEXT('2D SPACE',''
  ) );
#12398 = ADVANCED_FACE('',(#12399,#12425,#12460),#12057,.F.);
#12399 = FACE_BOUND('',#12400,.F.);
#12400 = EDGE_LOOP('',(#12401,#12402,#12403,#12424));
#12401 = ORIENTED_EDGE('',*,*,#12041,.F.);
#12402 = ORIENTED_EDGE('',*,*,#12126,.T.);
#12403 = ORIENTED_EDGE('',*,*,#12404,.T.);
#12404 = EDGE_CURVE('',#12127,#12356,#12405,.T.);
#12405 = SURFACE_CURVE('',#12406,(#12410,#12417),.PCURVE_S1.);
#12406 = LINE('',#12407,#12408);
#12407 = CARTESIAN_POINT('',(101.5,-50.,0.));
#12408 = VECTOR('',#12409,1.);
#12409 = DIRECTION('',(0.,1.,0.));
#12410 = PCURVE('',#12057,#12411);
#12411 = DEFINITIONAL_REPRESENTATION('',(#12412),#12416);
#12412 = LINE('',#12413,#12414);
#12413 = CARTESIAN_POINT('',(103.,0.));
#12414 = VECTOR('',#12415,1.);
#12415 = DIRECTION('',(0.,1.));
#12416 = ( GEOMETRIC_REPRESENTATION_CONTEXT(2) 
PARAMETRIC_REPRESENTATION_CONTEXT() REPRESENTATION_CONTEXT('2D SPACE',''
  ) );
#12417 = PCURVE('',#12243,#12418);
#12418 = DEFINITIONAL_REPRESENTATION('',(#12419),#12423);
#12419 = LINE('',#12420,#12421);
#12420 = CARTESIAN_POINT('',(0.,0.));
#12421 = VECTOR('',#12422,1.);
#12422 = DIRECTION('',(0.,-1.));
#12423 = ( GEOMETRIC_REPRESENTATION_CONTEXT(2) 
PARAMETRIC_REPRESENTATION_CONTEXT() REPRESENTATION_CONTEXT('2D SPACE',''
  ) );
#12424 = ORIENTED_EDGE('',*,*,#12378,.T.);
#12425 = FACE_BOUND('',#12426,.F.);
#12426 = EDGE_LOOP('',(#12427));
#12427 = ORIENTED_EDGE('',*,*,#12428,.T.);
#12428 = EDGE_CURVE('',#12429,#12429,#12431,.T.);
#12429 = VERTEX_POINT('',#12430);
#12430 = CARTESIAN_POINT('',(32.5,0.,0.));
#12431 = SURFACE_CURVE('',#12432,(#12437,#12448),.PCURVE_S1.);
#12432 = CIRCLE('',#12433,4.5);
#12433 = AXIS2_PLACEMENT_3D('',#12434,#12435,#12436);
#12434 = CARTESIAN_POINT('',(28.,0.,0.));
#12435 = DIRECTION('',(0.,0.,-1.));
#12436 = DIRECTION('',(1.,0.,0.));
#12437 = PCURVE('',#12057,#12438);
#12438 = DEFINITIONAL_REPRESENTATION('',(#12439),#12447);
#12439 = ( BOUNDED_CURVE() B_SPLINE_CURVE(2,(#12440,#12441,#12442,#12443
    ,#12444,#12445,#12446),.UNSPECIFIED.,.T.,.F.) 
B_SPLINE_CURVE_WITH_KNOTS((1,2,2,2,2,1),(-2.094395102393,0.,
    2.094395102393,4.188790204786,6.28318530718,8.377580409573),
.UNSPECIFIED.) CURVE() GEOMETRIC_REPRESENTATION_ITEM() 
RATIONAL_B_SPLINE_CURVE((1.,0.5,1.,0.5,1.,0.5,1.)) REPRESENTATION_ITEM(
  '') );
#12440 = CARTESIAN_POINT('',(34.,50.));
#12441 = CARTESIAN_POINT('',(34.,42.20577136594));
#12442 = CARTESIAN_POINT('',(27.25,46.10288568297));
#12443 = CARTESIAN_POINT('',(20.5,50.));
#12444 = CARTESIAN_POINT('',(27.25,53.89711431703));
#12445 = CARTESIAN_POINT('',(34.,57.79422863406));
#12446 = CARTESIAN_POINT('',(34.,50.));
#12447 = ( GEOMETRIC_REPRESENTATION_CONTEXT(2) 
PARAMETRIC_REPRESENTATION_CONTEXT() REPRESENTATION_CONTEXT('2D SPACE',''
  ) );
#12448 = PCURVE('',#12449,#12454);
#12449 = CYLINDRICAL_SURFACE('',#12450,4.5);
#12450 = AXIS2_PLACEMENT_3D('',#12451,#12452,#12453);
#12451 = CARTESIAN_POINT('',(28.,0.,-1.));
#12452 = DIRECTION('',(-0.,-0.,-1.));
#12453 = DIRECTION('',(1.,0.,0.));
#12454 = DEFINITIONAL_REPRESENTATION('',(#12455),#12459);
#12455 = LINE('',#12456,#12457);
#12456 = CARTESIAN_POINT('',(-6.28318530718,-1.));
#12457 = VECTOR('',#12458,1.);
#12458 = DIRECTION('',(1.,-0.));
#12459 = ( GEOMETRIC_REPRESENTATION_CONTEXT(2) 
PARAMETRIC_REPRESENTATION_CONTEXT() REPRESENTATION_CONTEXT('2D SPACE',''
  ) );
#12460 = FACE_BOUND('',#12461,.F.);
#12461 = EDGE_LOOP('',(#12462,#12490,#12518,#12544));
#12462 = ORIENTED_EDGE('',*,*,#12463,.T.);
#12463 = EDGE_CURVE('',#12464,#12466,#12468,.T.);
#12464 = VERTEX_POINT('',#12465);
#12465 = CARTESIAN_POINT('',(88.,4.5,0.));
#12466 = VERTEX_POINT('',#12467);
#12467 = CARTESIAN_POINT('',(88.,-4.5,0.));
#12468 = SURFACE_CURVE('',#12469,(#12473,#12479),.PCURVE_S1.);
#12469 = LINE('',#12470,#12471);
#12470 = CARTESIAN_POINT('',(88.,-27.25,0.));
#12471 = VECTOR('',#12472,1.);
#12472 = DIRECTION('',(0.,-1.,0.));
#12473 = PCURVE('',#12057,#12474);
#12474 = DEFINITIONAL_REPRESENTATION('',(#12475),#12478);
#12475 = B_SPLINE_CURVE_WITH_KNOTS('',1,(#12476,#12477),.UNSPECIFIED.,
  .F.,.F.,(2,2),(-31.75,-22.75),.PIECEWISE_BEZIER_KNOTS.);
#12476 = CARTESIAN_POINT('',(89.5,54.5));
#12477 = CARTESIAN_POINT('',(89.5,45.5));
#12478 = ( GEOMETRIC_REPRESENTATION_CONTEXT(2) 
PARAMETRIC_REPRESENTATION_CONTEXT() REPRESENTATION_CONTEXT('2D SPACE',''
  ) );
#12479 = PCURVE('',#12480,#12485);
#12480 = PLANE('',#12481);
#12481 = AXIS2_PLACEMENT_3D('',#12482,#12483,#12484);
#12482 = CARTESIAN_POINT('',(88.,-4.5,-1.));
#12483 = DIRECTION('',(-1.,0.,0.));
#12484 = DIRECTION('',(0.,1.,0.));
#12485 = DEFINITIONAL_REPRESENTATION('',(#12486),#12489);
#12486 = B_SPLINE_CURVE_WITH_KNOTS('',1,(#12487,#12488),.UNSPECIFIED.,
  .F.,.F.,(2,2),(-31.75,-22.75),.PIECEWISE_BEZIER_KNOTS.);
#12487 = CARTESIAN_POINT('',(9.,-1.));
#12488 = CARTESIAN_POINT('',(0.,-1.));
#12489 = ( GEOMETRIC_REPRESENTATION_CONTEXT(2) 
PARAMETRIC_REPRESENTATION_CONTEXT() REPRESENTATION_CONTEXT('2D SPACE',''
  ) );
#12490 = ORIENTED_EDGE('',*,*,#12491,.F.);
#12491 = EDGE_CURVE('',#12492,#12466,#12494,.T.);
#12492 = VERTEX_POINT('',#12493);
#12493 = CARTESIAN_POINT('',(68.,-4.5,0.));
#12494 = SURFACE_CURVE('',#12495,(#12499,#12506),.PCURVE_S1.);
#12495 = LINE('',#12496,#12497);
#12496 = CARTESIAN_POINT('',(68.,-4.5,0.));
#12497 = VECTOR('',#12498,1.);
#12498 = DIRECTION('',(1.,0.,0.));
#12499 = PCURVE('',#12057,#12500);
#12500 = DEFINITIONAL_REPRESENTATION('',(#12501),#12505);
#12501 = LINE('',#12502,#12503);
#12502 = CARTESIAN_POINT('',(69.5,45.5));
#12503 = VECTOR('',#12504,1.);
#12504 = DIRECTION('',(1.,0.));
#12505 = ( GEOMETRIC_REPRESENTATION_CONTEXT(2) 
PARAMETRIC_REPRESENTATION_CONTEXT() REPRESENTATION_CONTEXT('2D SPACE',''
  ) );
#12506 = PCURVE('',#12507,#12512);
#12507 = PLANE('',#12508);
#12508 = AXIS2_PLACEMENT_3D('',#12509,#12510,#12511);
#12509 = CARTESIAN_POINT('',(68.,-4.5,-1.));
#12510 = DIRECTION('',(0.,1.,0.));
#12511 = DIRECTION('',(1.,0.,0.));
#12512 = DEFINITIONAL_REPRESENTATION('',(#12513),#12517);
#12513 = LINE('',#12514,#12515);
#12514 = CARTESIAN_POINT('',(0.,-1.));
#12515 = VECTOR('',#12516,1.);
#12516 = DIRECTION('',(1.,0.));
#12517 = ( GEOMETRIC_REPRESENTATION_CONTEXT(2) 
PARAMETRIC_REPRESENTATION_CONTEXT() REPRESENTATION_CONTEXT('2D SPACE',''
  ) );
#12518 = ORIENTED_EDGE('',*,*,#12519,.T.);
#12519 = EDGE_CURVE('',#12492,#12520,#12522,.T.);
#12520 = VERTEX_POINT('',#12521);
#12521 = CARTESIAN_POINT('',(68.,4.5,0.));
#12522 = SURFACE_CURVE('',#12523,(#12527,#12533),.PCURVE_S1.);
#12523 = LINE('',#12524,#12525);
#12524 = CARTESIAN_POINT('',(68.,-22.75,0.));
#12525 = VECTOR('',#12526,1.);
#12526 = DIRECTION('',(-0.,1.,0.));
#12527 = PCURVE('',#12057,#12528);
#12528 = DEFINITIONAL_REPRESENTATION('',(#12529),#12532);
#12529 = B_SPLINE_CURVE_WITH_KNOTS('',1,(#12530,#12531),.UNSPECIFIED.,
  .F.,.F.,(2,2),(18.25,27.25),.PIECEWISE_BEZIER_KNOTS.);
#12530 = CARTESIAN_POINT('',(69.5,45.5));
#12531 = CARTESIAN_POINT('',(69.5,54.5));
#12532 = ( GEOMETRIC_REPRESENTATION_CONTEXT(2) 
PARAMETRIC_REPRESENTATION_CONTEXT() REPRESENTATION_CONTEXT('2D SPACE',''
  ) );
#12533 = PCURVE('',#12534,#12539);
#12534 = PLANE('',#12535);
#12535 = AXIS2_PLACEMENT_3D('',#12536,#12537,#12538);
#12536 = CARTESIAN_POINT('',(68.,4.5,-1.));
#12537 = DIRECTION('',(1.,0.,-0.));
#12538 = DIRECTION('',(0.,-1.,0.));
#12539 = DEFINITIONAL_REPRESENTATION('',(#12540),#12543);
#12540 = B_SPLINE_CURVE_WITH_KNOTS('',1,(#12541,#12542),.UNSPECIFIED.,
  .F.,.F.,(2,2),(18.25,27.25),.PIECEWISE_BEZIER_KNOTS.);
#12541 = CARTESIAN_POINT('',(9.,-1.));
#12542 = CARTESIAN_POINT('',(0.,-1.));
#12543 = ( GEOMETRIC_REPRESENTATION_CONTEXT(2) 
PARAMETRIC_REPRESENTATION_CONTEXT() REPRESENTATION_CONTEXT('2D SPACE',''
  ) );
#12544 = ORIENTED_EDGE('',*,*,#12545,.F.);
#12545 = EDGE_CURVE('',#12464,#12520,#12546,.T.);
#12546 = SURFACE_CURVE('',#12547,(#12551,#12558),.PCURVE_S1.);
#12547 = LINE('',#12548,#12549);
#12548 = CARTESIAN_POINT('',(88.,4.5,0.));
#12549 = VECTOR('',#12550,1.);
#12550 = DIRECTION('',(-1.,0.,0.));
#12551 = PCURVE('',#12057,#12552);
#12552 = DEFINITIONAL_REPRESENTATION('',(#12553),#12557);
#12553 = LINE('',#12554,#12555);
#12554 = CARTESIAN_POINT('',(89.5,54.5));
#12555 = VECTOR('',#12556,1.);
#12556 = DIRECTION('',(-1.,0.));
#12557 = ( GEOMETRIC_REPRESENTATION_CONTEXT(2) 
PARAMETRIC_REPRESENTATION_CONTEXT() REPRESENTATION_CONTEXT('2D SPACE',''
  ) );
#12558 = PCURVE('',#12559,#12564);
#12559 = PLANE('',#12560);
#12560 = AXIS2_PLACEMENT_3D('',#12561,#12562,#12563);
#12561 = CARTESIAN_POINT('',(88.,4.5,-1.));
#12562 = DIRECTION('',(0.,-1.,0.));
#12563 = DIRECTION('',(-1.,0.,0.));
#12564 = DEFINITIONAL_REPRESENTATION('',(#12565),#12569);
#12565 = LINE('',#12566,#12567);
#12566 = CARTESIAN_POINT('',(0.,-1.));
#12567 = VECTOR('',#12568,1.);
#12568 = DIRECTION('',(1.,0.));
#12569 = ( GEOMETRIC_REPRESENTATION_CONTEXT(2) 
PARAMETRIC_REPRESENTATION_CONTEXT() REPRESENTATION_CONTEXT('2D SPACE',''
  ) );
#12570 = ADVANCED_FACE('',(#12571,#12597,#12632,#12667),#12189,.T.);
#12571 = FACE_BOUND('',#12572,.T.);
#12572 = EDGE_LOOP('',(#12573,#12574,#12595,#12596));
#12573 = ORIENTED_EDGE('',*,*,#12173,.F.);
#12574 = ORIENTED_EDGE('',*,*,#12575,.T.);
#12575 = EDGE_CURVE('',#12174,#12310,#12576,.T.);
#12576 = SURFACE_CURVE('',#12577,(#12581,#12588),.PCURVE_S1.);
#12577 = LINE('',#12578,#12579);
#12578 = CARTESIAN_POINT('',(1.5,-50.,3.));
#12579 = VECTOR('',#12580,1.);
#12580 = DIRECTION('',(0.,1.,0.));
#12581 = PCURVE('',#12189,#12582);
#12582 = DEFINITIONAL_REPRESENTATION('',(#12583),#12587);
#12583 = LINE('',#12584,#12585);
#12584 = CARTESIAN_POINT('',(3.,0.));
#12585 = VECTOR('',#12586,1.);
#12586 = DIRECTION('',(0.,-1.));
#12587 = ( GEOMETRIC_REPRESENTATION_CONTEXT(2) 
PARAMETRIC_REPRESENTATION_CONTEXT() REPRESENTATION_CONTEXT('2D SPACE',''
  ) );
#12588 = PCURVE('',#12217,#12589);
#12589 = DEFINITIONAL_REPRESENTATION('',(#12590),#12594);
#12590 = LINE('',#12591,#12592);
#12591 = CARTESIAN_POINT('',(0.,0.));
#12592 = VECTOR('',#12593,1.);
#12593 = DIRECTION('',(0.,1.));
#12594 = ( GEOMETRIC_REPRESENTATION_CONTEXT(2) 
PARAMETRIC_REPRESENTATION_CONTEXT() REPRESENTATION_CONTEXT('2D SPACE',''
  ) );
#12595 = ORIENTED_EDGE('',*,*,#12309,.T.);
#12596 = ORIENTED_EDGE('',*,*,#12260,.F.);
#12597 = FACE_BOUND('',#12598,.T.);
#12598 = EDGE_LOOP('',(#12599));
#12599 = ORIENTED_EDGE('',*,*,#12600,.T.);
#12600 = EDGE_CURVE('',#12601,#12601,#12603,.T.);
#12601 = VERTEX_POINT('',#12602);
#12602 = CARTESIAN_POINT('',(1.5,34.5,25.));
#12603 = SURFACE_CURVE('',#12604,(#12609,#12620),.PCURVE_S1.);
#12604 = CIRCLE('',#12605,4.5);
#12605 = AXIS2_PLACEMENT_3D('',#12606,#12607,#12608);
#12606 = CARTESIAN_POINT('',(1.5,30.,25.));
#12607 = DIRECTION('',(-1.,0.,0.));
#12608 = DIRECTION('',(0.,1.,0.));
#12609 = PCURVE('',#12189,#12610);
#12610 = DEFINITIONAL_REPRESENTATION('',(#12611),#12619);
#12611 = ( BOUNDED_CURVE() B_SPLINE_CURVE(2,(#12612,#12613,#12614,#12615
    ,#12616,#12617,#12618),.UNSPECIFIED.,.T.,.F.) 
B_SPLINE_CURVE_WITH_KNOTS((1,2,2,2,2,1),(-2.094395102393,0.,
    2.094395102393,4.188790204786,6.28318530718,8.377580409573),
.UNSPECIFIED.) CURVE() GEOMETRIC_REPRESENTATION_ITEM() 
RATIONAL_B_SPLINE_CURVE((1.,0.5,1.,0.5,1.,0.5,1.)) REPRESENTATION_ITEM(
  '') );
#12612 = CARTESIAN_POINT('',(25.,-84.5));
#12613 = CARTESIAN_POINT('',(17.20577136594,-84.5));
#12614 = CARTESIAN_POINT('',(21.10288568297,-77.75));
#12615 = CARTESIAN_POINT('',(25.,-71.));
#12616 = CARTESIAN_POINT('',(28.89711431703,-77.75));
#12617 = CARTESIAN_POINT('',(32.79422863406,-84.5));
#12618 = CARTESIAN_POINT('',(25.,-84.5));
#12619 = ( GEOMETRIC_REPRESENTATION_CONTEXT(2) 
PARAMETRIC_REPRESENTATION_CONTEXT() REPRESENTATION_CONTEXT('2D SPACE',''
  ) );
#12620 = PCURVE('',#12621,#12626);
#12621 = CYLINDRICAL_SURFACE('',#12622,4.5);
#12622 = AXIS2_PLACEMENT_3D('',#12623,#12624,#12625);
#12623 = CARTESIAN_POINT('',(-1.,30.,25.));
#12624 = DIRECTION('',(-1.,-0.,-0.));
#12625 = DIRECTION('',(0.,1.,0.));
#12626 = DEFINITIONAL_REPRESENTATION('',(#12627),#12631);
#12627 = LINE('',#12628,#12629);
#12628 = CARTESIAN_POINT('',(-6.28318530718,-2.5));
#12629 = VECTOR('',#12630,1.);
#12630 = DIRECTION('',(1.,-0.));
#12631 = ( GEOMETRIC_REPRESENTATION_CONTEXT(2) 
PARAMETRIC_REPRESENTATION_CONTEXT() REPRESENTATION_CONTEXT('2D SPACE',''
  ) );
#12632 = FACE_BOUND('',#12633,.T.);
#12633 = EDGE_LOOP('',(#12634));
#12634 = ORIENTED_EDGE('',*,*,#12635,.T.);
#12635 = EDGE_CURVE('',#12636,#12636,#12638,.T.);
#12636 = VERTEX_POINT('',#12637);
#12637 = CARTESIAN_POINT('',(1.5,4.5,25.));
#12638 = SURFACE_CURVE('',#12639,(#12644,#12655),.PCURVE_S1.);
#12639 = CIRCLE('',#12640,4.5);
#12640 = AXIS2_PLACEMENT_3D('',#12641,#12642,#12643);
#12641 = CARTESIAN_POINT('',(1.5,0.,25.));
#12642 = DIRECTION('',(-1.,0.,0.));
#12643 = DIRECTION('',(0.,1.,0.));
#12644 = PCURVE('',#12189,#12645);
#12645 = DEFINITIONAL_REPRESENTATION('',(#12646),#12654);
#12646 = ( BOUNDED_CURVE() B_SPLINE_CURVE(2,(#12647,#12648,#12649,#12650
    ,#12651,#12652,#12653),.UNSPECIFIED.,.T.,.F.) 
B_SPLINE_CURVE_WITH_KNOTS((1,2,2,2,2,1),(-2.094395102393,0.,
    2.094395102393,4.188790204786,6.28318530718,8.377580409573),
.UNSPECIFIED.) CURVE() GEOMETRIC_REPRESENTATION_ITEM() 
RATIONAL_B_SPLINE_CURVE((1.,0.5,1.,0.5,1.,0.5,1.)) REPRESENTATION_ITEM(
  '') );
#12647 = CARTESIAN_POINT('',(25.,-54.5));
#12648 = CARTESIAN_POINT('',(17.20577136594,-54.5));
#12649 = CARTESIAN_POINT('',(21.10288568297,-47.75));
#12650 = CARTESIAN_POINT('',(25.,-41.));
#12651 = CARTESIAN_POINT('',(28.89711431703,-47.75));
#12652 = CARTESIAN_POINT('',(32.79422863406,-54.5));
#12653 = CARTESIAN_POINT('',(25.,-54.5));
#12654 = ( GEOMETRIC_REPRESENTATION_CONTEXT(2) 
PARAMETRIC_REPRESENTATION_CONTEXT() REPRESENTATION_CONTEXT('2D SPACE',''
  ) );
#12655 = PCURVE('',#12656,#12661);
#12656 = CYLINDRICAL_SURFACE('',#12657,4.5);
#12657 = AXIS2_PLACEMENT_3D('',#12658,#12659,#12660);
#12658 = CARTESIAN_POINT('',(-1.,0.,25.));
#12659 = DIRECTION('',(-1.,-0.,-0.));
#12660 = DIRECTION('',(0.,1.,0.));
#12661 = DEFINITIONAL_REPRESENTATION('',(#12662),#12666);
#12662 = LINE('',#12663,#12664);
#12663 = CARTESIAN_POINT('',(-6.28318530718,-2.5));
#12664 = VECTOR('',#12665,1.);
#12665 = DIRECTION('',(1.,-0.));
#12666 = ( GEOMETRIC_REPRESENTATION_CONTEXT(2) 
PARAMETRIC_REPRESENTATION_CONTEXT() REPRESENTATION_CONTEXT('2D SPACE',''
  ) );
#12667 = FACE_BOUND('',#12668,.T.);
#12668 = EDGE_LOOP('',(#12669));
#12669 = ORIENTED_EDGE('',*,*,#12670,.T.);
#12670 = EDGE_CURVE('',#12671,#12671,#12673,.T.);
#12671 = VERTEX_POINT('',#12672);
#12672 = CARTESIAN_POINT('',(1.5,-25.5,25.));
#12673 = SURFACE_CURVE('',#12674,(#12679,#12690),.PCURVE_S1.);
#12674 = CIRCLE('',#12675,4.5);
#12675 = AXIS2_PLACEMENT_3D('',#12676,#12677,#12678);
#12676 = CARTESIAN_POINT('',(1.5,-30.,25.));
#12677 = DIRECTION('',(-1.,0.,0.));
#12678 = DIRECTION('',(0.,1.,0.));
#12679 = PCURVE('',#12189,#12680);
#12680 = DEFINITIONAL_REPRESENTATION('',(#12681),#12689);
#12681 = ( BOUNDED_CURVE() B_SPLINE_CURVE(2,(#12682,#12683,#12684,#12685
    ,#12686,#12687,#12688),.UNSPECIFIED.,.T.,.F.) 
B_SPLINE_CURVE_WITH_KNOTS((1,2,2,2,2,1),(-2.094395102393,0.,
    2.094395102393,4.188790204786,6.28318530718,8.377580409573),
.UNSPECIFIED.) CURVE() GEOMETRIC_REPRESENTATION_ITEM() 
RATIONAL_B_SPLINE_CURVE((1.,0.5,1.,0.5,1.,0.5,1.)) REPRESENTATION_ITEM(
  '') );
#12682 = CARTESIAN_POINT('',(25.,-24.5));
#12683 = CARTESIAN_POINT('',(17.20577136594,-24.5));
#12684 = CARTESIAN_POINT('',(21.10288568297,-17.75));
#12685 = CARTESIAN_POINT('',(25.,-11.));
#12686 = CARTESIAN_POINT('',(28.89711431703,-17.75));
#12687 = CARTESIAN_POINT('',(32.79422863406,-24.5));
#12688 = CARTESIAN_POINT('',(25.,-24.5));
#12689 = ( GEOMETRIC_REPRESENTATION_CONTEXT(2) 
PARAMETRIC_REPRESENTATION_CONTEXT() REPRESENTATION_CONTEXT('2D SPACE',''
  ) );
#12690 = PCURVE('',#12691,#12696);
#12691 = CYLINDRICAL_SURFACE('',#12692,4.5);
#12692 = AXIS2_PLACEMENT_3D('',#12693,#12694,#12695);
#12693 = CARTESIAN_POINT('',(-1.,-30.,25.));
#12694 = DIRECTION('',(-1.,-0.,-0.));
#12695 = DIRECTION('',(0.,1.,0.));
#12696 = DEFINITIONAL_REPRESENTATION('',(#12697),#12701);
#12697 = LINE('',#12698,#12699);
#12698 = CARTESIAN_POINT('',(-6.28318530718,-2.5));
#12699 = VECTOR('',#12700,1.);
#12700 = DIRECTION('',(1.,-0.));
#12701 = ( GEOMETRIC_REPRESENTATION_CONTEXT(2) 
PARAMETRIC_REPRESENTATION_CONTEXT() REPRESENTATION_CONTEXT('2D SPACE',''
  ) );
#12702 = ADVANCED_FACE('',(#12703,#12729,#12759),#12217,.T.);
#12703 = FACE_BOUND('',#12704,.T.);
#12704 = EDGE_LOOP('',(#12705,#12706,#12707,#12728));
#12705 = ORIENTED_EDGE('',*,*,#12575,.F.);
#12706 = ORIENTED_EDGE('',*,*,#12201,.T.);
#12707 = ORIENTED_EDGE('',*,*,#12708,.T.);
#12708 = EDGE_CURVE('',#12202,#12333,#12709,.T.);
#12709 = SURFACE_CURVE('',#12710,(#12714,#12721),.PCURVE_S1.);
#12710 = LINE('',#12711,#12712);
#12711 = CARTESIAN_POINT('',(101.5,-50.,3.));
#12712 = VECTOR('',#12713,1.);
#12713 = DIRECTION('',(0.,1.,0.));
#12714 = PCURVE('',#12217,#12715);
#12715 = DEFINITIONAL_REPRESENTATION('',(#12716),#12720);
#12716 = LINE('',#12717,#12718);
#12717 = CARTESIAN_POINT('',(100.,0.));
#12718 = VECTOR('',#12719,1.);
#12719 = DIRECTION('',(0.,1.));
#12720 = ( GEOMETRIC_REPRESENTATION_CONTEXT(2) 
PARAMETRIC_REPRESENTATION_CONTEXT() REPRESENTATION_CONTEXT('2D SPACE',''
  ) );
#12721 = PCURVE('',#12243,#12722);
#12722 = DEFINITIONAL_REPRESENTATION('',(#12723),#12727);
#12723 = LINE('',#12724,#12725);
#12724 = CARTESIAN_POINT('',(3.,0.));
#12725 = VECTOR('',#12726,1.);
#12726 = DIRECTION('',(0.,-1.));
#12727 = ( GEOMETRIC_REPRESENTATION_CONTEXT(2) 
PARAMETRIC_REPRESENTATION_CONTEXT() REPRESENTATION_CONTEXT('2D SPACE',''
  ) );
#12728 = ORIENTED_EDGE('',*,*,#12332,.F.);
#12729 = FACE_BOUND('',#12730,.T.);
#12730 = EDGE_LOOP('',(#12731));
#12731 = ORIENTED_EDGE('',*,*,#12732,.T.);
#12732 = EDGE_CURVE('',#12733,#12733,#12735,.T.);
#12733 = VERTEX_POINT('',#12734);
#12734 = CARTESIAN_POINT('',(32.5,0.,3.));
#12735 = SURFACE_CURVE('',#12736,(#12741,#12752),.PCURVE_S1.);
#12736 = CIRCLE('',#12737,4.5);
#12737 = AXIS2_PLACEMENT_3D('',#12738,#12739,#12740);
#12738 = CARTESIAN_POINT('',(28.,0.,3.));
#12739 = DIRECTION('',(0.,0.,-1.));
#12740 = DIRECTION('',(1.,0.,0.));
#12741 = PCURVE('',#12217,#12742);
#12742 = DEFINITIONAL_REPRESENTATION('',(#12743),#12751);
#12743 = ( BOUNDED_CURVE() B_SPLINE_CURVE(2,(#12744,#12745,#12746,#12747
    ,#12748,#12749,#12750),.UNSPECIFIED.,.T.,.F.) 
B_SPLINE_CURVE_WITH_KNOTS((1,2,2,2,2,1),(-2.094395102393,0.,
    2.094395102393,4.188790204786,6.28318530718,8.377580409573),
.UNSPECIFIED.) CURVE() GEOMETRIC_REPRESENTATION_ITEM() 
RATIONAL_B_SPLINE_CURVE((1.,0.5,1.,0.5,1.,0.5,1.)) REPRESENTATION_ITEM(
  '') );
#12744 = CARTESIAN_POINT('',(31.,50.));
#12745 = CARTESIAN_POINT('',(31.,42.20577136594));
#12746 = CARTESIAN_POINT('',(24.25,46.10288568297));
#12747 = CARTESIAN_POINT('',(17.5,50.));
#12748 = CARTESIAN_POINT('',(24.25,53.89711431703));
#12749 = CARTESIAN_POINT('',(31.,57.79422863406));
#12750 = CARTESIAN_POINT('',(31.,50.));
#12751 = ( GEOMETRIC_REPRESENTATION_CONTEXT(2) 
PARAMETRIC_REPRESENTATION_CONTEXT() REPRESENTATION_CONTEXT('2D SPACE',''
  ) );
#12752 = PCURVE('',#12449,#12753);
#12753 = DEFINITIONAL_REPRESENTATION('',(#12754),#12758);
#12754 = LINE('',#12755,#12756);
#12755 = CARTESIAN_POINT('',(-6.28318530718,-4.));
#12756 = VECTOR('',#12757,1.);
#12757 = DIRECTION('',(1.,-0.));
#12758 = ( GEOMETRIC_REPRESENTATION_CONTEXT(2) 
PARAMETRIC_REPRESENTATION_CONTEXT() REPRESENTATION_CONTEXT('2D SPACE',''
  ) );
#12759 = FACE_BOUND('',#12760,.T.);
#12760 = EDGE_LOOP('',(#12761,#12786,#12807,#12830));
#12761 = ORIENTED_EDGE('',*,*,#12762,.T.);
#12762 = EDGE_CURVE('',#12763,#12765,#12767,.T.);
#12763 = VERTEX_POINT('',#12764);
#12764 = CARTESIAN_POINT('',(88.,-4.5,3.));
#12765 = VERTEX_POINT('',#12766);
#12766 = CARTESIAN_POINT('',(68.,-4.5,3.));
#12767 = SURFACE_CURVE('',#12768,(#12772,#12779),.PCURVE_S1.);
#12768 = LINE('',#12769,#12770);
#12769 = CARTESIAN_POINT('',(88.,-4.5,3.));
#12770 = VECTOR('',#12771,1.);
#12771 = DIRECTION('',(-1.,0.,0.));
#12772 = PCURVE('',#12217,#12773);
#12773 = DEFINITIONAL_REPRESENTATION('',(#12774),#12778);
#12774 = LINE('',#12775,#12776);
#12775 = CARTESIAN_POINT('',(86.5,45.5));
#12776 = VECTOR('',#12777,1.);
#12777 = DIRECTION('',(-1.,0.));
#12778 = ( GEOMETRIC_REPRESENTATION_CONTEXT(2) 
PARAMETRIC_REPRESENTATION_CONTEXT() REPRESENTATION_CONTEXT('2D SPACE',''
  ) );
#12779 = PCURVE('',#12507,#12780);
#12780 = DEFINITIONAL_REPRESENTATION('',(#12781),#12785);
#12781 = LINE('',#12782,#12783);
#12782 = CARTESIAN_POINT('',(20.,-4.));
#12783 = VECTOR('',#12784,1.);
#12784 = DIRECTION('',(-1.,0.));
#12785 = ( GEOMETRIC_REPRESENTATION_CONTEXT(2) 
PARAMETRIC_REPRESENTATION_CONTEXT() REPRESENTATION_CONTEXT('2D SPACE',''
  ) );
#12786 = ORIENTED_EDGE('',*,*,#12787,.T.);
#12787 = EDGE_CURVE('',#12765,#12788,#12790,.T.);
#12788 = VERTEX_POINT('',#12789);
#12789 = CARTESIAN_POINT('',(68.,4.5,3.));
#12790 = SURFACE_CURVE('',#12791,(#12795,#12801),.PCURVE_S1.);
#12791 = LINE('',#12792,#12793);
#12792 = CARTESIAN_POINT('',(68.,-22.75,3.));
#12793 = VECTOR('',#12794,1.);
#12794 = DIRECTION('',(-0.,1.,0.));
#12795 = PCURVE('',#12217,#12796);
#12796 = DEFINITIONAL_REPRESENTATION('',(#12797),#12800);
#12797 = B_SPLINE_CURVE_WITH_KNOTS('',1,(#12798,#12799),.UNSPECIFIED.,
  .F.,.F.,(2,2),(18.25,27.25),.PIECEWISE_BEZIER_KNOTS.);
#12798 = CARTESIAN_POINT('',(66.5,45.5));
#12799 = CARTESIAN_POINT('',(66.5,54.5));
#12800 = ( GEOMETRIC_REPRESENTATION_CONTEXT(2) 
PARAMETRIC_REPRESENTATION_CONTEXT() REPRESENTATION_CONTEXT('2D SPACE',''
  ) );
#12801 = PCURVE('',#12534,#12802);
#12802 = DEFINITIONAL_REPRESENTATION('',(#12803),#12806);
#12803 = B_SPLINE_CURVE_WITH_KNOTS('',1,(#12804,#12805),.UNSPECIFIED.,
  .F.,.F.,(2,2),(18.25,27.25),.PIECEWISE_BEZIER_KNOTS.);
#12804 = CARTESIAN_POINT('',(9.,-4.));
#12805 = CARTESIAN_POINT('',(0.,-4.));
#12806 = ( GEOMETRIC_REPRESENTATION_CONTEXT(2) 
PARAMETRIC_REPRESENTATION_CONTEXT() REPRESENTATION_CONTEXT('2D SPACE',''
  ) );
#12807 = ORIENTED_EDGE('',*,*,#12808,.T.);
#12808 = EDGE_CURVE('',#12788,#12809,#12811,.T.);
#12809 = VERTEX_POINT('',#12810);
#12810 = CARTESIAN_POINT('',(88.,4.5,3.));
#12811 = SURFACE_CURVE('',#12812,(#12816,#12823),.PCURVE_S1.);
#12812 = LINE('',#12813,#12814);
#12813 = CARTESIAN_POINT('',(68.,4.5,3.));
#12814 = VECTOR('',#12815,1.);
#12815 = DIRECTION('',(1.,0.,0.));
#12816 = PCURVE('',#12217,#12817);
#12817 = DEFINITIONAL_REPRESENTATION('',(#12818),#12822);
#12818 = LINE('',#12819,#12820);
#12819 = CARTESIAN_POINT('',(66.5,54.5));
#12820 = VECTOR('',#12821,1.);
#12821 = DIRECTION('',(1.,0.));
#12822 = ( GEOMETRIC_REPRESENTATION_CONTEXT(2) 
PARAMETRIC_REPRESENTATION_CONTEXT() REPRESENTATION_CONTEXT('2D SPACE',''
  ) );
#12823 = PCURVE('',#12559,#12824);
#12824 = DEFINITIONAL_REPRESENTATION('',(#12825),#12829);
#12825 = LINE('',#12826,#12827);
#12826 = CARTESIAN_POINT('',(20.,-4.));
#12827 = VECTOR('',#12828,1.);
#12828 = DIRECTION('',(-1.,-0.));
#12829 = ( GEOMETRIC_REPRESENTATION_CONTEXT(2) 
PARAMETRIC_REPRESENTATION_CONTEXT() REPRESENTATION_CONTEXT('2D SPACE',''
  ) );
#12830 = ORIENTED_EDGE('',*,*,#12831,.T.);
#12831 = EDGE_CURVE('',#12809,#12763,#12832,.T.);
#12832 = SURFACE_CURVE('',#12833,(#12837,#12843),.PCURVE_S1.);
#12833 = LINE('',#12834,#12835);
#12834 = CARTESIAN_POINT('',(88.,-27.25,3.));
#12835 = VECTOR('',#12836,1.);
#12836 = DIRECTION('',(0.,-1.,0.));
#12837 = PCURVE('',#12217,#12838);
#12838 = DEFINITIONAL_REPRESENTATION('',(#12839),#12842);
#12839 = B_SPLINE_CURVE_WITH_KNOTS('',1,(#12840,#12841),.UNSPECIFIED.,
  .F.,.F.,(2,2),(-31.75,-22.75),.PIECEWISE_BEZIER_KNOTS.);
#12840 = CARTESIAN_POINT('',(86.5,54.5));
#12841 = CARTESIAN_POINT('',(86.5,45.5));
#12842 = ( GEOMETRIC_REPRESENTATION_CONTEXT(2) 
PARAMETRIC_REPRESENTATION_CONTEXT() REPRESENTATION_CONTEXT('2D SPACE',''
  ) );
#12843 = PCURVE('',#12480,#12844);
#12844 = DEFINITIONAL_REPRESENTATION('',(#12845),#12848);
#12845 = B_SPLINE_CURVE_WITH_KNOTS('',1,(#12846,#12847),.UNSPECIFIED.,
  .F.,.F.,(2,2),(-31.75,-22.75),.PIECEWISE_BEZIER_KNOTS.);
#12846 = CARTESIAN_POINT('',(9.,-4.));
#12847 = CARTESIAN_POINT('',(0.,-4.));
#12848 = ( GEOMETRIC_REPRESENTATION_CONTEXT(2) 
PARAMETRIC_REPRESENTATION_CONTEXT() REPRESENTATION_CONTEXT('2D SPACE',''
  ) );
#12849 = ADVANCED_FACE('',(#12850),#12243,.T.);
#12850 = FACE_BOUND('',#12851,.T.);
#12851 = EDGE_LOOP('',(#12852,#12853,#12854,#12855));
#12852 = ORIENTED_EDGE('',*,*,#12229,.F.);
#12853 = ORIENTED_EDGE('',*,*,#12404,.T.);
#12854 = ORIENTED_EDGE('',*,*,#12355,.T.);
#12855 = ORIENTED_EDGE('',*,*,#12708,.F.);
#12856 = ADVANCED_FACE('',(#12857),#12449,.F.);
#12857 = FACE_BOUND('',#12858,.T.);
#12858 = EDGE_LOOP('',(#12859,#12860,#12881,#12882));
#12859 = ORIENTED_EDGE('',*,*,#12428,.T.);
#12860 = ORIENTED_EDGE('',*,*,#12861,.T.);
#12861 = EDGE_CURVE('',#12429,#12733,#12862,.T.);
#12862 = SEAM_CURVE('',#12863,(#12867,#12874),.PCURVE_S1.);
#12863 = LINE('',#12864,#12865);
#12864 = CARTESIAN_POINT('',(32.5,0.,-1.));
#12865 = VECTOR('',#12866,1.);
#12866 = DIRECTION('',(0.,0.,1.));
#12867 = PCURVE('',#12449,#12868);
#12868 = DEFINITIONAL_REPRESENTATION('',(#12869),#12873);
#12869 = LINE('',#12870,#12871);
#12870 = CARTESIAN_POINT('',(-6.28318530718,0.));
#12871 = VECTOR('',#12872,1.);
#12872 = DIRECTION('',(-0.,-1.));
#12873 = ( GEOMETRIC_REPRESENTATION_CONTEXT(2) 
PARAMETRIC_REPRESENTATION_CONTEXT() REPRESENTATION_CONTEXT('2D SPACE',''
  ) );
#12874 = PCURVE('',#12449,#12875);
#12875 = DEFINITIONAL_REPRESENTATION('',(#12876),#12880);
#12876 = LINE('',#12877,#12878);
#12877 = CARTESIAN_POINT('',(-0.,0.));
#12878 = VECTOR('',#12879,1.);
#12879 = DIRECTION('',(-0.,-1.));
#12880 = ( GEOMETRIC_REPRESENTATION_CONTEXT(2) 
PARAMETRIC_REPRESENTATION_CONTEXT() REPRESENTATION_CONTEXT('2D SPACE',''
  ) );
#12881 = ORIENTED_EDGE('',*,*,#12732,.F.);
#12882 = ORIENTED_EDGE('',*,*,#12861,.F.);
#12883 = ADVANCED_FACE('',(#12884),#12507,.T.);
#12884 = FACE_BOUND('',#12885,.T.);
#12885 = EDGE_LOOP('',(#12886,#12887,#12908,#12909));
#12886 = ORIENTED_EDGE('',*,*,#12491,.F.);
#12887 = ORIENTED_EDGE('',*,*,#12888,.T.);
#12888 = EDGE_CURVE('',#12492,#12765,#12889,.T.);
#12889 = SURFACE_CURVE('',#12890,(#12894,#12901),.PCURVE_S1.);
#12890 = LINE('',#12891,#12892);
#12891 = CARTESIAN_POINT('',(68.,-4.5,-1.));
#12892 = VECTOR('',#12893,1.);
#12893 = DIRECTION('',(0.,0.,1.));
#12894 = PCURVE('',#12507,#12895);
#12895 = DEFINITIONAL_REPRESENTATION('',(#12896),#12900);
#12896 = LINE('',#12897,#12898);
#12897 = CARTESIAN_POINT('',(0.,0.));
#12898 = VECTOR('',#12899,1.);
#12899 = DIRECTION('',(0.,-1.));
#12900 = ( GEOMETRIC_REPRESENTATION_CONTEXT(2) 
PARAMETRIC_REPRESENTATION_CONTEXT() REPRESENTATION_CONTEXT('2D SPACE',''
  ) );
#12901 = PCURVE('',#12534,#12902);
#12902 = DEFINITIONAL_REPRESENTATION('',(#12903),#12907);
#12903 = LINE('',#12904,#12905);
#12904 = CARTESIAN_POINT('',(9.,0.));
#12905 = VECTOR('',#12906,1.);
#12906 = DIRECTION('',(0.,-1.));
#12907 = ( GEOMETRIC_REPRESENTATION_CONTEXT(2) 
PARAMETRIC_REPRESENTATION_CONTEXT() REPRESENTATION_CONTEXT('2D SPACE',''
  ) );
#12908 = ORIENTED_EDGE('',*,*,#12762,.F.);
#12909 = ORIENTED_EDGE('',*,*,#12910,.F.);
#12910 = EDGE_CURVE('',#12466,#12763,#12911,.T.);
#12911 = SURFACE_CURVE('',#12912,(#12916,#12923),.PCURVE_S1.);
#12912 = LINE('',#12913,#12914);
#12913 = CARTESIAN_POINT('',(88.,-4.5,-1.));
#12914 = VECTOR('',#12915,1.);
#12915 = DIRECTION('',(0.,0.,1.));
#12916 = PCURVE('',#12507,#12917);
#12917 = DEFINITIONAL_REPRESENTATION('',(#12918),#12922);
#12918 = LINE('',#12919,#12920);
#12919 = CARTESIAN_POINT('',(20.,0.));
#12920 = VECTOR('',#12921,1.);
#12921 = DIRECTION('',(0.,-1.));
#12922 = ( GEOMETRIC_REPRESENTATION_CONTEXT(2) 
PARAMETRIC_REPRESENTATION_CONTEXT() REPRESENTATION_CONTEXT('2D SPACE',''
  ) );
#12923 = PCURVE('',#12480,#12924);
#12924 = DEFINITIONAL_REPRESENTATION('',(#12925),#12929);
#12925 = LINE('',#12926,#12927);
#12926 = CARTESIAN_POINT('',(0.,0.));
#12927 = VECTOR('',#12928,1.);
#12928 = DIRECTION('',(0.,-1.));
#12929 = ( GEOMETRIC_REPRESENTATION_CONTEXT(2) 
PARAMETRIC_REPRESENTATION_CONTEXT() REPRESENTATION_CONTEXT('2D SPACE',''
  ) );
#12930 = ADVANCED_FACE('',(#12931),#12480,.T.);
#12931 = FACE_BOUND('',#12932,.T.);
#12932 = EDGE_LOOP('',(#12933,#12934,#12935,#12936));
#12933 = ORIENTED_EDGE('',*,*,#12463,.T.);
#12934 = ORIENTED_EDGE('',*,*,#12910,.T.);
#12935 = ORIENTED_EDGE('',*,*,#12831,.F.);
#12936 = ORIENTED_EDGE('',*,*,#12937,.F.);
#12937 = EDGE_CURVE('',#12464,#12809,#12938,.T.);
#12938 = SURFACE_CURVE('',#12939,(#12943,#12950),.PCURVE_S1.);
#12939 = LINE('',#12940,#12941);
#12940 = CARTESIAN_POINT('',(88.,4.5,-1.));
#12941 = VECTOR('',#12942,1.);
#12942 = DIRECTION('',(0.,0.,1.));
#12943 = PCURVE('',#12480,#12944);
#12944 = DEFINITIONAL_REPRESENTATION('',(#12945),#12949);
#12945 = LINE('',#12946,#12947);
#12946 = CARTESIAN_POINT('',(9.,0.));
#12947 = VECTOR('',#12948,1.);
#12948 = DIRECTION('',(0.,-1.));
#12949 = ( GEOMETRIC_REPRESENTATION_CONTEXT(2) 
PARAMETRIC_REPRESENTATION_CONTEXT() REPRESENTATION_CONTEXT('2D SPACE',''
  ) );
#12950 = PCURVE('',#12559,#12951);
#12951 = DEFINITIONAL_REPRESENTATION('',(#12952),#12956);
#12952 = LINE('',#12953,#12954);
#12953 = CARTESIAN_POINT('',(0.,-0.));
#12954 = VECTOR('',#12955,1.);
#12955 = DIRECTION('',(0.,-1.));
#12956 = ( GEOMETRIC_REPRESENTATION_CONTEXT(2) 
PARAMETRIC_REPRESENTATION_CONTEXT() REPRESENTATION_CONTEXT('2D SPACE',''
  ) );
#12957 = ADVANCED_FACE('',(#12958),#12559,.T.);
#12958 = FACE_BOUND('',#12959,.T.);
#12959 = EDGE_LOOP('',(#12960,#12961,#12962,#12963));
#12960 = ORIENTED_EDGE('',*,*,#12545,.F.);
#12961 = ORIENTED_EDGE('',*,*,#12937,.T.);
#12962 = ORIENTED_EDGE('',*,*,#12808,.F.);
#12963 = ORIENTED_EDGE('',*,*,#12964,.F.);
#12964 = EDGE_CURVE('',#12520,#12788,#12965,.T.);
#12965 = SURFACE_CURVE('',#12966,(#12970,#12977),.PCURVE_S1.);
#12966 = LINE('',#12967,#12968);
#12967 = CARTESIAN_POINT('',(68.,4.5,-1.));
#12968 = VECTOR('',#12969,1.);
#12969 = DIRECTION('',(0.,0.,1.));
#12970 = PCURVE('',#12559,#12971);
#12971 = DEFINITIONAL_REPRESENTATION('',(#12972),#12976);
#12972 = LINE('',#12973,#12974);
#12973 = CARTESIAN_POINT('',(20.,0.));
#12974 = VECTOR('',#12975,1.);
#12975 = DIRECTION('',(0.,-1.));
#12976 = ( GEOMETRIC_REPRESENTATION_CONTEXT(2) 
PARAMETRIC_REPRESENTATION_CONTEXT() REPRESENTATION_CONTEXT('2D SPACE',''
  ) );
#12977 = PCURVE('',#12534,#12978);
#12978 = DEFINITIONAL_REPRESENTATION('',(#12979),#12983);
#12979 = LINE('',#12980,#12981);
#12980 = CARTESIAN_POINT('',(0.,0.));
#12981 = VECTOR('',#12982,1.);
#12982 = DIRECTION('',(0.,-1.));
#12983 = ( GEOMETRIC_REPRESENTATION_CONTEXT(2) 
PARAMETRIC_REPRESENTATION_CONTEXT() REPRESENTATION_CONTEXT('2D SPACE',''
  ) );
#12984 = ADVANCED_FACE('',(#12985),#12534,.T.);
#12985 = FACE_BOUND('',#12986,.T.);
#12986 = EDGE_LOOP('',(#12987,#12988,#12989,#12990));
#12987 = ORIENTED_EDGE('',*,*,#12519,.T.);
#12988 = ORIENTED_EDGE('',*,*,#12964,.T.);
#12989 = ORIENTED_EDGE('',*,*,#12787,.F.);
#12990 = ORIENTED_EDGE('',*,*,#12888,.F.);
#12991 = ADVANCED_FACE('',(#12992),#12621,.F.);
#12992 = FACE_BOUND('',#12993,.T.);
#12993 = EDGE_LOOP('',(#12994,#13023,#13044,#13045));
#12994 = ORIENTED_EDGE('',*,*,#12995,.F.);
#12995 = EDGE_CURVE('',#12996,#12996,#12998,.T.);
#12996 = VERTEX_POINT('',#12997);
#12997 = CARTESIAN_POINT('',(-1.,34.5,25.));
#12998 = SURFACE_CURVE('',#12999,(#13004,#13011),.PCURVE_S1.);
#12999 = CIRCLE('',#13000,4.5);
#13000 = AXIS2_PLACEMENT_3D('',#13001,#13002,#13003);
#13001 = CARTESIAN_POINT('',(-1.,30.,25.));
#13002 = DIRECTION('',(1.,0.,0.));
#13003 = DIRECTION('',(0.,1.,0.));
#13004 = PCURVE('',#12621,#13005);
#13005 = DEFINITIONAL_REPRESENTATION('',(#13006),#13010);
#13006 = LINE('',#13007,#13008);
#13007 = CARTESIAN_POINT('',(-0.,0.));
#13008 = VECTOR('',#13009,1.);
#13009 = DIRECTION('',(-1.,0.));
#13010 = ( GEOMETRIC_REPRESENTATION_CONTEXT(2) 
PARAMETRIC_REPRESENTATION_CONTEXT() REPRESENTATION_CONTEXT('2D SPACE',''
  ) );
#13011 = PCURVE('',#13012,#13017);
#13012 = PLANE('',#13013);
#13013 = AXIS2_PLACEMENT_3D('',#13014,#13015,#13016);
#13014 = CARTESIAN_POINT('',(-1.,30.,25.));
#13015 = DIRECTION('',(1.,0.,0.));
#13016 = DIRECTION('',(-0.,0.,1.));
#13017 = DEFINITIONAL_REPRESENTATION('',(#13018),#13022);
#13018 = CIRCLE('',#13019,4.5);
#13019 = AXIS2_PLACEMENT_2D('',#13020,#13021);
#13020 = CARTESIAN_POINT('',(-3.552713678801E-15,3.552713678801E-15));
#13021 = DIRECTION('',(0.,-1.));
#13022 = ( GEOMETRIC_REPRESENTATION_CONTEXT(2) 
PARAMETRIC_REPRESENTATION_CONTEXT() REPRESENTATION_CONTEXT('2D SPACE',''
  ) );
#13023 = ORIENTED_EDGE('',*,*,#13024,.T.);
#13024 = EDGE_CURVE('',#12996,#12601,#13025,.T.);
#13025 = SEAM_CURVE('',#13026,(#13030,#13037),.PCURVE_S1.);
#13026 = LINE('',#13027,#13028);
#13027 = CARTESIAN_POINT('',(-1.,34.5,25.));
#13028 = VECTOR('',#13029,1.);
#13029 = DIRECTION('',(1.,0.,0.));
#13030 = PCURVE('',#12621,#13031);
#13031 = DEFINITIONAL_REPRESENTATION('',(#13032),#13036);
#13032 = LINE('',#13033,#13034);
#13033 = CARTESIAN_POINT('',(-6.28318530718,0.));
#13034 = VECTOR('',#13035,1.);
#13035 = DIRECTION('',(-0.,-1.));
#13036 = ( GEOMETRIC_REPRESENTATION_CONTEXT(2) 
PARAMETRIC_REPRESENTATION_CONTEXT() REPRESENTATION_CONTEXT('2D SPACE',''
  ) );
#13037 = PCURVE('',#12621,#13038);
#13038 = DEFINITIONAL_REPRESENTATION('',(#13039),#13043);
#13039 = LINE('',#13040,#13041);
#13040 = CARTESIAN_POINT('',(-0.,0.));
#13041 = VECTOR('',#13042,1.);
#13042 = DIRECTION('',(-0.,-1.));
#13043 = ( GEOMETRIC_REPRESENTATION_CONTEXT(2) 
PARAMETRIC_REPRESENTATION_CONTEXT() REPRESENTATION_CONTEXT('2D SPACE',''
  ) );
#13044 = ORIENTED_EDGE('',*,*,#12600,.F.);
#13045 = ORIENTED_EDGE('',*,*,#13024,.F.);
#13046 = ADVANCED_FACE('',(#13047),#12656,.F.);
#13047 = FACE_BOUND('',#13048,.T.);
#13048 = EDGE_LOOP('',(#13049,#13078,#13099,#13100));
#13049 = ORIENTED_EDGE('',*,*,#13050,.F.);
#13050 = EDGE_CURVE('',#13051,#13051,#13053,.T.);
#13051 = VERTEX_POINT('',#13052);
#13052 = CARTESIAN_POINT('',(-1.,4.5,25.));
#13053 = SURFACE_CURVE('',#13054,(#13059,#13066),.PCURVE_S1.);
#13054 = CIRCLE('',#13055,4.5);
#13055 = AXIS2_PLACEMENT_3D('',#13056,#13057,#13058);
#13056 = CARTESIAN_POINT('',(-1.,0.,25.));
#13057 = DIRECTION('',(1.,0.,0.));
#13058 = DIRECTION('',(0.,1.,0.));
#13059 = PCURVE('',#12656,#13060);
#13060 = DEFINITIONAL_REPRESENTATION('',(#13061),#13065);
#13061 = LINE('',#13062,#13063);
#13062 = CARTESIAN_POINT('',(-0.,0.));
#13063 = VECTOR('',#13064,1.);
#13064 = DIRECTION('',(-1.,0.));
#13065 = ( GEOMETRIC_REPRESENTATION_CONTEXT(2) 
PARAMETRIC_REPRESENTATION_CONTEXT() REPRESENTATION_CONTEXT('2D SPACE',''
  ) );
#13066 = PCURVE('',#13067,#13072);
#13067 = PLANE('',#13068);
#13068 = AXIS2_PLACEMENT_3D('',#13069,#13070,#13071);
#13069 = CARTESIAN_POINT('',(-1.,-3.038755850088E-16,25.));
#13070 = DIRECTION('',(1.,0.,0.));
#13071 = DIRECTION('',(-0.,0.,1.));
#13072 = DEFINITIONAL_REPRESENTATION('',(#13073),#13077);
#13073 = CIRCLE('',#13074,4.5);
#13074 = AXIS2_PLACEMENT_2D('',#13075,#13076);
#13075 = CARTESIAN_POINT('',(3.552713678801E-15,-3.038755850088E-16));
#13076 = DIRECTION('',(0.,-1.));
#13077 = ( GEOMETRIC_REPRESENTATION_CONTEXT(2) 
PARAMETRIC_REPRESENTATION_CONTEXT() REPRESENTATION_CONTEXT('2D SPACE',''
  ) );
#13078 = ORIENTED_EDGE('',*,*,#13079,.T.);
#13079 = EDGE_CURVE('',#13051,#12636,#13080,.T.);
#13080 = SEAM_CURVE('',#13081,(#13085,#13092),.PCURVE_S1.);
#13081 = LINE('',#13082,#13083);
#13082 = CARTESIAN_POINT('',(-1.,4.5,25.));
#13083 = VECTOR('',#13084,1.);
#13084 = DIRECTION('',(1.,0.,0.));
#13085 = PCURVE('',#12656,#13086);
#13086 = DEFINITIONAL_REPRESENTATION('',(#13087),#13091);
#13087 = LINE('',#13088,#13089);
#13088 = CARTESIAN_POINT('',(-6.28318530718,0.));
#13089 = VECTOR('',#13090,1.);
#13090 = DIRECTION('',(-0.,-1.));
#13091 = ( GEOMETRIC_REPRESENTATION_CONTEXT(2) 
PARAMETRIC_REPRESENTATION_CONTEXT() REPRESENTATION_CONTEXT('2D SPACE',''
  ) );
#13092 = PCURVE('',#12656,#13093);
#13093 = DEFINITIONAL_REPRESENTATION('',(#13094),#13098);
#13094 = LINE('',#13095,#13096);
#13095 = CARTESIAN_POINT('',(-0.,0.));
#13096 = VECTOR('',#13097,1.);
#13097 = DIRECTION('',(-0.,-1.));
#13098 = ( GEOMETRIC_REPRESENTATION_CONTEXT(2) 
PARAMETRIC_REPRESENTATION_CONTEXT() REPRESENTATION_CONTEXT('2D SPACE',''
  ) );
#13099 = ORIENTED_EDGE('',*,*,#12635,.F.);
#13100 = ORIENTED_EDGE('',*,*,#13079,.F.);
#13101 = ADVANCED_FACE('',(#13102),#12691,.F.);
#13102 = FACE_BOUND('',#13103,.T.);
#13103 = EDGE_LOOP('',(#13104,#13133,#13154,#13155));
#13104 = ORIENTED_EDGE('',*,*,#13105,.F.);
#13105 = EDGE_CURVE('',#13106,#13106,#13108,.T.);
#13106 = VERTEX_POINT('',#13107);
#13107 = CARTESIAN_POINT('',(-1.,-25.5,25.));
#13108 = SURFACE_CURVE('',#13109,(#13114,#13121),.PCURVE_S1.);
#13109 = CIRCLE('',#13110,4.5);
#13110 = AXIS2_PLACEMENT_3D('',#13111,#13112,#13113);
#13111 = CARTESIAN_POINT('',(-1.,-30.,25.));
#13112 = DIRECTION('',(1.,0.,0.));
#13113 = DIRECTION('',(0.,1.,0.));
#13114 = PCURVE('',#12691,#13115);
#13115 = DEFINITIONAL_REPRESENTATION('',(#13116),#13120);
#13116 = LINE('',#13117,#13118);
#13117 = CARTESIAN_POINT('',(-0.,0.));
#13118 = VECTOR('',#13119,1.);
#13119 = DIRECTION('',(-1.,0.));
#13120 = ( GEOMETRIC_REPRESENTATION_CONTEXT(2) 
PARAMETRIC_REPRESENTATION_CONTEXT() REPRESENTATION_CONTEXT('2D SPACE',''
  ) );
#13121 = PCURVE('',#13122,#13127);
#13122 = PLANE('',#13123);
#13123 = AXIS2_PLACEMENT_3D('',#13124,#13125,#13126);
#13124 = CARTESIAN_POINT('',(-1.,-30.,25.));
#13125 = DIRECTION('',(1.,0.,0.));
#13126 = DIRECTION('',(-0.,0.,1.));
#13127 = DEFINITIONAL_REPRESENTATION('',(#13128),#13132);
#13128 = CIRCLE('',#13129,4.5);
#13129 = AXIS2_PLACEMENT_2D('',#13130,#13131);
#13130 = CARTESIAN_POINT('',(-3.552713678801E-15,0.));
#13131 = DIRECTION('',(0.,-1.));
#13132 = ( GEOMETRIC_REPRESENTATION_CONTEXT(2) 
PARAMETRIC_REPRESENTATION_CONTEXT() REPRESENTATION_CONTEXT('2D SPACE',''
  ) );
#13133 = ORIENTED_EDGE('',*,*,#13134,.T.);
#13134 = EDGE_CURVE('',#13106,#12671,#13135,.T.);
#13135 = SEAM_CURVE('',#13136,(#13140,#13147),.PCURVE_S1.);
#13136 = LINE('',#13137,#13138);
#13137 = CARTESIAN_POINT('',(-1.,-25.5,25.));
#13138 = VECTOR('',#13139,1.);
#13139 = DIRECTION('',(1.,0.,0.));
#13140 = PCURVE('',#12691,#13141);
#13141 = DEFINITIONAL_REPRESENTATION('',(#13142),#13146);
#13142 = LINE('',#13143,#13144);
#13143 = CARTESIAN_POINT('',(-6.28318530718,0.));
#13144 = VECTOR('',#13145,1.);
#13145 = DIRECTION('',(-0.,-1.));
#13146 = ( GEOMETRIC_REPRESENTATION_CONTEXT(2) 
PARAMETRIC_REPRESENTATION_CONTEXT() REPRESENTATION_CONTEXT('2D SPACE',''
  ) );
#13147 = PCURVE('',#12691,#13148);
#13148 = DEFINITIONAL_REPRESENTATION('',(#13149),#13153);
#13149 = LINE('',#13150,#13151);
#13150 = CARTESIAN_POINT('',(-0.,0.));
#13151 = VECTOR('',#13152,1.);
#13152 = DIRECTION('',(-0.,-1.));
#13153 = ( GEOMETRIC_REPRESENTATION_CONTEXT(2) 
PARAMETRIC_REPRESENTATION_CONTEXT() REPRESENTATION_CONTEXT('2D SPACE',''
  ) );
#13154 = ORIENTED_EDGE('',*,*,#12670,.F.);
#13155 = ORIENTED_EDGE('',*,*,#13134,.F.);
#13156 = ADVANCED_FACE('',(#13157),#13012,.T.);
#13157 = FACE_BOUND('',#13158,.T.);
#13158 = EDGE_LOOP('',(#13159));
#13159 = ORIENTED_EDGE('',*,*,#12995,.T.);
#13160 = ADVANCED_FACE('',(#13161),#13067,.T.);
#13161 = FACE_BOUND('',#13162,.T.);
#13162 = EDGE_LOOP('',(#13163));
#13163 = ORIENTED_EDGE('',*,*,#13050,.T.);
#13164 = ADVANCED_FACE('',(#13165),#13122,.T.);
#13165 = FACE_BOUND('',#13166,.T.);
#13166 = EDGE_LOOP('',(#13167));
#13167 = ORIENTED_EDGE('',*,*,#13105,.T.);
#13168 = ( GEOMETRIC_REPRESENTATION_CONTEXT(3) 
GLOBAL_UNCERTAINTY_ASSIGNED_CONTEXT((#13172)) 
GLOBAL_UNIT_ASSIGNED_CONTEXT((#13169,#13170,#13171)) 
REPRESENTATION_CONTEXT('Context #1',
  '3D Context with UNIT and UNCERTAINTY') );
#13169 = ( LENGTH_UNIT() NAMED_UNIT(*) SI_UNIT(.MILLI.,.METRE.) );
#13170 = ( NAMED_UNIT(*) PLANE_ANGLE_UNIT() SI_UNIT($,.RADIAN.) );
#13171 = ( NAMED_UNIT(*) SI_UNIT($,.STERADIAN.) SOLID_ANGLE_UNIT() );
#13172 = UNCERTAINTY_MEASURE_WITH_UNIT(LENGTH_MEASURE(1.E-07),#13169,
  'distance_accuracy_value','confusion accuracy');
#13173 = CONTEXT_DEPENDENT_SHAPE_REPRESENTATION(#13174,#13176);
#13174 = ( REPRESENTATION_RELATIONSHIP('','',#11999,#10) 
REPRESENTATION_RELATIONSHIP_WITH_TRANSFORMATION(#13175) 
SHAPE_REPRESENTATION_RELATIONSHIP() );
#13175 = ITEM_DEFINED_TRANSFORMATION('','',#11,#83);
#13176 = PRODUCT_DEFINITION_SHAPE('Placement','Placement of an item',
  #13177);
#13177 = NEXT_ASSEMBLY_USAGE_OCCURRENCE('29','','',#5,#11994,$);
#13178 = PRODUCT_RELATED_PRODUCT_CATEGORY('part',$,(#11996));
#13179 = SHAPE_DEFINITION_REPRESENTATION(#13180,#13186);
#13180 = PRODUCT_DEFINITION_SHAPE('','',#13181);
#13181 = PRODUCT_DEFINITION('design','',#13182,#13185);
#13182 = PRODUCT_DEFINITION_FORMATION('','',#13183);
#13183 = PRODUCT('Open CASCADE STEP translator 7.8 12.19',
  'Open CASCADE STEP translator 7.8 12.19','',(#13184));
#13184 = PRODUCT_CONTEXT('',#2,'mechanical');
#13185 = PRODUCT_DEFINITION_CONTEXT('part definition',#2,'design');
#13186 = ADVANCED_BREP_SHAPE_REPRESENTATION('',(#11,#13187),#14415);
#13187 = MANIFOLD_SOLID_BREP('',#13188);
#13188 = CLOSED_SHELL('',(#13189,#13415,#13599,#13646,#13693,#13738,
    #13887,#13936,#14079,#14106,#14180,#14227,#14316,#14343,#14374,
    #14381,#14408));
#13189 = ADVANCED_FACE('',(#13190),#13204,.F.);
#13190 = FACE_BOUND('',#13191,.F.);
#13191 = EDGE_LOOP('',(#13192,#13227,#13255,#13283,#13311,#13339,#13365,
    #13391));
#13192 = ORIENTED_EDGE('',*,*,#13193,.F.);
#13193 = EDGE_CURVE('',#13194,#13196,#13198,.T.);
#13194 = VERTEX_POINT('',#13195);
#13195 = CARTESIAN_POINT('',(-20.,-20.,0.));
#13196 = VERTEX_POINT('',#13197);
#13197 = CARTESIAN_POINT('',(-6.,-20.,0.));
#13198 = SURFACE_CURVE('',#13199,(#13203,#13215),.PCURVE_S1.);
#13199 = LINE('',#13200,#13201);
#13200 = CARTESIAN_POINT('',(-20.,-20.,0.));
#13201 = VECTOR('',#13202,1.);
#13202 = DIRECTION('',(1.,0.,0.));
#13203 = PCURVE('',#13204,#13209);
#13204 = PLANE('',#13205);
#13205 = AXIS2_PLACEMENT_3D('',#13206,#13207,#13208);
#13206 = CARTESIAN_POINT('',(-20.,-20.,0.));
#13207 = DIRECTION('',(0.,1.,0.));
#13208 = DIRECTION('',(1.,0.,0.));
#13209 = DEFINITIONAL_REPRESENTATION('',(#13210),#13214);
#13210 = LINE('',#13211,#13212);
#13211 = CARTESIAN_POINT('',(0.,0.));
#13212 = VECTOR('',#13213,1.);
#13213 = DIRECTION('',(1.,0.));
#13214 = ( GEOMETRIC_REPRESENTATION_CONTEXT(2) 
PARAMETRIC_REPRESENTATION_CONTEXT() REPRESENTATION_CONTEXT('2D SPACE',''
  ) );
#13215 = PCURVE('',#13216,#13221);
#13216 = PLANE('',#13217);
#13217 = AXIS2_PLACEMENT_3D('',#13218,#13219,#13220);
#13218 = CARTESIAN_POINT('',(0.,0.,0.));
#13219 = DIRECTION('',(0.,0.,1.));
#13220 = DIRECTION('',(1.,0.,-0.));
#13221 = DEFINITIONAL_REPRESENTATION('',(#13222),#13226);
#13222 = LINE('',#13223,#13224);
#13223 = CARTESIAN_POINT('',(-20.,-20.));
#13224 = VECTOR('',#13225,1.);
#13225 = DIRECTION('',(1.,0.));
#13226 = ( GEOMETRIC_REPRESENTATION_CONTEXT(2) 
PARAMETRIC_REPRESENTATION_CONTEXT() REPRESENTATION_CONTEXT('2D SPACE',''
  ) );
#13227 = ORIENTED_EDGE('',*,*,#13228,.T.);
#13228 = EDGE_CURVE('',#13194,#13229,#13231,.T.);
#13229 = VERTEX_POINT('',#13230);
#13230 = CARTESIAN_POINT('',(-20.,-20.,2.7E+03));
#13231 = SURFACE_CURVE('',#13232,(#13236,#13243),.PCURVE_S1.);
#13232 = LINE('',#13233,#13234);
#13233 = CARTESIAN_POINT('',(-20.,-20.,0.));
#13234 = VECTOR('',#13235,1.);
#13235 = DIRECTION('',(0.,0.,1.));
#13236 = PCURVE('',#13204,#13237);
#13237 = DEFINITIONAL_REPRESENTATION('',(#13238),#13242);
#13238 = LINE('',#13239,#13240);
#13239 = CARTESIAN_POINT('',(0.,0.));
#13240 = VECTOR('',#13241,1.);
#13241 = DIRECTION('',(0.,-1.));
#13242 = ( GEOMETRIC_REPRESENTATION_CONTEXT(2) 
PARAMETRIC_REPRESENTATION_CONTEXT() REPRESENTATION_CONTEXT('2D SPACE',''
  ) );
#13243 = PCURVE('',#13244,#13249);
#13244 = PLANE('',#13245);
#13245 = AXIS2_PLACEMENT_3D('',#13246,#13247,#13248);
#13246 = CARTESIAN_POINT('',(-20.,20.,0.));
#13247 = DIRECTION('',(1.,0.,-0.));
#13248 = DIRECTION('',(0.,-1.,0.));
#13249 = DEFINITIONAL_REPRESENTATION('',(#13250),#13254);
#13250 = LINE('',#13251,#13252);
#13251 = CARTESIAN_POINT('',(40.,0.));
#13252 = VECTOR('',#13253,1.);
#13253 = DIRECTION('',(0.,-1.));
#13254 = ( GEOMETRIC_REPRESENTATION_CONTEXT(2) 
PARAMETRIC_REPRESENTATION_CONTEXT() REPRESENTATION_CONTEXT('2D SPACE',''
  ) );
#13255 = ORIENTED_EDGE('',*,*,#13256,.T.);
#13256 = EDGE_CURVE('',#13229,#13257,#13259,.T.);
#13257 = VERTEX_POINT('',#13258);
#13258 = CARTESIAN_POINT('',(20.,-20.,2.7E+03));
#13259 = SURFACE_CURVE('',#13260,(#13264,#13271),.PCURVE_S1.);
#13260 = LINE('',#13261,#13262);
#13261 = CARTESIAN_POINT('',(-20.,-20.,2.7E+03));
#13262 = VECTOR('',#13263,1.);
#13263 = DIRECTION('',(1.,0.,0.));
#13264 = PCURVE('',#13204,#13265);
#13265 = DEFINITIONAL_REPRESENTATION('',(#13266),#13270);
#13266 = LINE('',#13267,#13268);
#13267 = CARTESIAN_POINT('',(0.,-2.7E+03));
#13268 = VECTOR('',#13269,1.);
#13269 = DIRECTION('',(1.,0.));
#13270 = ( GEOMETRIC_REPRESENTATION_CONTEXT(2) 
PARAMETRIC_REPRESENTATION_CONTEXT() REPRESENTATION_CONTEXT('2D SPACE',''
  ) );
#13271 = PCURVE('',#13272,#13277);
#13272 = PLANE('',#13273);
#13273 = AXIS2_PLACEMENT_3D('',#13274,#13275,#13276);
#13274 = CARTESIAN_POINT('',(0.,0.,2.7E+03));
#13275 = DIRECTION('',(0.,0.,1.));
#13276 = DIRECTION('',(1.,0.,-0.));
#13277 = DEFINITIONAL_REPRESENTATION('',(#13278),#13282);
#13278 = LINE('',#13279,#13280);
#13279 = CARTESIAN_POINT('',(-20.,-20.));
#13280 = VECTOR('',#13281,1.);
#13281 = DIRECTION('',(1.,0.));
#13282 = ( GEOMETRIC_REPRESENTATION_CONTEXT(2) 
PARAMETRIC_REPRESENTATION_CONTEXT() REPRESENTATION_CONTEXT('2D SPACE',''
  ) );
#13283 = ORIENTED_EDGE('',*,*,#13284,.F.);
#13284 = EDGE_CURVE('',#13285,#13257,#13287,.T.);
#13285 = VERTEX_POINT('',#13286);
#13286 = CARTESIAN_POINT('',(20.,-20.,0.));
#13287 = SURFACE_CURVE('',#13288,(#13292,#13299),.PCURVE_S1.);
#13288 = LINE('',#13289,#13290);
#13289 = CARTESIAN_POINT('',(20.,-20.,0.));
#13290 = VECTOR('',#13291,1.);
#13291 = DIRECTION('',(0.,0.,1.));
#13292 = PCURVE('',#13204,#13293);
#13293 = DEFINITIONAL_REPRESENTATION('',(#13294),#13298);
#13294 = LINE('',#13295,#13296);
#13295 = CARTESIAN_POINT('',(40.,0.));
#13296 = VECTOR('',#13297,1.);
#13297 = DIRECTION('',(0.,-1.));
#13298 = ( GEOMETRIC_REPRESENTATION_CONTEXT(2) 
PARAMETRIC_REPRESENTATION_CONTEXT() REPRESENTATION_CONTEXT('2D SPACE',''
  ) );
#13299 = PCURVE('',#13300,#13305);
#13300 = PLANE('',#13301);
#13301 = AXIS2_PLACEMENT_3D('',#13302,#13303,#13304);
#13302 = CARTESIAN_POINT('',(20.,-20.,0.));
#13303 = DIRECTION('',(-1.,0.,0.));
#13304 = DIRECTION('',(0.,1.,0.));
#13305 = DEFINITIONAL_REPRESENTATION('',(#13306),#13310);
#13306 = LINE('',#13307,#13308);
#13307 = CARTESIAN_POINT('',(0.,0.));
#13308 = VECTOR('',#13309,1.);
#13309 = DIRECTION('',(0.,-1.));
#13310 = ( GEOMETRIC_REPRESENTATION_CONTEXT(2) 
PARAMETRIC_REPRESENTATION_CONTEXT() REPRESENTATION_CONTEXT('2D SPACE',''
  ) );
#13311 = ORIENTED_EDGE('',*,*,#13312,.F.);
#13312 = EDGE_CURVE('',#13313,#13285,#13315,.T.);
#13313 = VERTEX_POINT('',#13314);
#13314 = CARTESIAN_POINT('',(6.,-20.,0.));
#13315 = SURFACE_CURVE('',#13316,(#13320,#13327),.PCURVE_S1.);
#13316 = LINE('',#13317,#13318);
#13317 = CARTESIAN_POINT('',(-20.,-20.,0.));
#13318 = VECTOR('',#13319,1.);
#13319 = DIRECTION('',(1.,0.,0.));
#13320 = PCURVE('',#13204,#13321);
#13321 = DEFINITIONAL_REPRESENTATION('',(#13322),#13326);
#13322 = LINE('',#13323,#13324);
#13323 = CARTESIAN_POINT('',(0.,0.));
#13324 = VECTOR('',#13325,1.);
#13325 = DIRECTION('',(1.,0.));
#13326 = ( GEOMETRIC_REPRESENTATION_CONTEXT(2) 
PARAMETRIC_REPRESENTATION_CONTEXT() REPRESENTATION_CONTEXT('2D SPACE',''
  ) );
#13327 = PCURVE('',#13328,#13333);
#13328 = PLANE('',#13329);
#13329 = AXIS2_PLACEMENT_3D('',#13330,#13331,#13332);
#13330 = CARTESIAN_POINT('',(0.,0.,0.));
#13331 = DIRECTION('',(0.,0.,1.));
#13332 = DIRECTION('',(1.,0.,-0.));
#13333 = DEFINITIONAL_REPRESENTATION('',(#13334),#13338);
#13334 = LINE('',#13335,#13336);
#13335 = CARTESIAN_POINT('',(-20.,-20.));
#13336 = VECTOR('',#13337,1.);
#13337 = DIRECTION('',(1.,0.));
#13338 = ( GEOMETRIC_REPRESENTATION_CONTEXT(2) 
PARAMETRIC_REPRESENTATION_CONTEXT() REPRESENTATION_CONTEXT('2D SPACE',''
  ) );
#13339 = ORIENTED_EDGE('',*,*,#13340,.T.);
#13340 = EDGE_CURVE('',#13313,#13341,#13343,.T.);
#13341 = VERTEX_POINT('',#13342);
#13342 = CARTESIAN_POINT('',(6.,-20.,49.));
#13343 = SURFACE_CURVE('',#13344,(#13348,#13354),.PCURVE_S1.);
#13344 = LINE('',#13345,#13346);
#13345 = CARTESIAN_POINT('',(6.,-20.,-0.5));
#13346 = VECTOR('',#13347,1.);
#13347 = DIRECTION('',(0.,-0.,1.));
#13348 = PCURVE('',#13204,#13349);
#13349 = DEFINITIONAL_REPRESENTATION('',(#13350),#13353);
#13350 = B_SPLINE_CURVE_WITH_KNOTS('',1,(#13351,#13352),.UNSPECIFIED.,
  .F.,.F.,(2,2),(0.5,49.5),.PIECEWISE_BEZIER_KNOTS.);
#13351 = CARTESIAN_POINT('',(26.,0.));
#13352 = CARTESIAN_POINT('',(26.,-49.));
#13353 = ( GEOMETRIC_REPRESENTATION_CONTEXT(2) 
PARAMETRIC_REPRESENTATION_CONTEXT() REPRESENTATION_CONTEXT('2D SPACE',''
  ) );
#13354 = PCURVE('',#13355,#13360);
#13355 = PLANE('',#13356);
#13356 = AXIS2_PLACEMENT_3D('',#13357,#13358,#13359);
#13357 = CARTESIAN_POINT('',(6.,-21.,-1.));
#13358 = DIRECTION('',(-1.,0.,0.));
#13359 = DIRECTION('',(0.,1.,0.));
#13360 = DEFINITIONAL_REPRESENTATION('',(#13361),#13364);
#13361 = B_SPLINE_CURVE_WITH_KNOTS('',1,(#13362,#13363),.UNSPECIFIED.,
  .F.,.F.,(2,2),(0.5,49.5),.PIECEWISE_BEZIER_KNOTS.);
#13362 = CARTESIAN_POINT('',(1.,-1.));
#13363 = CARTESIAN_POINT('',(1.,-50.));
#13364 = ( GEOMETRIC_REPRESENTATION_CONTEXT(2) 
PARAMETRIC_REPRESENTATION_CONTEXT() REPRESENTATION_CONTEXT('2D SPACE',''
  ) );
#13365 = ORIENTED_EDGE('',*,*,#13366,.F.);
#13366 = EDGE_CURVE('',#13367,#13341,#13369,.T.);
#13367 = VERTEX_POINT('',#13368);
#13368 = CARTESIAN_POINT('',(-6.,-20.,49.));
#13369 = SURFACE_CURVE('',#13370,(#13374,#13380),.PCURVE_S1.);
#13370 = LINE('',#13371,#13372);
#13371 = CARTESIAN_POINT('',(-10.,-20.,49.));
#13372 = VECTOR('',#13373,1.);
#13373 = DIRECTION('',(1.,0.,0.));
#13374 = PCURVE('',#13204,#13375);
#13375 = DEFINITIONAL_REPRESENTATION('',(#13376),#13379);
#13376 = B_SPLINE_CURVE_WITH_KNOTS('',1,(#13377,#13378),.UNSPECIFIED.,
  .F.,.F.,(2,2),(4.,16.),.PIECEWISE_BEZIER_KNOTS.);
#13377 = CARTESIAN_POINT('',(14.,-49.));
#13378 = CARTESIAN_POINT('',(26.,-49.));
#13379 = ( GEOMETRIC_REPRESENTATION_CONTEXT(2) 
PARAMETRIC_REPRESENTATION_CONTEXT() REPRESENTATION_CONTEXT('2D SPACE',''
  ) );
#13380 = PCURVE('',#13381,#13386);
#13381 = PLANE('',#13382);
#13382 = AXIS2_PLACEMENT_3D('',#13383,#13384,#13385);
#13383 = CARTESIAN_POINT('',(0.,0.,49.));
#13384 = DIRECTION('',(0.,0.,1.));
#13385 = DIRECTION('',(1.,0.,-0.));
#13386 = DEFINITIONAL_REPRESENTATION('',(#13387),#13390);
#13387 = B_SPLINE_CURVE_WITH_KNOTS('',1,(#13388,#13389),.UNSPECIFIED.,
  .F.,.F.,(2,2),(4.,16.),.PIECEWISE_BEZIER_KNOTS.);
#13388 = CARTESIAN_POINT('',(-6.,-20.));
#13389 = CARTESIAN_POINT('',(6.,-20.));
#13390 = ( GEOMETRIC_REPRESENTATION_CONTEXT(2) 
PARAMETRIC_REPRESENTATION_CONTEXT() REPRESENTATION_CONTEXT('2D SPACE',''
  ) );
#13391 = ORIENTED_EDGE('',*,*,#13392,.T.);
#13392 = EDGE_CURVE('',#13367,#13196,#13393,.T.);
#13393 = SURFACE_CURVE('',#13394,(#13398,#13404),.PCURVE_S1.);
#13394 = LINE('',#13395,#13396);
#13395 = CARTESIAN_POINT('',(-6.,-20.,-0.5));
#13396 = VECTOR('',#13397,1.);
#13397 = DIRECTION('',(-0.,0.,-1.));
#13398 = PCURVE('',#13204,#13399);
#13399 = DEFINITIONAL_REPRESENTATION('',(#13400),#13403);
#13400 = B_SPLINE_CURVE_WITH_KNOTS('',1,(#13401,#13402),.UNSPECIFIED.,
  .F.,.F.,(2,2),(-49.5,-0.5),.PIECEWISE_BEZIER_KNOTS.);
#13401 = CARTESIAN_POINT('',(14.,-49.));
#13402 = CARTESIAN_POINT('',(14.,0.));
#13403 = ( GEOMETRIC_REPRESENTATION_CONTEXT(2) 
PARAMETRIC_REPRESENTATION_CONTEXT() REPRESENTATION_CONTEXT('2D SPACE',''
  ) );
#13404 = PCURVE('',#13405,#13410);
#13405 = PLANE('',#13406);
#13406 = AXIS2_PLACEMENT_3D('',#13407,#13408,#13409);
#13407 = CARTESIAN_POINT('',(-6.,21.,-1.));
#13408 = DIRECTION('',(1.,0.,-0.));
#13409 = DIRECTION('',(0.,-1.,0.));
#13410 = DEFINITIONAL_REPRESENTATION('',(#13411),#13414);
#13411 = B_SPLINE_CURVE_WITH_KNOTS('',1,(#13412,#13413),.UNSPECIFIED.,
  .F.,.F.,(2,2),(-49.5,-0.5),.PIECEWISE_BEZIER_KNOTS.);
#13412 = CARTESIAN_POINT('',(41.,-50.));
#13413 = CARTESIAN_POINT('',(41.,-1.));
#13414 = ( GEOMETRIC_REPRESENTATION_CONTEXT(2) 
PARAMETRIC_REPRESENTATION_CONTEXT() REPRESENTATION_CONTEXT('2D SPACE',''
  ) );
#13415 = ADVANCED_FACE('',(#13416),#13216,.F.);
#13416 = FACE_BOUND('',#13417,.F.);
#13417 = EDGE_LOOP('',(#13418,#13441,#13442,#13463,#13491,#13519,#13547,
    #13573));
#13418 = ORIENTED_EDGE('',*,*,#13419,.T.);
#13419 = EDGE_CURVE('',#13420,#13194,#13422,.T.);
#13420 = VERTEX_POINT('',#13421);
#13421 = CARTESIAN_POINT('',(-20.,20.,0.));
#13422 = SURFACE_CURVE('',#13423,(#13427,#13434),.PCURVE_S1.);
#13423 = LINE('',#13424,#13425);
#13424 = CARTESIAN_POINT('',(-20.,20.,0.));
#13425 = VECTOR('',#13426,1.);
#13426 = DIRECTION('',(0.,-1.,0.));
#13427 = PCURVE('',#13216,#13428);
#13428 = DEFINITIONAL_REPRESENTATION('',(#13429),#13433);
#13429 = LINE('',#13430,#13431);
#13430 = CARTESIAN_POINT('',(-20.,20.));
#13431 = VECTOR('',#13432,1.);
#13432 = DIRECTION('',(0.,-1.));
#13433 = ( GEOMETRIC_REPRESENTATION_CONTEXT(2) 
PARAMETRIC_REPRESENTATION_CONTEXT() REPRESENTATION_CONTEXT('2D SPACE',''
  ) );
#13434 = PCURVE('',#13244,#13435);
#13435 = DEFINITIONAL_REPRESENTATION('',(#13436),#13440);
#13436 = LINE('',#13437,#13438);
#13437 = CARTESIAN_POINT('',(0.,0.));
#13438 = VECTOR('',#13439,1.);
#13439 = DIRECTION('',(1.,0.));
#13440 = ( GEOMETRIC_REPRESENTATION_CONTEXT(2) 
PARAMETRIC_REPRESENTATION_CONTEXT() REPRESENTATION_CONTEXT('2D SPACE',''
  ) );
#13441 = ORIENTED_EDGE('',*,*,#13193,.T.);
#13442 = ORIENTED_EDGE('',*,*,#13443,.T.);
#13443 = EDGE_CURVE('',#13196,#13444,#13446,.T.);
#13444 = VERTEX_POINT('',#13445);
#13445 = CARTESIAN_POINT('',(-6.,-17.,0.));
#13446 = SURFACE_CURVE('',#13447,(#13451,#13457),.PCURVE_S1.);
#13447 = LINE('',#13448,#13449);
#13448 = CARTESIAN_POINT('',(-6.,10.5,0.));
#13449 = VECTOR('',#13450,1.);
#13450 = DIRECTION('',(-0.,1.,0.));
#13451 = PCURVE('',#13216,#13452);
#13452 = DEFINITIONAL_REPRESENTATION('',(#13453),#13456);
#13453 = B_SPLINE_CURVE_WITH_KNOTS('',1,(#13454,#13455),.UNSPECIFIED.,
  .F.,.F.,(2,2),(-30.5,9.5),.PIECEWISE_BEZIER_KNOTS.);
#13454 = CARTESIAN_POINT('',(-6.,-20.));
#13455 = CARTESIAN_POINT('',(-6.,20.));
#13456 = ( GEOMETRIC_REPRESENTATION_CONTEXT(2) 
PARAMETRIC_REPRESENTATION_CONTEXT() REPRESENTATION_CONTEXT('2D SPACE',''
  ) );
#13457 = PCURVE('',#13405,#13458);
#13458 = DEFINITIONAL_REPRESENTATION('',(#13459),#13462);
#13459 = B_SPLINE_CURVE_WITH_KNOTS('',1,(#13460,#13461),.UNSPECIFIED.,
  .F.,.F.,(2,2),(-30.5,9.5),.PIECEWISE_BEZIER_KNOTS.);
#13460 = CARTESIAN_POINT('',(41.,-1.));
#13461 = CARTESIAN_POINT('',(1.,-1.));
#13462 = ( GEOMETRIC_REPRESENTATION_CONTEXT(2) 
PARAMETRIC_REPRESENTATION_CONTEXT() REPRESENTATION_CONTEXT('2D SPACE',''
  ) );
#13463 = ORIENTED_EDGE('',*,*,#13464,.F.);
#13464 = EDGE_CURVE('',#13465,#13444,#13467,.T.);
#13465 = VERTEX_POINT('',#13466);
#13466 = CARTESIAN_POINT('',(-17.,-17.,0.));
#13467 = SURFACE_CURVE('',#13468,(#13472,#13479),.PCURVE_S1.);
#13468 = LINE('',#13469,#13470);
#13469 = CARTESIAN_POINT('',(-17.,-17.,0.));
#13470 = VECTOR('',#13471,1.);
#13471 = DIRECTION('',(1.,0.,0.));
#13472 = PCURVE('',#13216,#13473);
#13473 = DEFINITIONAL_REPRESENTATION('',(#13474),#13478);
#13474 = LINE('',#13475,#13476);
#13475 = CARTESIAN_POINT('',(-17.,-17.));
#13476 = VECTOR('',#13477,1.);
#13477 = DIRECTION('',(1.,0.));
#13478 = ( GEOMETRIC_REPRESENTATION_CONTEXT(2) 
PARAMETRIC_REPRESENTATION_CONTEXT() REPRESENTATION_CONTEXT('2D SPACE',''
  ) );
#13479 = PCURVE('',#13480,#13485);
#13480 = PLANE('',#13481);
#13481 = AXIS2_PLACEMENT_3D('',#13482,#13483,#13484);
#13482 = CARTESIAN_POINT('',(-17.,-17.,0.));
#13483 = DIRECTION('',(0.,1.,0.));
#13484 = DIRECTION('',(1.,0.,0.));
#13485 = DEFINITIONAL_REPRESENTATION('',(#13486),#13490);
#13486 = LINE('',#13487,#13488);
#13487 = CARTESIAN_POINT('',(0.,0.));
#13488 = VECTOR('',#13489,1.);
#13489 = DIRECTION('',(1.,0.));
#13490 = ( GEOMETRIC_REPRESENTATION_CONTEXT(2) 
PARAMETRIC_REPRESENTATION_CONTEXT() REPRESENTATION_CONTEXT('2D SPACE',''
  ) );
#13491 = ORIENTED_EDGE('',*,*,#13492,.F.);
#13492 = EDGE_CURVE('',#13493,#13465,#13495,.T.);
#13493 = VERTEX_POINT('',#13494);
#13494 = CARTESIAN_POINT('',(-17.,17.,0.));
#13495 = SURFACE_CURVE('',#13496,(#13500,#13507),.PCURVE_S1.);
#13496 = LINE('',#13497,#13498);
#13497 = CARTESIAN_POINT('',(-17.,17.,0.));
#13498 = VECTOR('',#13499,1.);
#13499 = DIRECTION('',(0.,-1.,0.));
#13500 = PCURVE('',#13216,#13501);
#13501 = DEFINITIONAL_REPRESENTATION('',(#13502),#13506);
#13502 = LINE('',#13503,#13504);
#13503 = CARTESIAN_POINT('',(-17.,17.));
#13504 = VECTOR('',#13505,1.);
#13505 = DIRECTION('',(0.,-1.));
#13506 = ( GEOMETRIC_REPRESENTATION_CONTEXT(2) 
PARAMETRIC_REPRESENTATION_CONTEXT() REPRESENTATION_CONTEXT('2D SPACE',''
  ) );
#13507 = PCURVE('',#13508,#13513);
#13508 = PLANE('',#13509);
#13509 = AXIS2_PLACEMENT_3D('',#13510,#13511,#13512);
#13510 = CARTESIAN_POINT('',(-17.,17.,0.));
#13511 = DIRECTION('',(1.,0.,-0.));
#13512 = DIRECTION('',(0.,-1.,0.));
#13513 = DEFINITIONAL_REPRESENTATION('',(#13514),#13518);
#13514 = LINE('',#13515,#13516);
#13515 = CARTESIAN_POINT('',(0.,0.));
#13516 = VECTOR('',#13517,1.);
#13517 = DIRECTION('',(1.,0.));
#13518 = ( GEOMETRIC_REPRESENTATION_CONTEXT(2) 
PARAMETRIC_REPRESENTATION_CONTEXT() REPRESENTATION_CONTEXT('2D SPACE',''
  ) );
#13519 = ORIENTED_EDGE('',*,*,#13520,.F.);
#13520 = EDGE_CURVE('',#13521,#13493,#13523,.T.);
#13521 = VERTEX_POINT('',#13522);
#13522 = CARTESIAN_POINT('',(-6.,17.,0.));
#13523 = SURFACE_CURVE('',#13524,(#13528,#13535),.PCURVE_S1.);
#13524 = LINE('',#13525,#13526);
#13525 = CARTESIAN_POINT('',(17.,17.,0.));
#13526 = VECTOR('',#13527,1.);
#13527 = DIRECTION('',(-1.,0.,0.));
#13528 = PCURVE('',#13216,#13529);
#13529 = DEFINITIONAL_REPRESENTATION('',(#13530),#13534);
#13530 = LINE('',#13531,#13532);
#13531 = CARTESIAN_POINT('',(17.,17.));
#13532 = VECTOR('',#13533,1.);
#13533 = DIRECTION('',(-1.,0.));
#13534 = ( GEOMETRIC_REPRESENTATION_CONTEXT(2) 
PARAMETRIC_REPRESENTATION_CONTEXT() REPRESENTATION_CONTEXT('2D SPACE',''
  ) );
#13535 = PCURVE('',#13536,#13541);
#13536 = PLANE('',#13537);
#13537 = AXIS2_PLACEMENT_3D('',#13538,#13539,#13540);
#13538 = CARTESIAN_POINT('',(17.,17.,0.));
#13539 = DIRECTION('',(0.,-1.,0.));
#13540 = DIRECTION('',(-1.,0.,0.));
#13541 = DEFINITIONAL_REPRESENTATION('',(#13542),#13546);
#13542 = LINE('',#13543,#13544);
#13543 = CARTESIAN_POINT('',(0.,-0.));
#13544 = VECTOR('',#13545,1.);
#13545 = DIRECTION('',(1.,0.));
#13546 = ( GEOMETRIC_REPRESENTATION_CONTEXT(2) 
PARAMETRIC_REPRESENTATION_CONTEXT() REPRESENTATION_CONTEXT('2D SPACE',''
  ) );
#13547 = ORIENTED_EDGE('',*,*,#13548,.T.);
#13548 = EDGE_CURVE('',#13521,#13549,#13551,.T.);
#13549 = VERTEX_POINT('',#13550);
#13550 = CARTESIAN_POINT('',(-6.,20.,0.));
#13551 = SURFACE_CURVE('',#13552,(#13556,#13562),.PCURVE_S1.);
#13552 = LINE('',#13553,#13554);
#13553 = CARTESIAN_POINT('',(-6.,10.5,0.));
#13554 = VECTOR('',#13555,1.);
#13555 = DIRECTION('',(-0.,1.,0.));
#13556 = PCURVE('',#13216,#13557);
#13557 = DEFINITIONAL_REPRESENTATION('',(#13558),#13561);
#13558 = B_SPLINE_CURVE_WITH_KNOTS('',1,(#13559,#13560),.UNSPECIFIED.,
  .F.,.F.,(2,2),(-30.5,9.5),.PIECEWISE_BEZIER_KNOTS.);
#13559 = CARTESIAN_POINT('',(-6.,-20.));
#13560 = CARTESIAN_POINT('',(-6.,20.));
#13561 = ( GEOMETRIC_REPRESENTATION_CONTEXT(2) 
PARAMETRIC_REPRESENTATION_CONTEXT() REPRESENTATION_CONTEXT('2D SPACE',''
  ) );
#13562 = PCURVE('',#13563,#13568);
#13563 = PLANE('',#13564);
#13564 = AXIS2_PLACEMENT_3D('',#13565,#13566,#13567);
#13565 = CARTESIAN_POINT('',(-6.,21.,-1.));
#13566 = DIRECTION('',(1.,0.,-0.));
#13567 = DIRECTION('',(0.,-1.,0.));
#13568 = DEFINITIONAL_REPRESENTATION('',(#13569),#13572);
#13569 = B_SPLINE_CURVE_WITH_KNOTS('',1,(#13570,#13571),.UNSPECIFIED.,
  .F.,.F.,(2,2),(-30.5,9.5),.PIECEWISE_BEZIER_KNOTS.);
#13570 = CARTESIAN_POINT('',(41.,-1.));
#13571 = CARTESIAN_POINT('',(1.,-1.));
#13572 = ( GEOMETRIC_REPRESENTATION_CONTEXT(2) 
PARAMETRIC_REPRESENTATION_CONTEXT() REPRESENTATION_CONTEXT('2D SPACE',''
  ) );
#13573 = ORIENTED_EDGE('',*,*,#13574,.T.);
#13574 = EDGE_CURVE('',#13549,#13420,#13575,.T.);
#13575 = SURFACE_CURVE('',#13576,(#13580,#13587),.PCURVE_S1.);
#13576 = LINE('',#13577,#13578);
#13577 = CARTESIAN_POINT('',(20.,20.,0.));
#13578 = VECTOR('',#13579,1.);
#13579 = DIRECTION('',(-1.,0.,0.));
#13580 = PCURVE('',#13216,#13581);
#13581 = DEFINITIONAL_REPRESENTATION('',(#13582),#13586);
#13582 = LINE('',#13583,#13584);
#13583 = CARTESIAN_POINT('',(20.,20.));
#13584 = VECTOR('',#13585,1.);
#13585 = DIRECTION('',(-1.,0.));
#13586 = ( GEOMETRIC_REPRESENTATION_CONTEXT(2) 
PARAMETRIC_REPRESENTATION_CONTEXT() REPRESENTATION_CONTEXT('2D SPACE',''
  ) );
#13587 = PCURVE('',#13588,#13593);
#13588 = PLANE('',#13589);
#13589 = AXIS2_PLACEMENT_3D('',#13590,#13591,#13592);
#13590 = CARTESIAN_POINT('',(20.,20.,0.));
#13591 = DIRECTION('',(0.,-1.,0.));
#13592 = DIRECTION('',(-1.,0.,0.));
#13593 = DEFINITIONAL_REPRESENTATION('',(#13594),#13598);
#13594 = LINE('',#13595,#13596);
#13595 = CARTESIAN_POINT('',(0.,-0.));
#13596 = VECTOR('',#13597,1.);
#13597 = DIRECTION('',(1.,0.));
#13598 = ( GEOMETRIC_REPRESENTATION_CONTEXT(2) 
PARAMETRIC_REPRESENTATION_CONTEXT() REPRESENTATION_CONTEXT('2D SPACE',''
  ) );
#13599 = ADVANCED_FACE('',(#13600),#13405,.T.);
#13600 = FACE_BOUND('',#13601,.T.);
#13601 = EDGE_LOOP('',(#13602,#13625,#13626,#13627));
#13602 = ORIENTED_EDGE('',*,*,#13603,.T.);
#13603 = EDGE_CURVE('',#13604,#13367,#13606,.T.);
#13604 = VERTEX_POINT('',#13605);
#13605 = CARTESIAN_POINT('',(-6.,-17.,49.));
#13606 = SURFACE_CURVE('',#13607,(#13611,#13618),.PCURVE_S1.);
#13607 = LINE('',#13608,#13609);
#13608 = CARTESIAN_POINT('',(-6.,21.,49.));
#13609 = VECTOR('',#13610,1.);
#13610 = DIRECTION('',(0.,-1.,0.));
#13611 = PCURVE('',#13405,#13612);
#13612 = DEFINITIONAL_REPRESENTATION('',(#13613),#13617);
#13613 = LINE('',#13614,#13615);
#13614 = CARTESIAN_POINT('',(0.,-50.));
#13615 = VECTOR('',#13616,1.);
#13616 = DIRECTION('',(1.,0.));
#13617 = ( GEOMETRIC_REPRESENTATION_CONTEXT(2) 
PARAMETRIC_REPRESENTATION_CONTEXT() REPRESENTATION_CONTEXT('2D SPACE',''
  ) );
#13618 = PCURVE('',#13381,#13619);
#13619 = DEFINITIONAL_REPRESENTATION('',(#13620),#13624);
#13620 = LINE('',#13621,#13622);
#13621 = CARTESIAN_POINT('',(-6.,21.));
#13622 = VECTOR('',#13623,1.);
#13623 = DIRECTION('',(0.,-1.));
#13624 = ( GEOMETRIC_REPRESENTATION_CONTEXT(2) 
PARAMETRIC_REPRESENTATION_CONTEXT() REPRESENTATION_CONTEXT('2D SPACE',''
  ) );
#13625 = ORIENTED_EDGE('',*,*,#13392,.T.);
#13626 = ORIENTED_EDGE('',*,*,#13443,.T.);
#13627 = ORIENTED_EDGE('',*,*,#13628,.F.);
#13628 = EDGE_CURVE('',#13604,#13444,#13629,.T.);
#13629 = SURFACE_CURVE('',#13630,(#13634,#13640),.PCURVE_S1.);
#13630 = LINE('',#13631,#13632);
#13631 = CARTESIAN_POINT('',(-6.,-17.,-0.5));
#13632 = VECTOR('',#13633,1.);
#13633 = DIRECTION('',(-0.,0.,-1.));
#13634 = PCURVE('',#13405,#13635);
#13635 = DEFINITIONAL_REPRESENTATION('',(#13636),#13639);
#13636 = B_SPLINE_CURVE_WITH_KNOTS('',1,(#13637,#13638),.UNSPECIFIED.,
  .F.,.F.,(2,2),(-49.5,-0.5),.PIECEWISE_BEZIER_KNOTS.);
#13637 = CARTESIAN_POINT('',(38.,-50.));
#13638 = CARTESIAN_POINT('',(38.,-1.));
#13639 = ( GEOMETRIC_REPRESENTATION_CONTEXT(2) 
PARAMETRIC_REPRESENTATION_CONTEXT() REPRESENTATION_CONTEXT('2D SPACE',''
  ) );
#13640 = PCURVE('',#13480,#13641);
#13641 = DEFINITIONAL_REPRESENTATION('',(#13642),#13645);
#13642 = B_SPLINE_CURVE_WITH_KNOTS('',1,(#13643,#13644),.UNSPECIFIED.,
  .F.,.F.,(2,2),(-49.5,-0.5),.PIECEWISE_BEZIER_KNOTS.);
#13643 = CARTESIAN_POINT('',(11.,-49.));
#13644 = CARTESIAN_POINT('',(11.,0.));
#13645 = ( GEOMETRIC_REPRESENTATION_CONTEXT(2) 
PARAMETRIC_REPRESENTATION_CONTEXT() REPRESENTATION_CONTEXT('2D SPACE',''
  ) );
#13646 = ADVANCED_FACE('',(#13647),#13381,.F.);
#13647 = FACE_BOUND('',#13648,.F.);
#13648 = EDGE_LOOP('',(#13649,#13650,#13651,#13674));
#13649 = ORIENTED_EDGE('',*,*,#13603,.T.);
#13650 = ORIENTED_EDGE('',*,*,#13366,.T.);
#13651 = ORIENTED_EDGE('',*,*,#13652,.T.);
#13652 = EDGE_CURVE('',#13341,#13653,#13655,.T.);
#13653 = VERTEX_POINT('',#13654);
#13654 = CARTESIAN_POINT('',(6.,-17.,49.));
#13655 = SURFACE_CURVE('',#13656,(#13660,#13667),.PCURVE_S1.);
#13656 = LINE('',#13657,#13658);
#13657 = CARTESIAN_POINT('',(6.,-21.,49.));
#13658 = VECTOR('',#13659,1.);
#13659 = DIRECTION('',(0.,1.,0.));
#13660 = PCURVE('',#13381,#13661);
#13661 = DEFINITIONAL_REPRESENTATION('',(#13662),#13666);
#13662 = LINE('',#13663,#13664);
#13663 = CARTESIAN_POINT('',(6.,-21.));
#13664 = VECTOR('',#13665,1.);
#13665 = DIRECTION('',(0.,1.));
#13666 = ( GEOMETRIC_REPRESENTATION_CONTEXT(2) 
PARAMETRIC_REPRESENTATION_CONTEXT() REPRESENTATION_CONTEXT('2D SPACE',''
  ) );
#13667 = PCURVE('',#13355,#13668);
#13668 = DEFINITIONAL_REPRESENTATION('',(#13669),#13673);
#13669 = LINE('',#13670,#13671);
#13670 = CARTESIAN_POINT('',(0.,-50.));
#13671 = VECTOR('',#13672,1.);
#13672 = DIRECTION('',(1.,0.));
#13673 = ( GEOMETRIC_REPRESENTATION_CONTEXT(2) 
PARAMETRIC_REPRESENTATION_CONTEXT() REPRESENTATION_CONTEXT('2D SPACE',''
  ) );
#13674 = ORIENTED_EDGE('',*,*,#13675,.F.);
#13675 = EDGE_CURVE('',#13604,#13653,#13676,.T.);
#13676 = SURFACE_CURVE('',#13677,(#13681,#13687),.PCURVE_S1.);
#13677 = LINE('',#13678,#13679);
#13678 = CARTESIAN_POINT('',(-8.5,-17.,49.));
#13679 = VECTOR('',#13680,1.);
#13680 = DIRECTION('',(1.,0.,0.));
#13681 = PCURVE('',#13381,#13682);
#13682 = DEFINITIONAL_REPRESENTATION('',(#13683),#13686);
#13683 = B_SPLINE_CURVE_WITH_KNOTS('',1,(#13684,#13685),.UNSPECIFIED.,
  .F.,.F.,(2,2),(2.5,14.5),.PIECEWISE_BEZIER_KNOTS.);
#13684 = CARTESIAN_POINT('',(-6.,-17.));
#13685 = CARTESIAN_POINT('',(6.,-17.));
#13686 = ( GEOMETRIC_REPRESENTATION_CONTEXT(2) 
PARAMETRIC_REPRESENTATION_CONTEXT() REPRESENTATION_CONTEXT('2D SPACE',''
  ) );
#13687 = PCURVE('',#13480,#13688);
#13688 = DEFINITIONAL_REPRESENTATION('',(#13689),#13692);
#13689 = B_SPLINE_CURVE_WITH_KNOTS('',1,(#13690,#13691),.UNSPECIFIED.,
  .F.,.F.,(2,2),(2.5,14.5),.PIECEWISE_BEZIER_KNOTS.);
#13690 = CARTESIAN_POINT('',(11.,-49.));
#13691 = CARTESIAN_POINT('',(23.,-49.));
#13692 = ( GEOMETRIC_REPRESENTATION_CONTEXT(2) 
PARAMETRIC_REPRESENTATION_CONTEXT() REPRESENTATION_CONTEXT('2D SPACE',''
  ) );
#13693 = ADVANCED_FACE('',(#13694),#13355,.T.);
#13694 = FACE_BOUND('',#13695,.T.);
#13695 = EDGE_LOOP('',(#13696,#13697,#13698,#13719));
#13696 = ORIENTED_EDGE('',*,*,#13340,.T.);
#13697 = ORIENTED_EDGE('',*,*,#13652,.T.);
#13698 = ORIENTED_EDGE('',*,*,#13699,.F.);
#13699 = EDGE_CURVE('',#13700,#13653,#13702,.T.);
#13700 = VERTEX_POINT('',#13701);
#13701 = CARTESIAN_POINT('',(6.,-17.,0.));
#13702 = SURFACE_CURVE('',#13703,(#13707,#13713),.PCURVE_S1.);
#13703 = LINE('',#13704,#13705);
#13704 = CARTESIAN_POINT('',(6.,-17.,-0.5));
#13705 = VECTOR('',#13706,1.);
#13706 = DIRECTION('',(0.,-0.,1.));
#13707 = PCURVE('',#13355,#13708);
#13708 = DEFINITIONAL_REPRESENTATION('',(#13709),#13712);
#13709 = B_SPLINE_CURVE_WITH_KNOTS('',1,(#13710,#13711),.UNSPECIFIED.,
  .F.,.F.,(2,2),(0.5,49.5),.PIECEWISE_BEZIER_KNOTS.);
#13710 = CARTESIAN_POINT('',(4.,-1.));
#13711 = CARTESIAN_POINT('',(4.,-50.));
#13712 = ( GEOMETRIC_REPRESENTATION_CONTEXT(2) 
PARAMETRIC_REPRESENTATION_CONTEXT() REPRESENTATION_CONTEXT('2D SPACE',''
  ) );
#13713 = PCURVE('',#13480,#13714);
#13714 = DEFINITIONAL_REPRESENTATION('',(#13715),#13718);
#13715 = B_SPLINE_CURVE_WITH_KNOTS('',1,(#13716,#13717),.UNSPECIFIED.,
  .F.,.F.,(2,2),(0.5,49.5),.PIECEWISE_BEZIER_KNOTS.);
#13716 = CARTESIAN_POINT('',(23.,0.));
#13717 = CARTESIAN_POINT('',(23.,-49.));
#13718 = ( GEOMETRIC_REPRESENTATION_CONTEXT(2) 
PARAMETRIC_REPRESENTATION_CONTEXT() REPRESENTATION_CONTEXT('2D SPACE',''
  ) );
#13719 = ORIENTED_EDGE('',*,*,#13720,.T.);
#13720 = EDGE_CURVE('',#13700,#13313,#13721,.T.);
#13721 = SURFACE_CURVE('',#13722,(#13726,#13732),.PCURVE_S1.);
#13722 = LINE('',#13723,#13724);
#13723 = CARTESIAN_POINT('',(6.,-10.5,0.));
#13724 = VECTOR('',#13725,1.);
#13725 = DIRECTION('',(0.,-1.,0.));
#13726 = PCURVE('',#13355,#13727);
#13727 = DEFINITIONAL_REPRESENTATION('',(#13728),#13731);
#13728 = B_SPLINE_CURVE_WITH_KNOTS('',1,(#13729,#13730),.UNSPECIFIED.,
  .F.,.F.,(2,2),(-30.5,9.5),.PIECEWISE_BEZIER_KNOTS.);
#13729 = CARTESIAN_POINT('',(41.,-1.));
#13730 = CARTESIAN_POINT('',(1.,-1.));
#13731 = ( GEOMETRIC_REPRESENTATION_CONTEXT(2) 
PARAMETRIC_REPRESENTATION_CONTEXT() REPRESENTATION_CONTEXT('2D SPACE',''
  ) );
#13732 = PCURVE('',#13328,#13733);
#13733 = DEFINITIONAL_REPRESENTATION('',(#13734),#13737);
#13734 = B_SPLINE_CURVE_WITH_KNOTS('',1,(#13735,#13736),.UNSPECIFIED.,
  .F.,.F.,(2,2),(-30.5,9.5),.PIECEWISE_BEZIER_KNOTS.);
#13735 = CARTESIAN_POINT('',(6.,20.));
#13736 = CARTESIAN_POINT('',(6.,-20.));
#13737 = ( GEOMETRIC_REPRESENTATION_CONTEXT(2) 
PARAMETRIC_REPRESENTATION_CONTEXT() REPRESENTATION_CONTEXT('2D SPACE',''
  ) );
#13738 = ADVANCED_FACE('',(#13739),#13328,.F.);
#13739 = FACE_BOUND('',#13740,.F.);
#13740 = EDGE_LOOP('',(#13741,#13742,#13743,#13766,#13789,#13815,#13838,
    #13866));
#13741 = ORIENTED_EDGE('',*,*,#13720,.T.);
#13742 = ORIENTED_EDGE('',*,*,#13312,.T.);
#13743 = ORIENTED_EDGE('',*,*,#13744,.T.);
#13744 = EDGE_CURVE('',#13285,#13745,#13747,.T.);
#13745 = VERTEX_POINT('',#13746);
#13746 = CARTESIAN_POINT('',(20.,20.,0.));
#13747 = SURFACE_CURVE('',#13748,(#13752,#13759),.PCURVE_S1.);
#13748 = LINE('',#13749,#13750);
#13749 = CARTESIAN_POINT('',(20.,-20.,0.));
#13750 = VECTOR('',#13751,1.);
#13751 = DIRECTION('',(0.,1.,0.));
#13752 = PCURVE('',#13328,#13753);
#13753 = DEFINITIONAL_REPRESENTATION('',(#13754),#13758);
#13754 = LINE('',#13755,#13756);
#13755 = CARTESIAN_POINT('',(20.,-20.));
#13756 = VECTOR('',#13757,1.);
#13757 = DIRECTION('',(0.,1.));
#13758 = ( GEOMETRIC_REPRESENTATION_CONTEXT(2) 
PARAMETRIC_REPRESENTATION_CONTEXT() REPRESENTATION_CONTEXT('2D SPACE',''
  ) );
#13759 = PCURVE('',#13300,#13760);
#13760 = DEFINITIONAL_REPRESENTATION('',(#13761),#13765);
#13761 = LINE('',#13762,#13763);
#13762 = CARTESIAN_POINT('',(0.,0.));
#13763 = VECTOR('',#13764,1.);
#13764 = DIRECTION('',(1.,0.));
#13765 = ( GEOMETRIC_REPRESENTATION_CONTEXT(2) 
PARAMETRIC_REPRESENTATION_CONTEXT() REPRESENTATION_CONTEXT('2D SPACE',''
  ) );
#13766 = ORIENTED_EDGE('',*,*,#13767,.T.);
#13767 = EDGE_CURVE('',#13745,#13768,#13770,.T.);
#13768 = VERTEX_POINT('',#13769);
#13769 = CARTESIAN_POINT('',(6.,20.,0.));
#13770 = SURFACE_CURVE('',#13771,(#13775,#13782),.PCURVE_S1.);
#13771 = LINE('',#13772,#13773);
#13772 = CARTESIAN_POINT('',(20.,20.,0.));
#13773 = VECTOR('',#13774,1.);
#13774 = DIRECTION('',(-1.,0.,0.));
#13775 = PCURVE('',#13328,#13776);
#13776 = DEFINITIONAL_REPRESENTATION('',(#13777),#13781);
#13777 = LINE('',#13778,#13779);
#13778 = CARTESIAN_POINT('',(20.,20.));
#13779 = VECTOR('',#13780,1.);
#13780 = DIRECTION('',(-1.,0.));
#13781 = ( GEOMETRIC_REPRESENTATION_CONTEXT(2) 
PARAMETRIC_REPRESENTATION_CONTEXT() REPRESENTATION_CONTEXT('2D SPACE',''
  ) );
#13782 = PCURVE('',#13588,#13783);
#13783 = DEFINITIONAL_REPRESENTATION('',(#13784),#13788);
#13784 = LINE('',#13785,#13786);
#13785 = CARTESIAN_POINT('',(0.,-0.));
#13786 = VECTOR('',#13787,1.);
#13787 = DIRECTION('',(1.,0.));
#13788 = ( GEOMETRIC_REPRESENTATION_CONTEXT(2) 
PARAMETRIC_REPRESENTATION_CONTEXT() REPRESENTATION_CONTEXT('2D SPACE',''
  ) );
#13789 = ORIENTED_EDGE('',*,*,#13790,.T.);
#13790 = EDGE_CURVE('',#13768,#13791,#13793,.T.);
#13791 = VERTEX_POINT('',#13792);
#13792 = CARTESIAN_POINT('',(6.,17.,0.));
#13793 = SURFACE_CURVE('',#13794,(#13798,#13804),.PCURVE_S1.);
#13794 = LINE('',#13795,#13796);
#13795 = CARTESIAN_POINT('',(6.,-10.5,0.));
#13796 = VECTOR('',#13797,1.);
#13797 = DIRECTION('',(0.,-1.,0.));
#13798 = PCURVE('',#13328,#13799);
#13799 = DEFINITIONAL_REPRESENTATION('',(#13800),#13803);
#13800 = B_SPLINE_CURVE_WITH_KNOTS('',1,(#13801,#13802),.UNSPECIFIED.,
  .F.,.F.,(2,2),(-30.5,9.5),.PIECEWISE_BEZIER_KNOTS.);
#13801 = CARTESIAN_POINT('',(6.,20.));
#13802 = CARTESIAN_POINT('',(6.,-20.));
#13803 = ( GEOMETRIC_REPRESENTATION_CONTEXT(2) 
PARAMETRIC_REPRESENTATION_CONTEXT() REPRESENTATION_CONTEXT('2D SPACE',''
  ) );
#13804 = PCURVE('',#13805,#13810);
#13805 = PLANE('',#13806);
#13806 = AXIS2_PLACEMENT_3D('',#13807,#13808,#13809);
#13807 = CARTESIAN_POINT('',(6.,-21.,-1.));
#13808 = DIRECTION('',(-1.,0.,0.));
#13809 = DIRECTION('',(0.,1.,0.));
#13810 = DEFINITIONAL_REPRESENTATION('',(#13811),#13814);
#13811 = B_SPLINE_CURVE_WITH_KNOTS('',1,(#13812,#13813),.UNSPECIFIED.,
  .F.,.F.,(2,2),(-30.5,9.5),.PIECEWISE_BEZIER_KNOTS.);
#13812 = CARTESIAN_POINT('',(41.,-1.));
#13813 = CARTESIAN_POINT('',(1.,-1.));
#13814 = ( GEOMETRIC_REPRESENTATION_CONTEXT(2) 
PARAMETRIC_REPRESENTATION_CONTEXT() REPRESENTATION_CONTEXT('2D SPACE',''
  ) );
#13815 = ORIENTED_EDGE('',*,*,#13816,.F.);
#13816 = EDGE_CURVE('',#13817,#13791,#13819,.T.);
#13817 = VERTEX_POINT('',#13818);
#13818 = CARTESIAN_POINT('',(17.,17.,0.));
#13819 = SURFACE_CURVE('',#13820,(#13824,#13831),.PCURVE_S1.);
#13820 = LINE('',#13821,#13822);
#13821 = CARTESIAN_POINT('',(17.,17.,0.));
#13822 = VECTOR('',#13823,1.);
#13823 = DIRECTION('',(-1.,0.,0.));
#13824 = PCURVE('',#13328,#13825);
#13825 = DEFINITIONAL_REPRESENTATION('',(#13826),#13830);
#13826 = LINE('',#13827,#13828);
#13827 = CARTESIAN_POINT('',(17.,17.));
#13828 = VECTOR('',#13829,1.);
#13829 = DIRECTION('',(-1.,0.));
#13830 = ( GEOMETRIC_REPRESENTATION_CONTEXT(2) 
PARAMETRIC_REPRESENTATION_CONTEXT() REPRESENTATION_CONTEXT('2D SPACE',''
  ) );
#13831 = PCURVE('',#13536,#13832);
#13832 = DEFINITIONAL_REPRESENTATION('',(#13833),#13837);
#13833 = LINE('',#13834,#13835);
#13834 = CARTESIAN_POINT('',(0.,-0.));
#13835 = VECTOR('',#13836,1.);
#13836 = DIRECTION('',(1.,0.));
#13837 = ( GEOMETRIC_REPRESENTATION_CONTEXT(2) 
PARAMETRIC_REPRESENTATION_CONTEXT() REPRESENTATION_CONTEXT('2D SPACE',''
  ) );
#13838 = ORIENTED_EDGE('',*,*,#13839,.F.);
#13839 = EDGE_CURVE('',#13840,#13817,#13842,.T.);
#13840 = VERTEX_POINT('',#13841);
#13841 = CARTESIAN_POINT('',(17.,-17.,0.));
#13842 = SURFACE_CURVE('',#13843,(#13847,#13854),.PCURVE_S1.);
#13843 = LINE('',#13844,#13845);
#13844 = CARTESIAN_POINT('',(17.,-17.,0.));
#13845 = VECTOR('',#13846,1.);
#13846 = DIRECTION('',(0.,1.,0.));
#13847 = PCURVE('',#13328,#13848);
#13848 = DEFINITIONAL_REPRESENTATION('',(#13849),#13853);
#13849 = LINE('',#13850,#13851);
#13850 = CARTESIAN_POINT('',(17.,-17.));
#13851 = VECTOR('',#13852,1.);
#13852 = DIRECTION('',(0.,1.));
#13853 = ( GEOMETRIC_REPRESENTATION_CONTEXT(2) 
PARAMETRIC_REPRESENTATION_CONTEXT() REPRESENTATION_CONTEXT('2D SPACE',''
  ) );
#13854 = PCURVE('',#13855,#13860);
#13855 = PLANE('',#13856);
#13856 = AXIS2_PLACEMENT_3D('',#13857,#13858,#13859);
#13857 = CARTESIAN_POINT('',(17.,-17.,0.));
#13858 = DIRECTION('',(-1.,0.,0.));
#13859 = DIRECTION('',(0.,1.,0.));
#13860 = DEFINITIONAL_REPRESENTATION('',(#13861),#13865);
#13861 = LINE('',#13862,#13863);
#13862 = CARTESIAN_POINT('',(0.,0.));
#13863 = VECTOR('',#13864,1.);
#13864 = DIRECTION('',(1.,0.));
#13865 = ( GEOMETRIC_REPRESENTATION_CONTEXT(2) 
PARAMETRIC_REPRESENTATION_CONTEXT() REPRESENTATION_CONTEXT('2D SPACE',''
  ) );
#13866 = ORIENTED_EDGE('',*,*,#13867,.F.);
#13867 = EDGE_CURVE('',#13700,#13840,#13868,.T.);
#13868 = SURFACE_CURVE('',#13869,(#13873,#13880),.PCURVE_S1.);
#13869 = LINE('',#13870,#13871);
#13870 = CARTESIAN_POINT('',(-17.,-17.,0.));
#13871 = VECTOR('',#13872,1.);
#13872 = DIRECTION('',(1.,0.,0.));
#13873 = PCURVE('',#13328,#13874);
#13874 = DEFINITIONAL_REPRESENTATION('',(#13875),#13879);
#13875 = LINE('',#13876,#13877);
#13876 = CARTESIAN_POINT('',(-17.,-17.));
#13877 = VECTOR('',#13878,1.);
#13878 = DIRECTION('',(1.,0.));
#13879 = ( GEOMETRIC_REPRESENTATION_CONTEXT(2) 
PARAMETRIC_REPRESENTATION_CONTEXT() REPRESENTATION_CONTEXT('2D SPACE',''
  ) );
#13880 = PCURVE('',#13480,#13881);
#13881 = DEFINITIONAL_REPRESENTATION('',(#13882),#13886);
#13882 = LINE('',#13883,#13884);
#13883 = CARTESIAN_POINT('',(0.,0.));
#13884 = VECTOR('',#13885,1.);
#13885 = DIRECTION('',(1.,0.));
#13886 = ( GEOMETRIC_REPRESENTATION_CONTEXT(2) 
PARAMETRIC_REPRESENTATION_CONTEXT() REPRESENTATION_CONTEXT('2D SPACE',''
  ) );
#13887 = ADVANCED_FACE('',(#13888),#13300,.F.);
#13888 = FACE_BOUND('',#13889,.F.);
#13889 = EDGE_LOOP('',(#13890,#13891,#13914,#13935));
#13890 = ORIENTED_EDGE('',*,*,#13284,.T.);
#13891 = ORIENTED_EDGE('',*,*,#13892,.T.);
#13892 = EDGE_CURVE('',#13257,#13893,#13895,.T.);
#13893 = VERTEX_POINT('',#13894);
#13894 = CARTESIAN_POINT('',(20.,20.,2.7E+03));
#13895 = SURFACE_CURVE('',#13896,(#13900,#13907),.PCURVE_S1.);
#13896 = LINE('',#13897,#13898);
#13897 = CARTESIAN_POINT('',(20.,-20.,2.7E+03));
#13898 = VECTOR('',#13899,1.);
#13899 = DIRECTION('',(0.,1.,0.));
#13900 = PCURVE('',#13300,#13901);
#13901 = DEFINITIONAL_REPRESENTATION('',(#13902),#13906);
#13902 = LINE('',#13903,#13904);
#13903 = CARTESIAN_POINT('',(0.,-2.7E+03));
#13904 = VECTOR('',#13905,1.);
#13905 = DIRECTION('',(1.,0.));
#13906 = ( GEOMETRIC_REPRESENTATION_CONTEXT(2) 
PARAMETRIC_REPRESENTATION_CONTEXT() REPRESENTATION_CONTEXT('2D SPACE',''
  ) );
#13907 = PCURVE('',#13272,#13908);
#13908 = DEFINITIONAL_REPRESENTATION('',(#13909),#13913);
#13909 = LINE('',#13910,#13911);
#13910 = CARTESIAN_POINT('',(20.,-20.));
#13911 = VECTOR('',#13912,1.);
#13912 = DIRECTION('',(0.,1.));
#13913 = ( GEOMETRIC_REPRESENTATION_CONTEXT(2) 
PARAMETRIC_REPRESENTATION_CONTEXT() REPRESENTATION_CONTEXT('2D SPACE',''
  ) );
#13914 = ORIENTED_EDGE('',*,*,#13915,.F.);
#13915 = EDGE_CURVE('',#13745,#13893,#13916,.T.);
#13916 = SURFACE_CURVE('',#13917,(#13921,#13928),.PCURVE_S1.);
#13917 = LINE('',#13918,#13919);
#13918 = CARTESIAN_POINT('',(20.,20.,0.));
#13919 = VECTOR('',#13920,1.);
#13920 = DIRECTION('',(0.,0.,1.));
#13921 = PCURVE('',#13300,#13922);
#13922 = DEFINITIONAL_REPRESENTATION('',(#13923),#13927);
#13923 = LINE('',#13924,#13925);
#13924 = CARTESIAN_POINT('',(40.,0.));
#13925 = VECTOR('',#13926,1.);
#13926 = DIRECTION('',(0.,-1.));
#13927 = ( GEOMETRIC_REPRESENTATION_CONTEXT(2) 
PARAMETRIC_REPRESENTATION_CONTEXT() REPRESENTATION_CONTEXT('2D SPACE',''
  ) );
#13928 = PCURVE('',#13588,#13929);
#13929 = DEFINITIONAL_REPRESENTATION('',(#13930),#13934);
#13930 = LINE('',#13931,#13932);
#13931 = CARTESIAN_POINT('',(0.,-0.));
#13932 = VECTOR('',#13933,1.);
#13933 = DIRECTION('',(0.,-1.));
#13934 = ( GEOMETRIC_REPRESENTATION_CONTEXT(2) 
PARAMETRIC_REPRESENTATION_CONTEXT() REPRESENTATION_CONTEXT('2D SPACE',''
  ) );
#13935 = ORIENTED_EDGE('',*,*,#13744,.F.);
#13936 = ADVANCED_FACE('',(#13937,#13985),#13272,.T.);
#13937 = FACE_BOUND('',#13938,.T.);
#13938 = EDGE_LOOP('',(#13939,#13940,#13941,#13964));
#13939 = ORIENTED_EDGE('',*,*,#13256,.T.);
#13940 = ORIENTED_EDGE('',*,*,#13892,.T.);
#13941 = ORIENTED_EDGE('',*,*,#13942,.T.);
#13942 = EDGE_CURVE('',#13893,#13943,#13945,.T.);
#13943 = VERTEX_POINT('',#13944);
#13944 = CARTESIAN_POINT('',(-20.,20.,2.7E+03));
#13945 = SURFACE_CURVE('',#13946,(#13950,#13957),.PCURVE_S1.);
#13946 = LINE('',#13947,#13948);
#13947 = CARTESIAN_POINT('',(20.,20.,2.7E+03));
#13948 = VECTOR('',#13949,1.);
#13949 = DIRECTION('',(-1.,0.,0.));
#13950 = PCURVE('',#13272,#13951);
#13951 = DEFINITIONAL_REPRESENTATION('',(#13952),#13956);
#13952 = LINE('',#13953,#13954);
#13953 = CARTESIAN_POINT('',(20.,20.));
#13954 = VECTOR('',#13955,1.);
#13955 = DIRECTION('',(-1.,0.));
#13956 = ( GEOMETRIC_REPRESENTATION_CONTEXT(2) 
PARAMETRIC_REPRESENTATION_CONTEXT() REPRESENTATION_CONTEXT('2D SPACE',''
  ) );
#13957 = PCURVE('',#13588,#13958);
#13958 = DEFINITIONAL_REPRESENTATION('',(#13959),#13963);
#13959 = LINE('',#13960,#13961);
#13960 = CARTESIAN_POINT('',(0.,-2.7E+03));
#13961 = VECTOR('',#13962,1.);
#13962 = DIRECTION('',(1.,0.));
#13963 = ( GEOMETRIC_REPRESENTATION_CONTEXT(2) 
PARAMETRIC_REPRESENTATION_CONTEXT() REPRESENTATION_CONTEXT('2D SPACE',''
  ) );
#13964 = ORIENTED_EDGE('',*,*,#13965,.T.);
#13965 = EDGE_CURVE('',#13943,#13229,#13966,.T.);
#13966 = SURFACE_CURVE('',#13967,(#13971,#13978),.PCURVE_S1.);
#13967 = LINE('',#13968,#13969);
#13968 = CARTESIAN_POINT('',(-20.,20.,2.7E+03));
#13969 = VECTOR('',#13970,1.);
#13970 = DIRECTION('',(0.,-1.,0.));
#13971 = PCURVE('',#13272,#13972);
#13972 = DEFINITIONAL_REPRESENTATION('',(#13973),#13977);
#13973 = LINE('',#13974,#13975);
#13974 = CARTESIAN_POINT('',(-20.,20.));
#13975 = VECTOR('',#13976,1.);
#13976 = DIRECTION('',(0.,-1.));
#13977 = ( GEOMETRIC_REPRESENTATION_CONTEXT(2) 
PARAMETRIC_REPRESENTATION_CONTEXT() REPRESENTATION_CONTEXT('2D SPACE',''
  ) );
#13978 = PCURVE('',#13244,#13979);
#13979 = DEFINITIONAL_REPRESENTATION('',(#13980),#13984);
#13980 = LINE('',#13981,#13982);
#13981 = CARTESIAN_POINT('',(0.,-2.7E+03));
#13982 = VECTOR('',#13983,1.);
#13983 = DIRECTION('',(1.,0.));
#13984 = ( GEOMETRIC_REPRESENTATION_CONTEXT(2) 
PARAMETRIC_REPRESENTATION_CONTEXT() REPRESENTATION_CONTEXT('2D SPACE',''
  ) );
#13985 = FACE_BOUND('',#13986,.T.);
#13986 = EDGE_LOOP('',(#13987,#14012,#14035,#14058));
#13987 = ORIENTED_EDGE('',*,*,#13988,.F.);
#13988 = EDGE_CURVE('',#13989,#13991,#13993,.T.);
#13989 = VERTEX_POINT('',#13990);
#13990 = CARTESIAN_POINT('',(-17.,-17.,2.7E+03));
#13991 = VERTEX_POINT('',#13992);
#13992 = CARTESIAN_POINT('',(17.,-17.,2.7E+03));
#13993 = SURFACE_CURVE('',#13994,(#13998,#14005),.PCURVE_S1.);
#13994 = LINE('',#13995,#13996);
#13995 = CARTESIAN_POINT('',(-17.,-17.,2.7E+03));
#13996 = VECTOR('',#13997,1.);
#13997 = DIRECTION('',(1.,0.,0.));
#13998 = PCURVE('',#13272,#13999);
#13999 = DEFINITIONAL_REPRESENTATION('',(#14000),#14004);
#14000 = LINE('',#14001,#14002);
#14001 = CARTESIAN_POINT('',(-17.,-17.));
#14002 = VECTOR('',#14003,1.);
#14003 = DIRECTION('',(1.,0.));
#14004 = ( GEOMETRIC_REPRESENTATION_CONTEXT(2) 
PARAMETRIC_REPRESENTATION_CONTEXT() REPRESENTATION_CONTEXT('2D SPACE',''
  ) );
#14005 = PCURVE('',#13480,#14006);
#14006 = DEFINITIONAL_REPRESENTATION('',(#14007),#14011);
#14007 = LINE('',#14008,#14009);
#14008 = CARTESIAN_POINT('',(0.,-2.7E+03));
#14009 = VECTOR('',#14010,1.);
#14010 = DIRECTION('',(1.,0.));
#14011 = ( GEOMETRIC_REPRESENTATION_CONTEXT(2) 
PARAMETRIC_REPRESENTATION_CONTEXT() REPRESENTATION_CONTEXT('2D SPACE',''
  ) );
#14012 = ORIENTED_EDGE('',*,*,#14013,.F.);
#14013 = EDGE_CURVE('',#14014,#13989,#14016,.T.);
#14014 = VERTEX_POINT('',#14015);
#14015 = CARTESIAN_POINT('',(-17.,17.,2.7E+03));
#14016 = SURFACE_CURVE('',#14017,(#14021,#14028),.PCURVE_S1.);
#14017 = LINE('',#14018,#14019);
#14018 = CARTESIAN_POINT('',(-17.,17.,2.7E+03));
#14019 = VECTOR('',#14020,1.);
#14020 = DIRECTION('',(0.,-1.,0.));
#14021 = PCURVE('',#13272,#14022);
#14022 = DEFINITIONAL_REPRESENTATION('',(#14023),#14027);
#14023 = LINE('',#14024,#14025);
#14024 = CARTESIAN_POINT('',(-17.,17.));
#14025 = VECTOR('',#14026,1.);
#14026 = DIRECTION('',(0.,-1.));
#14027 = ( GEOMETRIC_REPRESENTATION_CONTEXT(2) 
PARAMETRIC_REPRESENTATION_CONTEXT() REPRESENTATION_CONTEXT('2D SPACE',''
  ) );
#14028 = PCURVE('',#13508,#14029);
#14029 = DEFINITIONAL_REPRESENTATION('',(#14030),#14034);
#14030 = LINE('',#14031,#14032);
#14031 = CARTESIAN_POINT('',(0.,-2.7E+03));
#14032 = VECTOR('',#14033,1.);
#14033 = DIRECTION('',(1.,0.));
#14034 = ( GEOMETRIC_REPRESENTATION_CONTEXT(2) 
PARAMETRIC_REPRESENTATION_CONTEXT() REPRESENTATION_CONTEXT('2D SPACE',''
  ) );
#14035 = ORIENTED_EDGE('',*,*,#14036,.F.);
#14036 = EDGE_CURVE('',#14037,#14014,#14039,.T.);
#14037 = VERTEX_POINT('',#14038);
#14038 = CARTESIAN_POINT('',(17.,17.,2.7E+03));
#14039 = SURFACE_CURVE('',#14040,(#14044,#14051),.PCURVE_S1.);
#14040 = LINE('',#14041,#14042);
#14041 = CARTESIAN_POINT('',(17.,17.,2.7E+03));
#14042 = VECTOR('',#14043,1.);
#14043 = DIRECTION('',(-1.,0.,0.));
#14044 = PCURVE('',#13272,#14045);
#14045 = DEFINITIONAL_REPRESENTATION('',(#14046),#14050);
#14046 = LINE('',#14047,#14048);
#14047 = CARTESIAN_POINT('',(17.,17.));
#14048 = VECTOR('',#14049,1.);
#14049 = DIRECTION('',(-1.,0.));
#14050 = ( GEOMETRIC_REPRESENTATION_CONTEXT(2) 
PARAMETRIC_REPRESENTATION_CONTEXT() REPRESENTATION_CONTEXT('2D SPACE',''
  ) );
#14051 = PCURVE('',#13536,#14052);
#14052 = DEFINITIONAL_REPRESENTATION('',(#14053),#14057);
#14053 = LINE('',#14054,#14055);
#14054 = CARTESIAN_POINT('',(0.,-2.7E+03));
#14055 = VECTOR('',#14056,1.);
#14056 = DIRECTION('',(1.,0.));
#14057 = ( GEOMETRIC_REPRESENTATION_CONTEXT(2) 
PARAMETRIC_REPRESENTATION_CONTEXT() REPRESENTATION_CONTEXT('2D SPACE',''
  ) );
#14058 = ORIENTED_EDGE('',*,*,#14059,.F.);
#14059 = EDGE_CURVE('',#13991,#14037,#14060,.T.);
#14060 = SURFACE_CURVE('',#14061,(#14065,#14072),.PCURVE_S1.);
#14061 = LINE('',#14062,#14063);
#14062 = CARTESIAN_POINT('',(17.,-17.,2.7E+03));
#14063 = VECTOR('',#14064,1.);
#14064 = DIRECTION('',(0.,1.,0.));
#14065 = PCURVE('',#13272,#14066);
#14066 = DEFINITIONAL_REPRESENTATION('',(#14067),#14071);
#14067 = LINE('',#14068,#14069);
#14068 = CARTESIAN_POINT('',(17.,-17.));
#14069 = VECTOR('',#14070,1.);
#14070 = DIRECTION('',(0.,1.));
#14071 = ( GEOMETRIC_REPRESENTATION_CONTEXT(2) 
PARAMETRIC_REPRESENTATION_CONTEXT() REPRESENTATION_CONTEXT('2D SPACE',''
  ) );
#14072 = PCURVE('',#13855,#14073);
#14073 = DEFINITIONAL_REPRESENTATION('',(#14074),#14078);
#14074 = LINE('',#14075,#14076);
#14075 = CARTESIAN_POINT('',(0.,-2.7E+03));
#14076 = VECTOR('',#14077,1.);
#14077 = DIRECTION('',(1.,0.));
#14078 = ( GEOMETRIC_REPRESENTATION_CONTEXT(2) 
PARAMETRIC_REPRESENTATION_CONTEXT() REPRESENTATION_CONTEXT('2D SPACE',''
  ) );
#14079 = ADVANCED_FACE('',(#14080),#13244,.F.);
#14080 = FACE_BOUND('',#14081,.F.);
#14081 = EDGE_LOOP('',(#14082,#14103,#14104,#14105));
#14082 = ORIENTED_EDGE('',*,*,#14083,.T.);
#14083 = EDGE_CURVE('',#13420,#13943,#14084,.T.);
#14084 = SURFACE_CURVE('',#14085,(#14089,#14096),.PCURVE_S1.);
#14085 = LINE('',#14086,#14087);
#14086 = CARTESIAN_POINT('',(-20.,20.,0.));
#14087 = VECTOR('',#14088,1.);
#14088 = DIRECTION('',(0.,0.,1.));
#14089 = PCURVE('',#13244,#14090);
#14090 = DEFINITIONAL_REPRESENTATION('',(#14091),#14095);
#14091 = LINE('',#14092,#14093);
#14092 = CARTESIAN_POINT('',(0.,0.));
#14093 = VECTOR('',#14094,1.);
#14094 = DIRECTION('',(0.,-1.));
#14095 = ( GEOMETRIC_REPRESENTATION_CONTEXT(2) 
PARAMETRIC_REPRESENTATION_CONTEXT() REPRESENTATION_CONTEXT('2D SPACE',''
  ) );
#14096 = PCURVE('',#13588,#14097);
#14097 = DEFINITIONAL_REPRESENTATION('',(#14098),#14102);
#14098 = LINE('',#14099,#14100);
#14099 = CARTESIAN_POINT('',(40.,0.));
#14100 = VECTOR('',#14101,1.);
#14101 = DIRECTION('',(0.,-1.));
#14102 = ( GEOMETRIC_REPRESENTATION_CONTEXT(2) 
PARAMETRIC_REPRESENTATION_CONTEXT() REPRESENTATION_CONTEXT('2D SPACE',''
  ) );
#14103 = ORIENTED_EDGE('',*,*,#13965,.T.);
#14104 = ORIENTED_EDGE('',*,*,#13228,.F.);
#14105 = ORIENTED_EDGE('',*,*,#13419,.F.);
#14106 = ADVANCED_FACE('',(#14107),#13588,.F.);
#14107 = FACE_BOUND('',#14108,.F.);
#14108 = EDGE_LOOP('',(#14109,#14110,#14111,#14112,#14113,#14114,#14135,
    #14161));
#14109 = ORIENTED_EDGE('',*,*,#13767,.F.);
#14110 = ORIENTED_EDGE('',*,*,#13915,.T.);
#14111 = ORIENTED_EDGE('',*,*,#13942,.T.);
#14112 = ORIENTED_EDGE('',*,*,#14083,.F.);
#14113 = ORIENTED_EDGE('',*,*,#13574,.F.);
#14114 = ORIENTED_EDGE('',*,*,#14115,.T.);
#14115 = EDGE_CURVE('',#13549,#14116,#14118,.T.);
#14116 = VERTEX_POINT('',#14117);
#14117 = CARTESIAN_POINT('',(-6.,20.,49.));
#14118 = SURFACE_CURVE('',#14119,(#14123,#14129),.PCURVE_S1.);
#14119 = LINE('',#14120,#14121);
#14120 = CARTESIAN_POINT('',(-6.,20.,-0.5));
#14121 = VECTOR('',#14122,1.);
#14122 = DIRECTION('',(0.,0.,1.));
#14123 = PCURVE('',#13588,#14124);
#14124 = DEFINITIONAL_REPRESENTATION('',(#14125),#14128);
#14125 = B_SPLINE_CURVE_WITH_KNOTS('',1,(#14126,#14127),.UNSPECIFIED.,
  .F.,.F.,(2,2),(0.5,49.5),.PIECEWISE_BEZIER_KNOTS.);
#14126 = CARTESIAN_POINT('',(26.,0.));
#14127 = CARTESIAN_POINT('',(26.,-49.));
#14128 = ( GEOMETRIC_REPRESENTATION_CONTEXT(2) 
PARAMETRIC_REPRESENTATION_CONTEXT() REPRESENTATION_CONTEXT('2D SPACE',''
  ) );
#14129 = PCURVE('',#13563,#14130);
#14130 = DEFINITIONAL_REPRESENTATION('',(#14131),#14134);
#14131 = B_SPLINE_CURVE_WITH_KNOTS('',1,(#14132,#14133),.UNSPECIFIED.,
  .F.,.F.,(2,2),(0.5,49.5),.PIECEWISE_BEZIER_KNOTS.);
#14132 = CARTESIAN_POINT('',(1.,-1.));
#14133 = CARTESIAN_POINT('',(1.,-50.));
#14134 = ( GEOMETRIC_REPRESENTATION_CONTEXT(2) 
PARAMETRIC_REPRESENTATION_CONTEXT() REPRESENTATION_CONTEXT('2D SPACE',''
  ) );
#14135 = ORIENTED_EDGE('',*,*,#14136,.F.);
#14136 = EDGE_CURVE('',#14137,#14116,#14139,.T.);
#14137 = VERTEX_POINT('',#14138);
#14138 = CARTESIAN_POINT('',(6.,20.,49.));
#14139 = SURFACE_CURVE('',#14140,(#14144,#14150),.PCURVE_S1.);
#14140 = LINE('',#14141,#14142);
#14141 = CARTESIAN_POINT('',(10.,20.,49.));
#14142 = VECTOR('',#14143,1.);
#14143 = DIRECTION('',(-1.,0.,0.));
#14144 = PCURVE('',#13588,#14145);
#14145 = DEFINITIONAL_REPRESENTATION('',(#14146),#14149);
#14146 = B_SPLINE_CURVE_WITH_KNOTS('',1,(#14147,#14148),.UNSPECIFIED.,
  .F.,.F.,(2,2),(4.,16.),.PIECEWISE_BEZIER_KNOTS.);
#14147 = CARTESIAN_POINT('',(14.,-49.));
#14148 = CARTESIAN_POINT('',(26.,-49.));
#14149 = ( GEOMETRIC_REPRESENTATION_CONTEXT(2) 
PARAMETRIC_REPRESENTATION_CONTEXT() REPRESENTATION_CONTEXT('2D SPACE',''
  ) );
#14150 = PCURVE('',#14151,#14156);
#14151 = PLANE('',#14152);
#14152 = AXIS2_PLACEMENT_3D('',#14153,#14154,#14155);
#14153 = CARTESIAN_POINT('',(0.,0.,49.));
#14154 = DIRECTION('',(0.,0.,1.));
#14155 = DIRECTION('',(1.,0.,-0.));
#14156 = DEFINITIONAL_REPRESENTATION('',(#14157),#14160);
#14157 = B_SPLINE_CURVE_WITH_KNOTS('',1,(#14158,#14159),.UNSPECIFIED.,
  .F.,.F.,(2,2),(4.,16.),.PIECEWISE_BEZIER_KNOTS.);
#14158 = CARTESIAN_POINT('',(6.,20.));
#14159 = CARTESIAN_POINT('',(-6.,20.));
#14160 = ( GEOMETRIC_REPRESENTATION_CONTEXT(2) 
PARAMETRIC_REPRESENTATION_CONTEXT() REPRESENTATION_CONTEXT('2D SPACE',''
  ) );
#14161 = ORIENTED_EDGE('',*,*,#14162,.T.);
#14162 = EDGE_CURVE('',#14137,#13768,#14163,.T.);
#14163 = SURFACE_CURVE('',#14164,(#14168,#14174),.PCURVE_S1.);
#14164 = LINE('',#14165,#14166);
#14165 = CARTESIAN_POINT('',(6.,20.,-0.5));
#14166 = VECTOR('',#14167,1.);
#14167 = DIRECTION('',(-0.,-0.,-1.));
#14168 = PCURVE('',#13588,#14169);
#14169 = DEFINITIONAL_REPRESENTATION('',(#14170),#14173);
#14170 = B_SPLINE_CURVE_WITH_KNOTS('',1,(#14171,#14172),.UNSPECIFIED.,
  .F.,.F.,(2,2),(-49.5,-0.5),.PIECEWISE_BEZIER_KNOTS.);
#14171 = CARTESIAN_POINT('',(14.,-49.));
#14172 = CARTESIAN_POINT('',(14.,0.));
#14173 = ( GEOMETRIC_REPRESENTATION_CONTEXT(2) 
PARAMETRIC_REPRESENTATION_CONTEXT() REPRESENTATION_CONTEXT('2D SPACE',''
  ) );
#14174 = PCURVE('',#13805,#14175);
#14175 = DEFINITIONAL_REPRESENTATION('',(#14176),#14179);
#14176 = B_SPLINE_CURVE_WITH_KNOTS('',1,(#14177,#14178),.UNSPECIFIED.,
  .F.,.F.,(2,2),(-49.5,-0.5),.PIECEWISE_BEZIER_KNOTS.);
#14177 = CARTESIAN_POINT('',(41.,-50.));
#14178 = CARTESIAN_POINT('',(41.,-1.));
#14179 = ( GEOMETRIC_REPRESENTATION_CONTEXT(2) 
PARAMETRIC_REPRESENTATION_CONTEXT() REPRESENTATION_CONTEXT('2D SPACE',''
  ) );
#14180 = ADVANCED_FACE('',(#14181),#13563,.T.);
#14181 = FACE_BOUND('',#14182,.T.);
#14182 = EDGE_LOOP('',(#14183,#14184,#14207,#14226));
#14183 = ORIENTED_EDGE('',*,*,#14115,.T.);
#14184 = ORIENTED_EDGE('',*,*,#14185,.T.);
#14185 = EDGE_CURVE('',#14116,#14186,#14188,.T.);
#14186 = VERTEX_POINT('',#14187);
#14187 = CARTESIAN_POINT('',(-6.,17.,49.));
#14188 = SURFACE_CURVE('',#14189,(#14193,#14200),.PCURVE_S1.);
#14189 = LINE('',#14190,#14191);
#14190 = CARTESIAN_POINT('',(-6.,21.,49.));
#14191 = VECTOR('',#14192,1.);
#14192 = DIRECTION('',(0.,-1.,0.));
#14193 = PCURVE('',#13563,#14194);
#14194 = DEFINITIONAL_REPRESENTATION('',(#14195),#14199);
#14195 = LINE('',#14196,#14197);
#14196 = CARTESIAN_POINT('',(0.,-50.));
#14197 = VECTOR('',#14198,1.);
#14198 = DIRECTION('',(1.,0.));
#14199 = ( GEOMETRIC_REPRESENTATION_CONTEXT(2) 
PARAMETRIC_REPRESENTATION_CONTEXT() REPRESENTATION_CONTEXT('2D SPACE',''
  ) );
#14200 = PCURVE('',#14151,#14201);
#14201 = DEFINITIONAL_REPRESENTATION('',(#14202),#14206);
#14202 = LINE('',#14203,#14204);
#14203 = CARTESIAN_POINT('',(-6.,21.));
#14204 = VECTOR('',#14205,1.);
#14205 = DIRECTION('',(0.,-1.));
#14206 = ( GEOMETRIC_REPRESENTATION_CONTEXT(2) 
PARAMETRIC_REPRESENTATION_CONTEXT() REPRESENTATION_CONTEXT('2D SPACE',''
  ) );
#14207 = ORIENTED_EDGE('',*,*,#14208,.F.);
#14208 = EDGE_CURVE('',#13521,#14186,#14209,.T.);
#14209 = SURFACE_CURVE('',#14210,(#14214,#14220),.PCURVE_S1.);
#14210 = LINE('',#14211,#14212);
#14211 = CARTESIAN_POINT('',(-6.,17.,-0.5));
#14212 = VECTOR('',#14213,1.);
#14213 = DIRECTION('',(0.,0.,1.));
#14214 = PCURVE('',#13563,#14215);
#14215 = DEFINITIONAL_REPRESENTATION('',(#14216),#14219);
#14216 = B_SPLINE_CURVE_WITH_KNOTS('',1,(#14217,#14218),.UNSPECIFIED.,
  .F.,.F.,(2,2),(0.5,49.5),.PIECEWISE_BEZIER_KNOTS.);
#14217 = CARTESIAN_POINT('',(4.,-1.));
#14218 = CARTESIAN_POINT('',(4.,-50.));
#14219 = ( GEOMETRIC_REPRESENTATION_CONTEXT(2) 
PARAMETRIC_REPRESENTATION_CONTEXT() REPRESENTATION_CONTEXT('2D SPACE',''
  ) );
#14220 = PCURVE('',#13536,#14221);
#14221 = DEFINITIONAL_REPRESENTATION('',(#14222),#14225);
#14222 = B_SPLINE_CURVE_WITH_KNOTS('',1,(#14223,#14224),.UNSPECIFIED.,
  .F.,.F.,(2,2),(0.5,49.5),.PIECEWISE_BEZIER_KNOTS.);
#14223 = CARTESIAN_POINT('',(23.,0.));
#14224 = CARTESIAN_POINT('',(23.,-49.));
#14225 = ( GEOMETRIC_REPRESENTATION_CONTEXT(2) 
PARAMETRIC_REPRESENTATION_CONTEXT() REPRESENTATION_CONTEXT('2D SPACE',''
  ) );
#14226 = ORIENTED_EDGE('',*,*,#13548,.T.);
#14227 = ADVANCED_FACE('',(#14228),#13536,.T.);
#14228 = FACE_BOUND('',#14229,.T.);
#14229 = EDGE_LOOP('',(#14230,#14231,#14252,#14253,#14274,#14275,#14276,
    #14297));
#14230 = ORIENTED_EDGE('',*,*,#13816,.F.);
#14231 = ORIENTED_EDGE('',*,*,#14232,.T.);
#14232 = EDGE_CURVE('',#13817,#14037,#14233,.T.);
#14233 = SURFACE_CURVE('',#14234,(#14238,#14245),.PCURVE_S1.);
#14234 = LINE('',#14235,#14236);
#14235 = CARTESIAN_POINT('',(17.,17.,0.));
#14236 = VECTOR('',#14237,1.);
#14237 = DIRECTION('',(0.,0.,1.));
#14238 = PCURVE('',#13536,#14239);
#14239 = DEFINITIONAL_REPRESENTATION('',(#14240),#14244);
#14240 = LINE('',#14241,#14242);
#14241 = CARTESIAN_POINT('',(0.,-0.));
#14242 = VECTOR('',#14243,1.);
#14243 = DIRECTION('',(0.,-1.));
#14244 = ( GEOMETRIC_REPRESENTATION_CONTEXT(2) 
PARAMETRIC_REPRESENTATION_CONTEXT() REPRESENTATION_CONTEXT('2D SPACE',''
  ) );
#14245 = PCURVE('',#13855,#14246);
#14246 = DEFINITIONAL_REPRESENTATION('',(#14247),#14251);
#14247 = LINE('',#14248,#14249);
#14248 = CARTESIAN_POINT('',(34.,0.));
#14249 = VECTOR('',#14250,1.);
#14250 = DIRECTION('',(0.,-1.));
#14251 = ( GEOMETRIC_REPRESENTATION_CONTEXT(2) 
PARAMETRIC_REPRESENTATION_CONTEXT() REPRESENTATION_CONTEXT('2D SPACE',''
  ) );
#14252 = ORIENTED_EDGE('',*,*,#14036,.T.);
#14253 = ORIENTED_EDGE('',*,*,#14254,.F.);
#14254 = EDGE_CURVE('',#13493,#14014,#14255,.T.);
#14255 = SURFACE_CURVE('',#14256,(#14260,#14267),.PCURVE_S1.);
#14256 = LINE('',#14257,#14258);
#14257 = CARTESIAN_POINT('',(-17.,17.,0.));
#14258 = VECTOR('',#14259,1.);
#14259 = DIRECTION('',(0.,0.,1.));
#14260 = PCURVE('',#13536,#14261);
#14261 = DEFINITIONAL_REPRESENTATION('',(#14262),#14266);
#14262 = LINE('',#14263,#14264);
#14263 = CARTESIAN_POINT('',(34.,0.));
#14264 = VECTOR('',#14265,1.);
#14265 = DIRECTION('',(0.,-1.));
#14266 = ( GEOMETRIC_REPRESENTATION_CONTEXT(2) 
PARAMETRIC_REPRESENTATION_CONTEXT() REPRESENTATION_CONTEXT('2D SPACE',''
  ) );
#14267 = PCURVE('',#13508,#14268);
#14268 = DEFINITIONAL_REPRESENTATION('',(#14269),#14273);
#14269 = LINE('',#14270,#14271);
#14270 = CARTESIAN_POINT('',(0.,0.));
#14271 = VECTOR('',#14272,1.);
#14272 = DIRECTION('',(0.,-1.));
#14273 = ( GEOMETRIC_REPRESENTATION_CONTEXT(2) 
PARAMETRIC_REPRESENTATION_CONTEXT() REPRESENTATION_CONTEXT('2D SPACE',''
  ) );
#14274 = ORIENTED_EDGE('',*,*,#13520,.F.);
#14275 = ORIENTED_EDGE('',*,*,#14208,.T.);
#14276 = ORIENTED_EDGE('',*,*,#14277,.F.);
#14277 = EDGE_CURVE('',#14278,#14186,#14280,.T.);
#14278 = VERTEX_POINT('',#14279);
#14279 = CARTESIAN_POINT('',(6.,17.,49.));
#14280 = SURFACE_CURVE('',#14281,(#14285,#14291),.PCURVE_S1.);
#14281 = LINE('',#14282,#14283);
#14282 = CARTESIAN_POINT('',(8.5,17.,49.));
#14283 = VECTOR('',#14284,1.);
#14284 = DIRECTION('',(-1.,0.,0.));
#14285 = PCURVE('',#13536,#14286);
#14286 = DEFINITIONAL_REPRESENTATION('',(#14287),#14290);
#14287 = B_SPLINE_CURVE_WITH_KNOTS('',1,(#14288,#14289),.UNSPECIFIED.,
  .F.,.F.,(2,2),(2.5,14.5),.PIECEWISE_BEZIER_KNOTS.);
#14288 = CARTESIAN_POINT('',(11.,-49.));
#14289 = CARTESIAN_POINT('',(23.,-49.));
#14290 = ( GEOMETRIC_REPRESENTATION_CONTEXT(2) 
PARAMETRIC_REPRESENTATION_CONTEXT() REPRESENTATION_CONTEXT('2D SPACE',''
  ) );
#14291 = PCURVE('',#14151,#14292);
#14292 = DEFINITIONAL_REPRESENTATION('',(#14293),#14296);
#14293 = B_SPLINE_CURVE_WITH_KNOTS('',1,(#14294,#14295),.UNSPECIFIED.,
  .F.,.F.,(2,2),(2.5,14.5),.PIECEWISE_BEZIER_KNOTS.);
#14294 = CARTESIAN_POINT('',(6.,17.));
#14295 = CARTESIAN_POINT('',(-6.,17.));
#14296 = ( GEOMETRIC_REPRESENTATION_CONTEXT(2) 
PARAMETRIC_REPRESENTATION_CONTEXT() REPRESENTATION_CONTEXT('2D SPACE',''
  ) );
#14297 = ORIENTED_EDGE('',*,*,#14298,.T.);
#14298 = EDGE_CURVE('',#14278,#13791,#14299,.T.);
#14299 = SURFACE_CURVE('',#14300,(#14304,#14310),.PCURVE_S1.);
#14300 = LINE('',#14301,#14302);
#14301 = CARTESIAN_POINT('',(6.,17.,-0.5));
#14302 = VECTOR('',#14303,1.);
#14303 = DIRECTION('',(-0.,-0.,-1.));
#14304 = PCURVE('',#13536,#14305);
#14305 = DEFINITIONAL_REPRESENTATION('',(#14306),#14309);
#14306 = B_SPLINE_CURVE_WITH_KNOTS('',1,(#14307,#14308),.UNSPECIFIED.,
  .F.,.F.,(2,2),(-49.5,-0.5),.PIECEWISE_BEZIER_KNOTS.);
#14307 = CARTESIAN_POINT('',(11.,-49.));
#14308 = CARTESIAN_POINT('',(11.,0.));
#14309 = ( GEOMETRIC_REPRESENTATION_CONTEXT(2) 
PARAMETRIC_REPRESENTATION_CONTEXT() REPRESENTATION_CONTEXT('2D SPACE',''
  ) );
#14310 = PCURVE('',#13805,#14311);
#14311 = DEFINITIONAL_REPRESENTATION('',(#14312),#14315);
#14312 = B_SPLINE_CURVE_WITH_KNOTS('',1,(#14313,#14314),.UNSPECIFIED.,
  .F.,.F.,(2,2),(-49.5,-0.5),.PIECEWISE_BEZIER_KNOTS.);
#14313 = CARTESIAN_POINT('',(38.,-50.));
#14314 = CARTESIAN_POINT('',(38.,-1.));
#14315 = ( GEOMETRIC_REPRESENTATION_CONTEXT(2) 
PARAMETRIC_REPRESENTATION_CONTEXT() REPRESENTATION_CONTEXT('2D SPACE',''
  ) );
#14316 = ADVANCED_FACE('',(#14317),#13508,.T.);
#14317 = FACE_BOUND('',#14318,.T.);
#14318 = EDGE_LOOP('',(#14319,#14320,#14321,#14342));
#14319 = ORIENTED_EDGE('',*,*,#14254,.T.);
#14320 = ORIENTED_EDGE('',*,*,#14013,.T.);
#14321 = ORIENTED_EDGE('',*,*,#14322,.F.);
#14322 = EDGE_CURVE('',#13465,#13989,#14323,.T.);
#14323 = SURFACE_CURVE('',#14324,(#14328,#14335),.PCURVE_S1.);
#14324 = LINE('',#14325,#14326);
#14325 = CARTESIAN_POINT('',(-17.,-17.,0.));
#14326 = VECTOR('',#14327,1.);
#14327 = DIRECTION('',(0.,0.,1.));
#14328 = PCURVE('',#13508,#14329);
#14329 = DEFINITIONAL_REPRESENTATION('',(#14330),#14334);
#14330 = LINE('',#14331,#14332);
#14331 = CARTESIAN_POINT('',(34.,0.));
#14332 = VECTOR('',#14333,1.);
#14333 = DIRECTION('',(0.,-1.));
#14334 = ( GEOMETRIC_REPRESENTATION_CONTEXT(2) 
PARAMETRIC_REPRESENTATION_CONTEXT() REPRESENTATION_CONTEXT('2D SPACE',''
  ) );
#14335 = PCURVE('',#13480,#14336);
#14336 = DEFINITIONAL_REPRESENTATION('',(#14337),#14341);
#14337 = LINE('',#14338,#14339);
#14338 = CARTESIAN_POINT('',(0.,0.));
#14339 = VECTOR('',#14340,1.);
#14340 = DIRECTION('',(0.,-1.));
#14341 = ( GEOMETRIC_REPRESENTATION_CONTEXT(2) 
PARAMETRIC_REPRESENTATION_CONTEXT() REPRESENTATION_CONTEXT('2D SPACE',''
  ) );
#14342 = ORIENTED_EDGE('',*,*,#13492,.F.);
#14343 = ADVANCED_FACE('',(#14344),#13480,.T.);
#14344 = FACE_BOUND('',#14345,.T.);
#14345 = EDGE_LOOP('',(#14346,#14347,#14348,#14349,#14370,#14371,#14372,
    #14373));
#14346 = ORIENTED_EDGE('',*,*,#13464,.F.);
#14347 = ORIENTED_EDGE('',*,*,#14322,.T.);
#14348 = ORIENTED_EDGE('',*,*,#13988,.T.);
#14349 = ORIENTED_EDGE('',*,*,#14350,.F.);
#14350 = EDGE_CURVE('',#13840,#13991,#14351,.T.);
#14351 = SURFACE_CURVE('',#14352,(#14356,#14363),.PCURVE_S1.);
#14352 = LINE('',#14353,#14354);
#14353 = CARTESIAN_POINT('',(17.,-17.,0.));
#14354 = VECTOR('',#14355,1.);
#14355 = DIRECTION('',(0.,0.,1.));
#14356 = PCURVE('',#13480,#14357);
#14357 = DEFINITIONAL_REPRESENTATION('',(#14358),#14362);
#14358 = LINE('',#14359,#14360);
#14359 = CARTESIAN_POINT('',(34.,0.));
#14360 = VECTOR('',#14361,1.);
#14361 = DIRECTION('',(0.,-1.));
#14362 = ( GEOMETRIC_REPRESENTATION_CONTEXT(2) 
PARAMETRIC_REPRESENTATION_CONTEXT() REPRESENTATION_CONTEXT('2D SPACE',''
  ) );
#14363 = PCURVE('',#13855,#14364);
#14364 = DEFINITIONAL_REPRESENTATION('',(#14365),#14369);
#14365 = LINE('',#14366,#14367);
#14366 = CARTESIAN_POINT('',(0.,0.));
#14367 = VECTOR('',#14368,1.);
#14368 = DIRECTION('',(0.,-1.));
#14369 = ( GEOMETRIC_REPRESENTATION_CONTEXT(2) 
PARAMETRIC_REPRESENTATION_CONTEXT() REPRESENTATION_CONTEXT('2D SPACE',''
  ) );
#14370 = ORIENTED_EDGE('',*,*,#13867,.F.);
#14371 = ORIENTED_EDGE('',*,*,#13699,.T.);
#14372 = ORIENTED_EDGE('',*,*,#13675,.F.);
#14373 = ORIENTED_EDGE('',*,*,#13628,.T.);
#14374 = ADVANCED_FACE('',(#14375),#13855,.T.);
#14375 = FACE_BOUND('',#14376,.T.);
#14376 = EDGE_LOOP('',(#14377,#14378,#14379,#14380));
#14377 = ORIENTED_EDGE('',*,*,#14350,.T.);
#14378 = ORIENTED_EDGE('',*,*,#14059,.T.);
#14379 = ORIENTED_EDGE('',*,*,#14232,.F.);
#14380 = ORIENTED_EDGE('',*,*,#13839,.F.);
#14381 = ADVANCED_FACE('',(#14382),#13805,.T.);
#14382 = FACE_BOUND('',#14383,.T.);
#14383 = EDGE_LOOP('',(#14384,#14405,#14406,#14407));
#14384 = ORIENTED_EDGE('',*,*,#14385,.T.);
#14385 = EDGE_CURVE('',#14278,#14137,#14386,.T.);
#14386 = SURFACE_CURVE('',#14387,(#14391,#14398),.PCURVE_S1.);
#14387 = LINE('',#14388,#14389);
#14388 = CARTESIAN_POINT('',(6.,-21.,49.));
#14389 = VECTOR('',#14390,1.);
#14390 = DIRECTION('',(0.,1.,0.));
#14391 = PCURVE('',#13805,#14392);
#14392 = DEFINITIONAL_REPRESENTATION('',(#14393),#14397);
#14393 = LINE('',#14394,#14395);
#14394 = CARTESIAN_POINT('',(0.,-50.));
#14395 = VECTOR('',#14396,1.);
#14396 = DIRECTION('',(1.,0.));
#14397 = ( GEOMETRIC_REPRESENTATION_CONTEXT(2) 
PARAMETRIC_REPRESENTATION_CONTEXT() REPRESENTATION_CONTEXT('2D SPACE',''
  ) );
#14398 = PCURVE('',#14151,#14399);
#14399 = DEFINITIONAL_REPRESENTATION('',(#14400),#14404);
#14400 = LINE('',#14401,#14402);
#14401 = CARTESIAN_POINT('',(6.,-21.));
#14402 = VECTOR('',#14403,1.);
#14403 = DIRECTION('',(0.,1.));
#14404 = ( GEOMETRIC_REPRESENTATION_CONTEXT(2) 
PARAMETRIC_REPRESENTATION_CONTEXT() REPRESENTATION_CONTEXT('2D SPACE',''
  ) );
#14405 = ORIENTED_EDGE('',*,*,#14162,.T.);
#14406 = ORIENTED_EDGE('',*,*,#13790,.T.);
#14407 = ORIENTED_EDGE('',*,*,#14298,.F.);
#14408 = ADVANCED_FACE('',(#14409),#14151,.F.);
#14409 = FACE_BOUND('',#14410,.F.);
#14410 = EDGE_LOOP('',(#14411,#14412,#14413,#14414));
#14411 = ORIENTED_EDGE('',*,*,#14185,.T.);
#14412 = ORIENTED_EDGE('',*,*,#14277,.F.);
#14413 = ORIENTED_EDGE('',*,*,#14385,.T.);
#14414 = ORIENTED_EDGE('',*,*,#14136,.T.);
#14415 = ( GEOMETRIC_REPRESENTATION_CONTEXT(3) 
GLOBAL_UNCERTAINTY_ASSIGNED_CONTEXT((#14419)) 
GLOBAL_UNIT_ASSIGNED_CONTEXT((#14416,#14417,#14418)) 
REPRESENTATION_CONTEXT('Context #1',
  '3D Context with UNIT and UNCERTAINTY') );
#14416 = ( LENGTH_UNIT() NAMED_UNIT(*) SI_UNIT(.MILLI.,.METRE.) );
#14417 = ( NAMED_UNIT(*) PLANE_ANGLE_UNIT() SI_UNIT($,.RADIAN.) );
#14418 = ( NAMED_UNIT(*) SI_UNIT($,.STERADIAN.) SOLID_ANGLE_UNIT() );
#14419 = UNCERTAINTY_MEASURE_WITH_UNIT(LENGTH_MEASURE(1.E-07),#14416,
  'distance_accuracy_value','confusion accuracy');
#14420 = CONTEXT_DEPENDENT_SHAPE_REPRESENTATION(#14421,#14423);
#14421 = ( REPRESENTATION_RELATIONSHIP('','',#13186,#10) 
REPRESENTATION_RELATIONSHIP_WITH_TRANSFORMATION(#14422) 
SHAPE_REPRESENTATION_RELATIONSHIP() );
#14422 = ITEM_DEFINED_TRANSFORMATION('','',#11,#87);
#14423 = PRODUCT_DEFINITION_SHAPE('Placement','Placement of an item',
  #14424);
#14424 = NEXT_ASSEMBLY_USAGE_OCCURRENCE('30','','',#5,#13181,$);
#14425 = PRODUCT_RELATED_PRODUCT_CATEGORY('part',$,(#13183));
#14426 = SHAPE_DEFINITION_REPRESENTATION(#14427,#14433);
#14427 = PRODUCT_DEFINITION_SHAPE('','',#14428);
#14428 = PRODUCT_DEFINITION('design','',#14429,#14432);
#14429 = PRODUCT_DEFINITION_FORMATION('','',#14430);
#14430 = PRODUCT('Open CASCADE STEP translator 7.8 12.20',
  'Open CASCADE STEP translator 7.8 12.20','',(#14431));
#14431 = PRODUCT_CONTEXT('',#2,'mechanical');
#14432 = PRODUCT_DEFINITION_CONTEXT('part definition',#2,'design');
#14433 = ADVANCED_BREP_SHAPE_REPRESENTATION('',(#11,#14434),#15149);
#14434 = MANIFOLD_SOLID_BREP('',#14435);
#14435 = CLOSED_SHELL('',(#14436,#14529,#14638,#14831,#14929,#14978,
    #15069,#15075,#15079,#15105,#15110,#15115,#15141));
#14436 = ADVANCED_FACE('',(#14437),#14451,.F.);
#14437 = FACE_BOUND('',#14438,.F.);
#14438 = EDGE_LOOP('',(#14439,#14474,#14502));
#14439 = ORIENTED_EDGE('',*,*,#14440,.F.);
#14440 = EDGE_CURVE('',#14441,#14443,#14445,.T.);
#14441 = VERTEX_POINT('',#14442);
#14442 = CARTESIAN_POINT('',(-300.,-100.,-75.));
#14443 = VERTEX_POINT('',#14444);
#14444 = CARTESIAN_POINT('',(-300.,-100.,3.164709374039E-08));
#14445 = SURFACE_CURVE('',#14446,(#14450,#14462),.PCURVE_S1.);
#14446 = LINE('',#14447,#14448);
#14447 = CARTESIAN_POINT('',(-300.,-100.,-75.));
#14448 = VECTOR('',#14449,1.);
#14449 = DIRECTION('',(0.,0.,1.));
#14450 = PCURVE('',#14451,#14456);
#14451 = PLANE('',#14452);
#14452 = AXIS2_PLACEMENT_3D('',#14453,#14454,#14455);
#14453 = CARTESIAN_POINT('',(-300.,-100.,-75.));
#14454 = DIRECTION('',(1.,0.,0.));
#14455 = DIRECTION('',(0.,0.,1.));
#14456 = DEFINITIONAL_REPRESENTATION('',(#14457),#14461);
#14457 = LINE('',#14458,#14459);
#14458 = CARTESIAN_POINT('',(0.,0.));
#14459 = VECTOR('',#14460,1.);
#14460 = DIRECTION('',(1.,0.));
#14461 = ( GEOMETRIC_REPRESENTATION_CONTEXT(2) 
PARAMETRIC_REPRESENTATION_CONTEXT() REPRESENTATION_CONTEXT('2D SPACE',''
  ) );
#14462 = PCURVE('',#14463,#14468);
#14463 = PLANE('',#14464);
#14464 = AXIS2_PLACEMENT_3D('',#14465,#14466,#14467);
#14465 = CARTESIAN_POINT('',(-300.,-100.,-75.));
#14466 = DIRECTION('',(0.,1.,0.));
#14467 = DIRECTION('',(0.,0.,1.));
#14468 = DEFINITIONAL_REPRESENTATION('',(#14469),#14473);
#14469 = LINE('',#14470,#14471);
#14470 = CARTESIAN_POINT('',(0.,0.));
#14471 = VECTOR('',#14472,1.);
#14472 = DIRECTION('',(1.,0.));
#14473 = ( GEOMETRIC_REPRESENTATION_CONTEXT(2) 
PARAMETRIC_REPRESENTATION_CONTEXT() REPRESENTATION_CONTEXT('2D SPACE',''
  ) );
#14474 = ORIENTED_EDGE('',*,*,#14475,.T.);
#14475 = EDGE_CURVE('',#14441,#14476,#14478,.T.);
#14476 = VERTEX_POINT('',#14477);
#14477 = CARTESIAN_POINT('',(-300.,-66.14378277662,-74.99999999999));
#14478 = SURFACE_CURVE('',#14479,(#14483,#14490),.PCURVE_S1.);
#14479 = LINE('',#14480,#14481);
#14480 = CARTESIAN_POINT('',(-300.,-100.,-75.));
#14481 = VECTOR('',#14482,1.);
#14482 = DIRECTION('',(0.,1.,0.));
#14483 = PCURVE('',#14451,#14484);
#14484 = DEFINITIONAL_REPRESENTATION('',(#14485),#14489);
#14485 = LINE('',#14486,#14487);
#14486 = CARTESIAN_POINT('',(0.,0.));
#14487 = VECTOR('',#14488,1.);
#14488 = DIRECTION('',(0.,-1.));
#14489 = ( GEOMETRIC_REPRESENTATION_CONTEXT(2) 
PARAMETRIC_REPRESENTATION_CONTEXT() REPRESENTATION_CONTEXT('2D SPACE',''
  ) );
#14490 = PCURVE('',#14491,#14496);
#14491 = PLANE('',#14492);
#14492 = AXIS2_PLACEMENT_3D('',#14493,#14494,#14495);
#14493 = CARTESIAN_POINT('',(-300.,-100.,-75.));
#14494 = DIRECTION('',(0.,0.,1.));
#14495 = DIRECTION('',(1.,0.,0.));
#14496 = DEFINITIONAL_REPRESENTATION('',(#14497),#14501);
#14497 = LINE('',#14498,#14499);
#14498 = CARTESIAN_POINT('',(0.,0.));
#14499 = VECTOR('',#14500,1.);
#14500 = DIRECTION('',(0.,1.));
#14501 = ( GEOMETRIC_REPRESENTATION_CONTEXT(2) 
PARAMETRIC_REPRESENTATION_CONTEXT() REPRESENTATION_CONTEXT('2D SPACE',''
  ) );
#14502 = ORIENTED_EDGE('',*,*,#14503,.F.);
#14503 = EDGE_CURVE('',#14443,#14476,#14504,.T.);
#14504 = SURFACE_CURVE('',#14505,(#14510,#14517),.PCURVE_S1.);
#14505 = CIRCLE('',#14506,100.);
#14506 = AXIS2_PLACEMENT_3D('',#14507,#14508,#14509);
#14507 = CARTESIAN_POINT('',(-300.,0.,0.));
#14508 = DIRECTION('',(1.,0.,0.));
#14509 = DIRECTION('',(0.,1.,0.));
#14510 = PCURVE('',#14451,#14511);
#14511 = DEFINITIONAL_REPRESENTATION('',(#14512),#14516);
#14512 = CIRCLE('',#14513,100.);
#14513 = AXIS2_PLACEMENT_2D('',#14514,#14515);
#14514 = CARTESIAN_POINT('',(75.,-100.));
#14515 = DIRECTION('',(0.,-1.));
#14516 = ( GEOMETRIC_REPRESENTATION_CONTEXT(2) 
PARAMETRIC_REPRESENTATION_CONTEXT() REPRESENTATION_CONTEXT('2D SPACE',''
  ) );
#14517 = PCURVE('',#14518,#14523);
#14518 = CYLINDRICAL_SURFACE('',#14519,100.);
#14519 = AXIS2_PLACEMENT_3D('',#14520,#14521,#14522);
#14520 = CARTESIAN_POINT('',(-380.,0.,0.));
#14521 = DIRECTION('',(-1.,-0.,-0.));
#14522 = DIRECTION('',(0.,1.,0.));
#14523 = DEFINITIONAL_REPRESENTATION('',(#14524),#14528);
#14524 = LINE('',#14525,#14526);
#14525 = CARTESIAN_POINT('',(-0.,-80.));
#14526 = VECTOR('',#14527,1.);
#14527 = DIRECTION('',(-1.,0.));
#14528 = ( GEOMETRIC_REPRESENTATION_CONTEXT(2) 
PARAMETRIC_REPRESENTATION_CONTEXT() REPRESENTATION_CONTEXT('2D SPACE',''
  ) );
#14529 = ADVANCED_FACE('',(#14530),#14463,.F.);
#14530 = FACE_BOUND('',#14531,.F.);
#14531 = EDGE_LOOP('',(#14532,#14555,#14556,#14584,#14612));
#14532 = ORIENTED_EDGE('',*,*,#14533,.F.);
#14533 = EDGE_CURVE('',#14441,#14534,#14536,.T.);
#14534 = VERTEX_POINT('',#14535);
#14535 = CARTESIAN_POINT('',(300.,-100.,-75.));
#14536 = SURFACE_CURVE('',#14537,(#14541,#14548),.PCURVE_S1.);
#14537 = LINE('',#14538,#14539);
#14538 = CARTESIAN_POINT('',(-300.,-100.,-75.));
#14539 = VECTOR('',#14540,1.);
#14540 = DIRECTION('',(1.,0.,0.));
#14541 = PCURVE('',#14463,#14542);
#14542 = DEFINITIONAL_REPRESENTATION('',(#14543),#14547);
#14543 = LINE('',#14544,#14545);
#14544 = CARTESIAN_POINT('',(0.,0.));
#14545 = VECTOR('',#14546,1.);
#14546 = DIRECTION('',(0.,1.));
#14547 = ( GEOMETRIC_REPRESENTATION_CONTEXT(2) 
PARAMETRIC_REPRESENTATION_CONTEXT() REPRESENTATION_CONTEXT('2D SPACE',''
  ) );
#14548 = PCURVE('',#14491,#14549);
#14549 = DEFINITIONAL_REPRESENTATION('',(#14550),#14554);
#14550 = LINE('',#14551,#14552);
#14551 = CARTESIAN_POINT('',(0.,0.));
#14552 = VECTOR('',#14553,1.);
#14553 = DIRECTION('',(1.,0.));
#14554 = ( GEOMETRIC_REPRESENTATION_CONTEXT(2) 
PARAMETRIC_REPRESENTATION_CONTEXT() REPRESENTATION_CONTEXT('2D SPACE',''
  ) );
#14555 = ORIENTED_EDGE('',*,*,#14440,.T.);
#14556 = ORIENTED_EDGE('',*,*,#14557,.T.);
#14557 = EDGE_CURVE('',#14443,#14558,#14560,.T.);
#14558 = VERTEX_POINT('',#14559);
#14559 = CARTESIAN_POINT('',(-300.,-100.,75.));
#14560 = SURFACE_CURVE('',#14561,(#14565,#14572),.PCURVE_S1.);
#14561 = LINE('',#14562,#14563);
#14562 = CARTESIAN_POINT('',(-300.,-100.,-75.));
#14563 = VECTOR('',#14564,1.);
#14564 = DIRECTION('',(0.,0.,1.));
#14565 = PCURVE('',#14463,#14566);
#14566 = DEFINITIONAL_REPRESENTATION('',(#14567),#14571);
#14567 = LINE('',#14568,#14569);
#14568 = CARTESIAN_POINT('',(0.,0.));
#14569 = VECTOR('',#14570,1.);
#14570 = DIRECTION('',(1.,0.));
#14571 = ( GEOMETRIC_REPRESENTATION_CONTEXT(2) 
PARAMETRIC_REPRESENTATION_CONTEXT() REPRESENTATION_CONTEXT('2D SPACE',''
  ) );
#14572 = PCURVE('',#14573,#14578);
#14573 = PLANE('',#14574);
#14574 = AXIS2_PLACEMENT_3D('',#14575,#14576,#14577);
#14575 = CARTESIAN_POINT('',(-300.,-100.,-75.));
#14576 = DIRECTION('',(1.,0.,0.));
#14577 = DIRECTION('',(0.,0.,1.));
#14578 = DEFINITIONAL_REPRESENTATION('',(#14579),#14583);
#14579 = LINE('',#14580,#14581);
#14580 = CARTESIAN_POINT('',(0.,0.));
#14581 = VECTOR('',#14582,1.);
#14582 = DIRECTION('',(1.,0.));
#14583 = ( GEOMETRIC_REPRESENTATION_CONTEXT(2) 
PARAMETRIC_REPRESENTATION_CONTEXT() REPRESENTATION_CONTEXT('2D SPACE',''
  ) );
#14584 = ORIENTED_EDGE('',*,*,#14585,.T.);
#14585 = EDGE_CURVE('',#14558,#14586,#14588,.T.);
#14586 = VERTEX_POINT('',#14587);
#14587 = CARTESIAN_POINT('',(300.,-100.,75.));
#14588 = SURFACE_CURVE('',#14589,(#14593,#14600),.PCURVE_S1.);
#14589 = LINE('',#14590,#14591);
#14590 = CARTESIAN_POINT('',(-300.,-100.,75.));
#14591 = VECTOR('',#14592,1.);
#14592 = DIRECTION('',(1.,0.,0.));
#14593 = PCURVE('',#14463,#14594);
#14594 = DEFINITIONAL_REPRESENTATION('',(#14595),#14599);
#14595 = LINE('',#14596,#14597);
#14596 = CARTESIAN_POINT('',(150.,0.));
#14597 = VECTOR('',#14598,1.);
#14598 = DIRECTION('',(0.,1.));
#14599 = ( GEOMETRIC_REPRESENTATION_CONTEXT(2) 
PARAMETRIC_REPRESENTATION_CONTEXT() REPRESENTATION_CONTEXT('2D SPACE',''
  ) );
#14600 = PCURVE('',#14601,#14606);
#14601 = PLANE('',#14602);
#14602 = AXIS2_PLACEMENT_3D('',#14603,#14604,#14605);
#14603 = CARTESIAN_POINT('',(-300.,-100.,75.));
#14604 = DIRECTION('',(0.,0.,1.));
#14605 = DIRECTION('',(1.,0.,0.));
#14606 = DEFINITIONAL_REPRESENTATION('',(#14607),#14611);
#14607 = LINE('',#14608,#14609);
#14608 = CARTESIAN_POINT('',(0.,0.));
#14609 = VECTOR('',#14610,1.);
#14610 = DIRECTION('',(1.,0.));
#14611 = ( GEOMETRIC_REPRESENTATION_CONTEXT(2) 
PARAMETRIC_REPRESENTATION_CONTEXT() REPRESENTATION_CONTEXT('2D SPACE',''
  ) );
#14612 = ORIENTED_EDGE('',*,*,#14613,.F.);
#14613 = EDGE_CURVE('',#14534,#14586,#14614,.T.);
#14614 = SURFACE_CURVE('',#14615,(#14619,#14626),.PCURVE_S1.);
#14615 = LINE('',#14616,#14617);
#14616 = CARTESIAN_POINT('',(300.,-100.,-75.));
#14617 = VECTOR('',#14618,1.);
#14618 = DIRECTION('',(0.,0.,1.));
#14619 = PCURVE('',#14463,#14620);
#14620 = DEFINITIONAL_REPRESENTATION('',(#14621),#14625);
#14621 = LINE('',#14622,#14623);
#14622 = CARTESIAN_POINT('',(0.,600.));
#14623 = VECTOR('',#14624,1.);
#14624 = DIRECTION('',(1.,0.));
#14625 = ( GEOMETRIC_REPRESENTATION_CONTEXT(2) 
PARAMETRIC_REPRESENTATION_CONTEXT() REPRESENTATION_CONTEXT('2D SPACE',''
  ) );
#14626 = PCURVE('',#14627,#14632);
#14627 = PLANE('',#14628);
#14628 = AXIS2_PLACEMENT_3D('',#14629,#14630,#14631);
#14629 = CARTESIAN_POINT('',(300.,-100.,-75.));
#14630 = DIRECTION('',(1.,0.,0.));
#14631 = DIRECTION('',(0.,0.,1.));
#14632 = DEFINITIONAL_REPRESENTATION('',(#14633),#14637);
#14633 = LINE('',#14634,#14635);
#14634 = CARTESIAN_POINT('',(0.,0.));
#14635 = VECTOR('',#14636,1.);
#14636 = DIRECTION('',(1.,0.));
#14637 = ( GEOMETRIC_REPRESENTATION_CONTEXT(2) 
PARAMETRIC_REPRESENTATION_CONTEXT() REPRESENTATION_CONTEXT('2D SPACE',''
  ) );
#14638 = ADVANCED_FACE('',(#14639),#14518,.T.);
#14639 = FACE_BOUND('',#14640,.F.);
#14640 = EDGE_LOOP('',(#14641,#14670,#14693,#14722,#14751,#14773,#14774,
    #14803,#14830));
#14641 = ORIENTED_EDGE('',*,*,#14642,.F.);
#14642 = EDGE_CURVE('',#14643,#14643,#14645,.T.);
#14643 = VERTEX_POINT('',#14644);
#14644 = CARTESIAN_POINT('',(-380.,100.,0.));
#14645 = SURFACE_CURVE('',#14646,(#14651,#14658),.PCURVE_S1.);
#14646 = CIRCLE('',#14647,100.);
#14647 = AXIS2_PLACEMENT_3D('',#14648,#14649,#14650);
#14648 = CARTESIAN_POINT('',(-380.,0.,0.));
#14649 = DIRECTION('',(1.,0.,0.));
#14650 = DIRECTION('',(0.,1.,0.));
#14651 = PCURVE('',#14518,#14652);
#14652 = DEFINITIONAL_REPRESENTATION('',(#14653),#14657);
#14653 = LINE('',#14654,#14655);
#14654 = CARTESIAN_POINT('',(-0.,0.));
#14655 = VECTOR('',#14656,1.);
#14656 = DIRECTION('',(-1.,0.));
#14657 = ( GEOMETRIC_REPRESENTATION_CONTEXT(2) 
PARAMETRIC_REPRESENTATION_CONTEXT() REPRESENTATION_CONTEXT('2D SPACE',''
  ) );
#14658 = PCURVE('',#14659,#14664);
#14659 = PLANE('',#14660);
#14660 = AXIS2_PLACEMENT_3D('',#14661,#14662,#14663);
#14661 = CARTESIAN_POINT('',(-380.,-3.500646739301E-15,
    6.419784220745E-15));
#14662 = DIRECTION('',(1.,0.,0.));
#14663 = DIRECTION('',(-0.,0.,1.));
#14664 = DEFINITIONAL_REPRESENTATION('',(#14665),#14669);
#14665 = CIRCLE('',#14666,100.);
#14666 = AXIS2_PLACEMENT_2D('',#14667,#14668);
#14667 = CARTESIAN_POINT('',(-6.419784220745E-15,-3.500646739301E-15));
#14668 = DIRECTION('',(0.,-1.));
#14669 = ( GEOMETRIC_REPRESENTATION_CONTEXT(2) 
PARAMETRIC_REPRESENTATION_CONTEXT() REPRESENTATION_CONTEXT('2D SPACE',''
  ) );
#14670 = ORIENTED_EDGE('',*,*,#14671,.T.);
#14671 = EDGE_CURVE('',#14643,#14672,#14674,.T.);
#14672 = VERTEX_POINT('',#14673);
#14673 = CARTESIAN_POINT('',(-300.,100.,0.));
#14674 = SEAM_CURVE('',#14675,(#14679,#14686),.PCURVE_S1.);
#14675 = LINE('',#14676,#14677);
#14676 = CARTESIAN_POINT('',(-380.,100.,0.));
#14677 = VECTOR('',#14678,1.);
#14678 = DIRECTION('',(1.,0.,0.));
#14679 = PCURVE('',#14518,#14680);
#14680 = DEFINITIONAL_REPRESENTATION('',(#14681),#14685);
#14681 = LINE('',#14682,#14683);
#14682 = CARTESIAN_POINT('',(-6.28318530718,0.));
#14683 = VECTOR('',#14684,1.);
#14684 = DIRECTION('',(-0.,-1.));
#14685 = ( GEOMETRIC_REPRESENTATION_CONTEXT(2) 
PARAMETRIC_REPRESENTATION_CONTEXT() REPRESENTATION_CONTEXT('2D SPACE',''
  ) );
#14686 = PCURVE('',#14518,#14687);
#14687 = DEFINITIONAL_REPRESENTATION('',(#14688),#14692);
#14688 = LINE('',#14689,#14690);
#14689 = CARTESIAN_POINT('',(-0.,0.));
#14690 = VECTOR('',#14691,1.);
#14691 = DIRECTION('',(-0.,-1.));
#14692 = ( GEOMETRIC_REPRESENTATION_CONTEXT(2) 
PARAMETRIC_REPRESENTATION_CONTEXT() REPRESENTATION_CONTEXT('2D SPACE',''
  ) );
#14693 = ORIENTED_EDGE('',*,*,#14694,.T.);
#14694 = EDGE_CURVE('',#14672,#14695,#14697,.T.);
#14695 = VERTEX_POINT('',#14696);
#14696 = CARTESIAN_POINT('',(-300.,66.14378277662,74.999999999998));
#14697 = SURFACE_CURVE('',#14698,(#14703,#14710),.PCURVE_S1.);
#14698 = CIRCLE('',#14699,100.);
#14699 = AXIS2_PLACEMENT_3D('',#14700,#14701,#14702);
#14700 = CARTESIAN_POINT('',(-300.,0.,0.));
#14701 = DIRECTION('',(1.,0.,0.));
#14702 = DIRECTION('',(0.,1.,0.));
#14703 = PCURVE('',#14518,#14704);
#14704 = DEFINITIONAL_REPRESENTATION('',(#14705),#14709);
#14705 = LINE('',#14706,#14707);
#14706 = CARTESIAN_POINT('',(-0.,-80.));
#14707 = VECTOR('',#14708,1.);
#14708 = DIRECTION('',(-1.,0.));
#14709 = ( GEOMETRIC_REPRESENTATION_CONTEXT(2) 
PARAMETRIC_REPRESENTATION_CONTEXT() REPRESENTATION_CONTEXT('2D SPACE',''
  ) );
#14710 = PCURVE('',#14711,#14716);
#14711 = PLANE('',#14712);
#14712 = AXIS2_PLACEMENT_3D('',#14713,#14714,#14715);
#14713 = CARTESIAN_POINT('',(-300.,-100.,-75.));
#14714 = DIRECTION('',(1.,0.,0.));
#14715 = DIRECTION('',(0.,0.,1.));
#14716 = DEFINITIONAL_REPRESENTATION('',(#14717),#14721);
#14717 = CIRCLE('',#14718,100.);
#14718 = AXIS2_PLACEMENT_2D('',#14719,#14720);
#14719 = CARTESIAN_POINT('',(75.,-100.));
#14720 = DIRECTION('',(0.,-1.));
#14721 = ( GEOMETRIC_REPRESENTATION_CONTEXT(2) 
PARAMETRIC_REPRESENTATION_CONTEXT() REPRESENTATION_CONTEXT('2D SPACE',''
  ) );
#14722 = ORIENTED_EDGE('',*,*,#14723,.T.);
#14723 = EDGE_CURVE('',#14695,#14724,#14726,.T.);
#14724 = VERTEX_POINT('',#14725);
#14725 = CARTESIAN_POINT('',(-300.,-66.14378277662,74.999999999997));
#14726 = SURFACE_CURVE('',#14727,(#14732,#14739),.PCURVE_S1.);
#14727 = CIRCLE('',#14728,100.);
#14728 = AXIS2_PLACEMENT_3D('',#14729,#14730,#14731);
#14729 = CARTESIAN_POINT('',(-300.,0.,0.));
#14730 = DIRECTION('',(1.,0.,0.));
#14731 = DIRECTION('',(0.,1.,0.));
#14732 = PCURVE('',#14518,#14733);
#14733 = DEFINITIONAL_REPRESENTATION('',(#14734),#14738);
#14734 = LINE('',#14735,#14736);
#14735 = CARTESIAN_POINT('',(-0.,-80.));
#14736 = VECTOR('',#14737,1.);
#14737 = DIRECTION('',(-1.,0.));
#14738 = ( GEOMETRIC_REPRESENTATION_CONTEXT(2) 
PARAMETRIC_REPRESENTATION_CONTEXT() REPRESENTATION_CONTEXT('2D SPACE',''
  ) );
#14739 = PCURVE('',#14740,#14745);
#14740 = PLANE('',#14741);
#14741 = AXIS2_PLACEMENT_3D('',#14742,#14743,#14744);
#14742 = CARTESIAN_POINT('',(-300.,-3.500646739301E-15,
    6.419784220745E-15));
#14743 = DIRECTION('',(1.,0.,0.));
#14744 = DIRECTION('',(-0.,0.,1.));
#14745 = DEFINITIONAL_REPRESENTATION('',(#14746),#14750);
#14746 = CIRCLE('',#14747,100.);
#14747 = AXIS2_PLACEMENT_2D('',#14748,#14749);
#14748 = CARTESIAN_POINT('',(-6.419784220745E-15,-3.500646739301E-15));
#14749 = DIRECTION('',(0.,-1.));
#14750 = ( GEOMETRIC_REPRESENTATION_CONTEXT(2) 
PARAMETRIC_REPRESENTATION_CONTEXT() REPRESENTATION_CONTEXT('2D SPACE',''
  ) );
#14751 = ORIENTED_EDGE('',*,*,#14752,.T.);
#14752 = EDGE_CURVE('',#14724,#14443,#14753,.T.);
#14753 = SURFACE_CURVE('',#14754,(#14759,#14766),.PCURVE_S1.);
#14754 = CIRCLE('',#14755,100.);
#14755 = AXIS2_PLACEMENT_3D('',#14756,#14757,#14758);
#14756 = CARTESIAN_POINT('',(-300.,0.,0.));
#14757 = DIRECTION('',(1.,0.,0.));
#14758 = DIRECTION('',(0.,1.,0.));
#14759 = PCURVE('',#14518,#14760);
#14760 = DEFINITIONAL_REPRESENTATION('',(#14761),#14765);
#14761 = LINE('',#14762,#14763);
#14762 = CARTESIAN_POINT('',(-0.,-80.));
#14763 = VECTOR('',#14764,1.);
#14764 = DIRECTION('',(-1.,0.));
#14765 = ( GEOMETRIC_REPRESENTATION_CONTEXT(2) 
PARAMETRIC_REPRESENTATION_CONTEXT() REPRESENTATION_CONTEXT('2D SPACE',''
  ) );
#14766 = PCURVE('',#14573,#14767);
#14767 = DEFINITIONAL_REPRESENTATION('',(#14768),#14772);
#14768 = CIRCLE('',#14769,100.);
#14769 = AXIS2_PLACEMENT_2D('',#14770,#14771);
#14770 = CARTESIAN_POINT('',(75.,-100.));
#14771 = DIRECTION('',(0.,-1.));
#14772 = ( GEOMETRIC_REPRESENTATION_CONTEXT(2) 
PARAMETRIC_REPRESENTATION_CONTEXT() REPRESENTATION_CONTEXT('2D SPACE',''
  ) );
#14773 = ORIENTED_EDGE('',*,*,#14503,.T.);
#14774 = ORIENTED_EDGE('',*,*,#14775,.T.);
#14775 = EDGE_CURVE('',#14476,#14776,#14778,.T.);
#14776 = VERTEX_POINT('',#14777);
#14777 = CARTESIAN_POINT('',(-300.,66.14378277662,-74.99999999999));
#14778 = SURFACE_CURVE('',#14779,(#14784,#14791),.PCURVE_S1.);
#14779 = CIRCLE('',#14780,100.);
#14780 = AXIS2_PLACEMENT_3D('',#14781,#14782,#14783);
#14781 = CARTESIAN_POINT('',(-300.,0.,0.));
#14782 = DIRECTION('',(1.,0.,0.));
#14783 = DIRECTION('',(0.,1.,0.));
#14784 = PCURVE('',#14518,#14785);
#14785 = DEFINITIONAL_REPRESENTATION('',(#14786),#14790);
#14786 = LINE('',#14787,#14788);
#14787 = CARTESIAN_POINT('',(-0.,-80.));
#14788 = VECTOR('',#14789,1.);
#14789 = DIRECTION('',(-1.,0.));
#14790 = ( GEOMETRIC_REPRESENTATION_CONTEXT(2) 
PARAMETRIC_REPRESENTATION_CONTEXT() REPRESENTATION_CONTEXT('2D SPACE',''
  ) );
#14791 = PCURVE('',#14792,#14797);
#14792 = PLANE('',#14793);
#14793 = AXIS2_PLACEMENT_3D('',#14794,#14795,#14796);
#14794 = CARTESIAN_POINT('',(-300.,-3.500646739301E-15,
    6.419784220745E-15));
#14795 = DIRECTION('',(1.,0.,0.));
#14796 = DIRECTION('',(-0.,0.,1.));
#14797 = DEFINITIONAL_REPRESENTATION('',(#14798),#14802);
#14798 = CIRCLE('',#14799,100.);
#14799 = AXIS2_PLACEMENT_2D('',#14800,#14801);
#14800 = CARTESIAN_POINT('',(-6.419784220745E-15,-3.500646739301E-15));
#14801 = DIRECTION('',(0.,-1.));
#14802 = ( GEOMETRIC_REPRESENTATION_CONTEXT(2) 
PARAMETRIC_REPRESENTATION_CONTEXT() REPRESENTATION_CONTEXT('2D SPACE',''
  ) );
#14803 = ORIENTED_EDGE('',*,*,#14804,.T.);
#14804 = EDGE_CURVE('',#14776,#14672,#14805,.T.);
#14805 = SURFACE_CURVE('',#14806,(#14811,#14818),.PCURVE_S1.);
#14806 = CIRCLE('',#14807,100.);
#14807 = AXIS2_PLACEMENT_3D('',#14808,#14809,#14810);
#14808 = CARTESIAN_POINT('',(-300.,0.,0.));
#14809 = DIRECTION('',(1.,0.,0.));
#14810 = DIRECTION('',(0.,1.,0.));
#14811 = PCURVE('',#14518,#14812);
#14812 = DEFINITIONAL_REPRESENTATION('',(#14813),#14817);
#14813 = LINE('',#14814,#14815);
#14814 = CARTESIAN_POINT('',(-0.,-80.));
#14815 = VECTOR('',#14816,1.);
#14816 = DIRECTION('',(-1.,0.));
#14817 = ( GEOMETRIC_REPRESENTATION_CONTEXT(2) 
PARAMETRIC_REPRESENTATION_CONTEXT() REPRESENTATION_CONTEXT('2D SPACE',''
  ) );
#14818 = PCURVE('',#14819,#14824);
#14819 = PLANE('',#14820);
#14820 = AXIS2_PLACEMENT_3D('',#14821,#14822,#14823);
#14821 = CARTESIAN_POINT('',(-300.,-100.,-75.));
#14822 = DIRECTION('',(1.,0.,0.));
#14823 = DIRECTION('',(0.,0.,1.));
#14824 = DEFINITIONAL_REPRESENTATION('',(#14825),#14829);
#14825 = CIRCLE('',#14826,100.);
#14826 = AXIS2_PLACEMENT_2D('',#14827,#14828);
#14827 = CARTESIAN_POINT('',(75.,-100.));
#14828 = DIRECTION('',(0.,-1.));
#14829 = ( GEOMETRIC_REPRESENTATION_CONTEXT(2) 
PARAMETRIC_REPRESENTATION_CONTEXT() REPRESENTATION_CONTEXT('2D SPACE',''
  ) );
#14830 = ORIENTED_EDGE('',*,*,#14671,.F.);
#14831 = ADVANCED_FACE('',(#14832),#14491,.F.);
#14832 = FACE_BOUND('',#14833,.F.);
#14833 = EDGE_LOOP('',(#14834,#14835,#14836,#14859,#14887,#14908));
#14834 = ORIENTED_EDGE('',*,*,#14475,.F.);
#14835 = ORIENTED_EDGE('',*,*,#14533,.T.);
#14836 = ORIENTED_EDGE('',*,*,#14837,.T.);
#14837 = EDGE_CURVE('',#14534,#14838,#14840,.T.);
#14838 = VERTEX_POINT('',#14839);
#14839 = CARTESIAN_POINT('',(300.,100.,-75.));
#14840 = SURFACE_CURVE('',#14841,(#14845,#14852),.PCURVE_S1.);
#14841 = LINE('',#14842,#14843);
#14842 = CARTESIAN_POINT('',(300.,-100.,-75.));
#14843 = VECTOR('',#14844,1.);
#14844 = DIRECTION('',(0.,1.,0.));
#14845 = PCURVE('',#14491,#14846);
#14846 = DEFINITIONAL_REPRESENTATION('',(#14847),#14851);
#14847 = LINE('',#14848,#14849);
#14848 = CARTESIAN_POINT('',(600.,0.));
#14849 = VECTOR('',#14850,1.);
#14850 = DIRECTION('',(0.,1.));
#14851 = ( GEOMETRIC_REPRESENTATION_CONTEXT(2) 
PARAMETRIC_REPRESENTATION_CONTEXT() REPRESENTATION_CONTEXT('2D SPACE',''
  ) );
#14852 = PCURVE('',#14627,#14853);
#14853 = DEFINITIONAL_REPRESENTATION('',(#14854),#14858);
#14854 = LINE('',#14855,#14856);
#14855 = CARTESIAN_POINT('',(0.,0.));
#14856 = VECTOR('',#14857,1.);
#14857 = DIRECTION('',(0.,-1.));
#14858 = ( GEOMETRIC_REPRESENTATION_CONTEXT(2) 
PARAMETRIC_REPRESENTATION_CONTEXT() REPRESENTATION_CONTEXT('2D SPACE',''
  ) );
#14859 = ORIENTED_EDGE('',*,*,#14860,.F.);
#14860 = EDGE_CURVE('',#14861,#14838,#14863,.T.);
#14861 = VERTEX_POINT('',#14862);
#14862 = CARTESIAN_POINT('',(-300.,100.,-75.));
#14863 = SURFACE_CURVE('',#14864,(#14868,#14875),.PCURVE_S1.);
#14864 = LINE('',#14865,#14866);
#14865 = CARTESIAN_POINT('',(-300.,100.,-75.));
#14866 = VECTOR('',#14867,1.);
#14867 = DIRECTION('',(1.,0.,0.));
#14868 = PCURVE('',#14491,#14869);
#14869 = DEFINITIONAL_REPRESENTATION('',(#14870),#14874);
#14870 = LINE('',#14871,#14872);
#14871 = CARTESIAN_POINT('',(0.,200.));
#14872 = VECTOR('',#14873,1.);
#14873 = DIRECTION('',(1.,0.));
#14874 = ( GEOMETRIC_REPRESENTATION_CONTEXT(2) 
PARAMETRIC_REPRESENTATION_CONTEXT() REPRESENTATION_CONTEXT('2D SPACE',''
  ) );
#14875 = PCURVE('',#14876,#14881);
#14876 = PLANE('',#14877);
#14877 = AXIS2_PLACEMENT_3D('',#14878,#14879,#14880);
#14878 = CARTESIAN_POINT('',(-300.,100.,-75.));
#14879 = DIRECTION('',(0.,1.,0.));
#14880 = DIRECTION('',(0.,0.,1.));
#14881 = DEFINITIONAL_REPRESENTATION('',(#14882),#14886);
#14882 = LINE('',#14883,#14884);
#14883 = CARTESIAN_POINT('',(0.,0.));
#14884 = VECTOR('',#14885,1.);
#14885 = DIRECTION('',(0.,1.));
#14886 = ( GEOMETRIC_REPRESENTATION_CONTEXT(2) 
PARAMETRIC_REPRESENTATION_CONTEXT() REPRESENTATION_CONTEXT('2D SPACE',''
  ) );
#14887 = ORIENTED_EDGE('',*,*,#14888,.F.);
#14888 = EDGE_CURVE('',#14776,#14861,#14889,.T.);
#14889 = SURFACE_CURVE('',#14890,(#14894,#14901),.PCURVE_S1.);
#14890 = LINE('',#14891,#14892);
#14891 = CARTESIAN_POINT('',(-300.,-100.,-75.));
#14892 = VECTOR('',#14893,1.);
#14893 = DIRECTION('',(0.,1.,0.));
#14894 = PCURVE('',#14491,#14895);
#14895 = DEFINITIONAL_REPRESENTATION('',(#14896),#14900);
#14896 = LINE('',#14897,#14898);
#14897 = CARTESIAN_POINT('',(0.,0.));
#14898 = VECTOR('',#14899,1.);
#14899 = DIRECTION('',(0.,1.));
#14900 = ( GEOMETRIC_REPRESENTATION_CONTEXT(2) 
PARAMETRIC_REPRESENTATION_CONTEXT() REPRESENTATION_CONTEXT('2D SPACE',''
  ) );
#14901 = PCURVE('',#14819,#14902);
#14902 = DEFINITIONAL_REPRESENTATION('',(#14903),#14907);
#14903 = LINE('',#14904,#14905);
#14904 = CARTESIAN_POINT('',(0.,0.));
#14905 = VECTOR('',#14906,1.);
#14906 = DIRECTION('',(0.,-1.));
#14907 = ( GEOMETRIC_REPRESENTATION_CONTEXT(2) 
PARAMETRIC_REPRESENTATION_CONTEXT() REPRESENTATION_CONTEXT('2D SPACE',''
  ) );
#14908 = ORIENTED_EDGE('',*,*,#14909,.F.);
#14909 = EDGE_CURVE('',#14476,#14776,#14910,.T.);
#14910 = SURFACE_CURVE('',#14911,(#14915,#14922),.PCURVE_S1.);
#14911 = LINE('',#14912,#14913);
#14912 = CARTESIAN_POINT('',(-300.,-100.,-75.));
#14913 = VECTOR('',#14914,1.);
#14914 = DIRECTION('',(0.,1.,0.));
#14915 = PCURVE('',#14491,#14916);
#14916 = DEFINITIONAL_REPRESENTATION('',(#14917),#14921);
#14917 = LINE('',#14918,#14919);
#14918 = CARTESIAN_POINT('',(0.,0.));
#14919 = VECTOR('',#14920,1.);
#14920 = DIRECTION('',(0.,1.));
#14921 = ( GEOMETRIC_REPRESENTATION_CONTEXT(2) 
PARAMETRIC_REPRESENTATION_CONTEXT() REPRESENTATION_CONTEXT('2D SPACE',''
  ) );
#14922 = PCURVE('',#14792,#14923);
#14923 = DEFINITIONAL_REPRESENTATION('',(#14924),#14928);
#14924 = LINE('',#14925,#14926);
#14925 = CARTESIAN_POINT('',(-75.,100.));
#14926 = VECTOR('',#14927,1.);
#14927 = DIRECTION('',(0.,-1.));
#14928 = ( GEOMETRIC_REPRESENTATION_CONTEXT(2) 
PARAMETRIC_REPRESENTATION_CONTEXT() REPRESENTATION_CONTEXT('2D SPACE',''
  ) );
#14929 = ADVANCED_FACE('',(#14930),#14627,.T.);
#14930 = FACE_BOUND('',#14931,.T.);
#14931 = EDGE_LOOP('',(#14932,#14933,#14934,#14957));
#14932 = ORIENTED_EDGE('',*,*,#14613,.F.);
#14933 = ORIENTED_EDGE('',*,*,#14837,.T.);
#14934 = ORIENTED_EDGE('',*,*,#14935,.T.);
#14935 = EDGE_CURVE('',#14838,#14936,#14938,.T.);
#14936 = VERTEX_POINT('',#14937);
#14937 = CARTESIAN_POINT('',(300.,100.,75.));
#14938 = SURFACE_CURVE('',#14939,(#14943,#14950),.PCURVE_S1.);
#14939 = LINE('',#14940,#14941);
#14940 = CARTESIAN_POINT('',(300.,100.,-75.));
#14941 = VECTOR('',#14942,1.);
#14942 = DIRECTION('',(0.,0.,1.));
#14943 = PCURVE('',#14627,#14944);
#14944 = DEFINITIONAL_REPRESENTATION('',(#14945),#14949);
#14945 = LINE('',#14946,#14947);
#14946 = CARTESIAN_POINT('',(0.,-200.));
#14947 = VECTOR('',#14948,1.);
#14948 = DIRECTION('',(1.,0.));
#14949 = ( GEOMETRIC_REPRESENTATION_CONTEXT(2) 
PARAMETRIC_REPRESENTATION_CONTEXT() REPRESENTATION_CONTEXT('2D SPACE',''
  ) );
#14950 = PCURVE('',#14876,#14951);
#14951 = DEFINITIONAL_REPRESENTATION('',(#14952),#14956);
#14952 = LINE('',#14953,#14954);
#14953 = CARTESIAN_POINT('',(0.,600.));
#14954 = VECTOR('',#14955,1.);
#14955 = DIRECTION('',(1.,0.));
#14956 = ( GEOMETRIC_REPRESENTATION_CONTEXT(2) 
PARAMETRIC_REPRESENTATION_CONTEXT() REPRESENTATION_CONTEXT('2D SPACE',''
  ) );
#14957 = ORIENTED_EDGE('',*,*,#14958,.F.);
#14958 = EDGE_CURVE('',#14586,#14936,#14959,.T.);
#14959 = SURFACE_CURVE('',#14960,(#14964,#14971),.PCURVE_S1.);
#14960 = LINE('',#14961,#14962);
#14961 = CARTESIAN_POINT('',(300.,-100.,75.));
#14962 = VECTOR('',#14963,1.);
#14963 = DIRECTION('',(0.,1.,0.));
#14964 = PCURVE('',#14627,#14965);
#14965 = DEFINITIONAL_REPRESENTATION('',(#14966),#14970);
#14966 = LINE('',#14967,#14968);
#14967 = CARTESIAN_POINT('',(150.,0.));
#14968 = VECTOR('',#14969,1.);
#14969 = DIRECTION('',(0.,-1.));
#14970 = ( GEOMETRIC_REPRESENTATION_CONTEXT(2) 
PARAMETRIC_REPRESENTATION_CONTEXT() REPRESENTATION_CONTEXT('2D SPACE',''
  ) );
#14971 = PCURVE('',#14601,#14972);
#14972 = DEFINITIONAL_REPRESENTATION('',(#14973),#14977);
#14973 = LINE('',#14974,#14975);
#14974 = CARTESIAN_POINT('',(600.,0.));
#14975 = VECTOR('',#14976,1.);
#14976 = DIRECTION('',(0.,1.));
#14977 = ( GEOMETRIC_REPRESENTATION_CONTEXT(2) 
PARAMETRIC_REPRESENTATION_CONTEXT() REPRESENTATION_CONTEXT('2D SPACE',''
  ) );
#14978 = ADVANCED_FACE('',(#14979),#14601,.T.);
#14979 = FACE_BOUND('',#14980,.T.);
#14980 = EDGE_LOOP('',(#14981,#15002,#15003,#15004,#15027,#15048));
#14981 = ORIENTED_EDGE('',*,*,#14982,.F.);
#14982 = EDGE_CURVE('',#14558,#14724,#14983,.T.);
#14983 = SURFACE_CURVE('',#14984,(#14988,#14995),.PCURVE_S1.);
#14984 = LINE('',#14985,#14986);
#14985 = CARTESIAN_POINT('',(-300.,-100.,75.));
#14986 = VECTOR('',#14987,1.);
#14987 = DIRECTION('',(0.,1.,0.));
#14988 = PCURVE('',#14601,#14989);
#14989 = DEFINITIONAL_REPRESENTATION('',(#14990),#14994);
#14990 = LINE('',#14991,#14992);
#14991 = CARTESIAN_POINT('',(0.,0.));
#14992 = VECTOR('',#14993,1.);
#14993 = DIRECTION('',(0.,1.));
#14994 = ( GEOMETRIC_REPRESENTATION_CONTEXT(2) 
PARAMETRIC_REPRESENTATION_CONTEXT() REPRESENTATION_CONTEXT('2D SPACE',''
  ) );
#14995 = PCURVE('',#14573,#14996);
#14996 = DEFINITIONAL_REPRESENTATION('',(#14997),#15001);
#14997 = LINE('',#14998,#14999);
#14998 = CARTESIAN_POINT('',(150.,0.));
#14999 = VECTOR('',#15000,1.);
#15000 = DIRECTION('',(0.,-1.));
#15001 = ( GEOMETRIC_REPRESENTATION_CONTEXT(2) 
PARAMETRIC_REPRESENTATION_CONTEXT() REPRESENTATION_CONTEXT('2D SPACE',''
  ) );
#15002 = ORIENTED_EDGE('',*,*,#14585,.T.);
#15003 = ORIENTED_EDGE('',*,*,#14958,.T.);
#15004 = ORIENTED_EDGE('',*,*,#15005,.F.);
#15005 = EDGE_CURVE('',#15006,#14936,#15008,.T.);
#15006 = VERTEX_POINT('',#15007);
#15007 = CARTESIAN_POINT('',(-300.,100.,75.));
#15008 = SURFACE_CURVE('',#15009,(#15013,#15020),.PCURVE_S1.);
#15009 = LINE('',#15010,#15011);
#15010 = CARTESIAN_POINT('',(-300.,100.,75.));
#15011 = VECTOR('',#15012,1.);
#15012 = DIRECTION('',(1.,0.,0.));
#15013 = PCURVE('',#14601,#15014);
#15014 = DEFINITIONAL_REPRESENTATION('',(#15015),#15019);
#15015 = LINE('',#15016,#15017);
#15016 = CARTESIAN_POINT('',(0.,200.));
#15017 = VECTOR('',#15018,1.);
#15018 = DIRECTION('',(1.,0.));
#15019 = ( GEOMETRIC_REPRESENTATION_CONTEXT(2) 
PARAMETRIC_REPRESENTATION_CONTEXT() REPRESENTATION_CONTEXT('2D SPACE',''
  ) );
#15020 = PCURVE('',#14876,#15021);
#15021 = DEFINITIONAL_REPRESENTATION('',(#15022),#15026);
#15022 = LINE('',#15023,#15024);
#15023 = CARTESIAN_POINT('',(150.,0.));
#15024 = VECTOR('',#15025,1.);
#15025 = DIRECTION('',(0.,1.));
#15026 = ( GEOMETRIC_REPRESENTATION_CONTEXT(2) 
PARAMETRIC_REPRESENTATION_CONTEXT() REPRESENTATION_CONTEXT('2D SPACE',''
  ) );
#15027 = ORIENTED_EDGE('',*,*,#15028,.F.);
#15028 = EDGE_CURVE('',#14695,#15006,#15029,.T.);
#15029 = SURFACE_CURVE('',#15030,(#15034,#15041),.PCURVE_S1.);
#15030 = LINE('',#15031,#15032);
#15031 = CARTESIAN_POINT('',(-300.,-100.,75.));
#15032 = VECTOR('',#15033,1.);
#15033 = DIRECTION('',(0.,1.,0.));
#15034 = PCURVE('',#14601,#15035);
#15035 = DEFINITIONAL_REPRESENTATION('',(#15036),#15040);
#15036 = LINE('',#15037,#15038);
#15037 = CARTESIAN_POINT('',(0.,0.));
#15038 = VECTOR('',#15039,1.);
#15039 = DIRECTION('',(0.,1.));
#15040 = ( GEOMETRIC_REPRESENTATION_CONTEXT(2) 
PARAMETRIC_REPRESENTATION_CONTEXT() REPRESENTATION_CONTEXT('2D SPACE',''
  ) );
#15041 = PCURVE('',#14711,#15042);
#15042 = DEFINITIONAL_REPRESENTATION('',(#15043),#15047);
#15043 = LINE('',#15044,#15045);
#15044 = CARTESIAN_POINT('',(150.,0.));
#15045 = VECTOR('',#15046,1.);
#15046 = DIRECTION('',(0.,-1.));
#15047 = ( GEOMETRIC_REPRESENTATION_CONTEXT(2) 
PARAMETRIC_REPRESENTATION_CONTEXT() REPRESENTATION_CONTEXT('2D SPACE',''
  ) );
#15048 = ORIENTED_EDGE('',*,*,#15049,.F.);
#15049 = EDGE_CURVE('',#14724,#14695,#15050,.T.);
#15050 = SURFACE_CURVE('',#15051,(#15055,#15062),.PCURVE_S1.);
#15051 = LINE('',#15052,#15053);
#15052 = CARTESIAN_POINT('',(-300.,-100.,75.));
#15053 = VECTOR('',#15054,1.);
#15054 = DIRECTION('',(0.,1.,0.));
#15055 = PCURVE('',#14601,#15056);
#15056 = DEFINITIONAL_REPRESENTATION('',(#15057),#15061);
#15057 = LINE('',#15058,#15059);
#15058 = CARTESIAN_POINT('',(0.,0.));
#15059 = VECTOR('',#15060,1.);
#15060 = DIRECTION('',(0.,1.));
#15061 = ( GEOMETRIC_REPRESENTATION_CONTEXT(2) 
PARAMETRIC_REPRESENTATION_CONTEXT() REPRESENTATION_CONTEXT('2D SPACE',''
  ) );
#15062 = PCURVE('',#14740,#15063);
#15063 = DEFINITIONAL_REPRESENTATION('',(#15064),#15068);
#15064 = LINE('',#15065,#15066);
#15065 = CARTESIAN_POINT('',(75.,100.));
#15066 = VECTOR('',#15067,1.);
#15067 = DIRECTION('',(0.,-1.));
#15068 = ( GEOMETRIC_REPRESENTATION_CONTEXT(2) 
PARAMETRIC_REPRESENTATION_CONTEXT() REPRESENTATION_CONTEXT('2D SPACE',''
  ) );
#15069 = ADVANCED_FACE('',(#15070),#14573,.F.);
#15070 = FACE_BOUND('',#15071,.F.);
#15071 = EDGE_LOOP('',(#15072,#15073,#15074));
#15072 = ORIENTED_EDGE('',*,*,#14557,.F.);
#15073 = ORIENTED_EDGE('',*,*,#14752,.F.);
#15074 = ORIENTED_EDGE('',*,*,#14982,.F.);
#15075 = ADVANCED_FACE('',(#15076),#14659,.F.);
#15076 = FACE_BOUND('',#15077,.F.);
#15077 = EDGE_LOOP('',(#15078));
#15078 = ORIENTED_EDGE('',*,*,#14642,.T.);
#15079 = ADVANCED_FACE('',(#15080),#14819,.F.);
#15080 = FACE_BOUND('',#15081,.F.);
#15081 = EDGE_LOOP('',(#15082,#15083,#15084));
#15082 = ORIENTED_EDGE('',*,*,#14804,.F.);
#15083 = ORIENTED_EDGE('',*,*,#14888,.T.);
#15084 = ORIENTED_EDGE('',*,*,#15085,.T.);
#15085 = EDGE_CURVE('',#14861,#14672,#15086,.T.);
#15086 = SURFACE_CURVE('',#15087,(#15091,#15098),.PCURVE_S1.);
#15087 = LINE('',#15088,#15089);
#15088 = CARTESIAN_POINT('',(-300.,100.,-75.));
#15089 = VECTOR('',#15090,1.);
#15090 = DIRECTION('',(0.,0.,1.));
#15091 = PCURVE('',#14819,#15092);
#15092 = DEFINITIONAL_REPRESENTATION('',(#15093),#15097);
#15093 = LINE('',#15094,#15095);
#15094 = CARTESIAN_POINT('',(0.,-200.));
#15095 = VECTOR('',#15096,1.);
#15096 = DIRECTION('',(1.,0.));
#15097 = ( GEOMETRIC_REPRESENTATION_CONTEXT(2) 
PARAMETRIC_REPRESENTATION_CONTEXT() REPRESENTATION_CONTEXT('2D SPACE',''
  ) );
#15098 = PCURVE('',#14876,#15099);
#15099 = DEFINITIONAL_REPRESENTATION('',(#15100),#15104);
#15100 = LINE('',#15101,#15102);
#15101 = CARTESIAN_POINT('',(0.,0.));
#15102 = VECTOR('',#15103,1.);
#15103 = DIRECTION('',(1.,0.));
#15104 = ( GEOMETRIC_REPRESENTATION_CONTEXT(2) 
PARAMETRIC_REPRESENTATION_CONTEXT() REPRESENTATION_CONTEXT('2D SPACE',''
  ) );
#15105 = ADVANCED_FACE('',(#15106),#14792,.T.);
#15106 = FACE_BOUND('',#15107,.T.);
#15107 = EDGE_LOOP('',(#15108,#15109));
#15108 = ORIENTED_EDGE('',*,*,#14775,.T.);
#15109 = ORIENTED_EDGE('',*,*,#14909,.F.);
#15110 = ADVANCED_FACE('',(#15111),#14740,.T.);
#15111 = FACE_BOUND('',#15112,.T.);
#15112 = EDGE_LOOP('',(#15113,#15114));
#15113 = ORIENTED_EDGE('',*,*,#15049,.T.);
#15114 = ORIENTED_EDGE('',*,*,#14723,.T.);
#15115 = ADVANCED_FACE('',(#15116),#14711,.F.);
#15116 = FACE_BOUND('',#15117,.F.);
#15117 = EDGE_LOOP('',(#15118,#15119,#15120));
#15118 = ORIENTED_EDGE('',*,*,#15028,.F.);
#15119 = ORIENTED_EDGE('',*,*,#14694,.F.);
#15120 = ORIENTED_EDGE('',*,*,#15121,.T.);
#15121 = EDGE_CURVE('',#14672,#15006,#15122,.T.);
#15122 = SURFACE_CURVE('',#15123,(#15127,#15134),.PCURVE_S1.);
#15123 = LINE('',#15124,#15125);
#15124 = CARTESIAN_POINT('',(-300.,100.,-75.));
#15125 = VECTOR('',#15126,1.);
#15126 = DIRECTION('',(0.,0.,1.));
#15127 = PCURVE('',#14711,#15128);
#15128 = DEFINITIONAL_REPRESENTATION('',(#15129),#15133);
#15129 = LINE('',#15130,#15131);
#15130 = CARTESIAN_POINT('',(0.,-200.));
#15131 = VECTOR('',#15132,1.);
#15132 = DIRECTION('',(1.,0.));
#15133 = ( GEOMETRIC_REPRESENTATION_CONTEXT(2) 
PARAMETRIC_REPRESENTATION_CONTEXT() REPRESENTATION_CONTEXT('2D SPACE',''
  ) );
#15134 = PCURVE('',#14876,#15135);
#15135 = DEFINITIONAL_REPRESENTATION('',(#15136),#15140);
#15136 = LINE('',#15137,#15138);
#15137 = CARTESIAN_POINT('',(0.,0.));
#15138 = VECTOR('',#15139,1.);
#15139 = DIRECTION('',(1.,0.));
#15140 = ( GEOMETRIC_REPRESENTATION_CONTEXT(2) 
PARAMETRIC_REPRESENTATION_CONTEXT() REPRESENTATION_CONTEXT('2D SPACE',''
  ) );
#15141 = ADVANCED_FACE('',(#15142),#14876,.T.);
#15142 = FACE_BOUND('',#15143,.T.);
#15143 = EDGE_LOOP('',(#15144,#15145,#15146,#15147,#15148));
#15144 = ORIENTED_EDGE('',*,*,#14860,.F.);
#15145 = ORIENTED_EDGE('',*,*,#15085,.T.);
#15146 = ORIENTED_EDGE('',*,*,#15121,.T.);
#15147 = ORIENTED_EDGE('',*,*,#15005,.T.);
#15148 = ORIENTED_EDGE('',*,*,#14935,.F.);
#15149 = ( GEOMETRIC_REPRESENTATION_CONTEXT(3) 
GLOBAL_UNCERTAINTY_ASSIGNED_CONTEXT((#15153)) 
GLOBAL_UNIT_ASSIGNED_CONTEXT((#15150,#15151,#15152)) 
REPRESENTATION_CONTEXT('Context #1',
  '3D Context with UNIT and UNCERTAINTY') );
#15150 = ( LENGTH_UNIT() NAMED_UNIT(*) SI_UNIT(.MILLI.,.METRE.) );
#15151 = ( NAMED_UNIT(*) PLANE_ANGLE_UNIT() SI_UNIT($,.RADIAN.) );
#15152 = ( NAMED_UNIT(*) SI_UNIT($,.STERADIAN.) SOLID_ANGLE_UNIT() );
#15153 = UNCERTAINTY_MEASURE_WITH_UNIT(LENGTH_MEASURE(1.E-07),#15150,
  'distance_accuracy_value','confusion accuracy');
#15154 = CONTEXT_DEPENDENT_SHAPE_REPRESENTATION(#15155,#15157);
#15155 = ( REPRESENTATION_RELATIONSHIP('','',#14433,#10) 
REPRESENTATION_RELATIONSHIP_WITH_TRANSFORMATION(#15156) 
SHAPE_REPRESENTATION_RELATIONSHIP() );
#15156 = ITEM_DEFINED_TRANSFORMATION('','',#11,#91);
#15157 = PRODUCT_DEFINITION_SHAPE('Placement','Placement of an item',
  #15158);
#15158 = NEXT_ASSEMBLY_USAGE_OCCURRENCE('31','','',#5,#14428,$);
#15159 = PRODUCT_RELATED_PRODUCT_CATEGORY('part',$,(#14430));
#15160 = SHAPE_DEFINITION_REPRESENTATION(#15161,#15167);
#15161 = PRODUCT_DEFINITION_SHAPE('','',#15162);
#15162 = PRODUCT_DEFINITION('design','',#15163,#15166);
#15163 = PRODUCT_DEFINITION_FORMATION('','',#15164);
#15164 = PRODUCT('Open CASCADE STEP translator 7.8 12.21',
  'Open CASCADE STEP translator 7.8 12.21','',(#15165));
#15165 = PRODUCT_CONTEXT('',#2,'mechanical');
#15166 = PRODUCT_DEFINITION_CONTEXT('part definition',#2,'design');
#15167 = ADVANCED_BREP_SHAPE_REPRESENTATION('',(#11,#15168),#15810);
#15168 = MANIFOLD_SOLID_BREP('',#15169);
#15169 = CLOSED_SHELL('',(#15170,#15290,#15366,#15442,#15518,#15594,
    #15670,#15741,#15788,#15799));
#15170 = ADVANCED_FACE('',(#15171),#15185,.F.);
#15171 = FACE_BOUND('',#15172,.F.);
#15172 = EDGE_LOOP('',(#15173,#15208,#15236,#15264));
#15173 = ORIENTED_EDGE('',*,*,#15174,.T.);
#15174 = EDGE_CURVE('',#15175,#15177,#15179,.T.);
#15175 = VERTEX_POINT('',#15176);
#15176 = CARTESIAN_POINT('',(0.,0.,0.));
#15177 = VERTEX_POINT('',#15178);
#15178 = CARTESIAN_POINT('',(0.,0.,2.54E+03));
#15179 = SURFACE_CURVE('',#15180,(#15184,#15196),.PCURVE_S1.);
#15180 = LINE('',#15181,#15182);
#15181 = CARTESIAN_POINT('',(0.,0.,0.));
#15182 = VECTOR('',#15183,1.);
#15183 = DIRECTION('',(0.,0.,1.));
#15184 = PCURVE('',#15185,#15190);
#15185 = PLANE('',#15186);
#15186 = AXIS2_PLACEMENT_3D('',#15187,#15188,#15189);
#15187 = CARTESIAN_POINT('',(0.,0.,0.));
#15188 = DIRECTION('',(0.,1.,0.));
#15189 = DIRECTION('',(1.,0.,0.));
#15190 = DEFINITIONAL_REPRESENTATION('',(#15191),#15195);
#15191 = LINE('',#15192,#15193);
#15192 = CARTESIAN_POINT('',(0.,0.));
#15193 = VECTOR('',#15194,1.);
#15194 = DIRECTION('',(0.,-1.));
#15195 = ( GEOMETRIC_REPRESENTATION_CONTEXT(2) 
PARAMETRIC_REPRESENTATION_CONTEXT() REPRESENTATION_CONTEXT('2D SPACE',''
  ) );
#15196 = PCURVE('',#15197,#15202);
#15197 = PLANE('',#15198);
#15198 = AXIS2_PLACEMENT_3D('',#15199,#15200,#15201);
#15199 = CARTESIAN_POINT('',(0.,20.,0.));
#15200 = DIRECTION('',(1.,0.,-0.));
#15201 = DIRECTION('',(0.,-1.,0.));
#15202 = DEFINITIONAL_REPRESENTATION('',(#15203),#15207);
#15203 = LINE('',#15204,#15205);
#15204 = CARTESIAN_POINT('',(20.,0.));
#15205 = VECTOR('',#15206,1.);
#15206 = DIRECTION('',(0.,-1.));
#15207 = ( GEOMETRIC_REPRESENTATION_CONTEXT(2) 
PARAMETRIC_REPRESENTATION_CONTEXT() REPRESENTATION_CONTEXT('2D SPACE',''
  ) );
#15208 = ORIENTED_EDGE('',*,*,#15209,.T.);
#15209 = EDGE_CURVE('',#15177,#15210,#15212,.T.);
#15210 = VERTEX_POINT('',#15211);
#15211 = CARTESIAN_POINT('',(60.,0.,2.54E+03));
#15212 = SURFACE_CURVE('',#15213,(#15217,#15224),.PCURVE_S1.);
#15213 = LINE('',#15214,#15215);
#15214 = CARTESIAN_POINT('',(0.,0.,2.54E+03));
#15215 = VECTOR('',#15216,1.);
#15216 = DIRECTION('',(1.,0.,0.));
#15217 = PCURVE('',#15185,#15218);
#15218 = DEFINITIONAL_REPRESENTATION('',(#15219),#15223);
#15219 = LINE('',#15220,#15221);
#15220 = CARTESIAN_POINT('',(0.,-2.54E+03));
#15221 = VECTOR('',#15222,1.);
#15222 = DIRECTION('',(1.,0.));
#15223 = ( GEOMETRIC_REPRESENTATION_CONTEXT(2) 
PARAMETRIC_REPRESENTATION_CONTEXT() REPRESENTATION_CONTEXT('2D SPACE',''
  ) );
#15224 = PCURVE('',#15225,#15230);
#15225 = PLANE('',#15226);
#15226 = AXIS2_PLACEMENT_3D('',#15227,#15228,#15229);
#15227 = CARTESIAN_POINT('',(30.,5.040816326531,2.54E+03));
#15228 = DIRECTION('',(0.,0.,1.));
#15229 = DIRECTION('',(1.,0.,-0.));
#15230 = DEFINITIONAL_REPRESENTATION('',(#15231),#15235);
#15231 = LINE('',#15232,#15233);
#15232 = CARTESIAN_POINT('',(-30.,-5.040816326531));
#15233 = VECTOR('',#15234,1.);
#15234 = DIRECTION('',(1.,0.));
#15235 = ( GEOMETRIC_REPRESENTATION_CONTEXT(2) 
PARAMETRIC_REPRESENTATION_CONTEXT() REPRESENTATION_CONTEXT('2D SPACE',''
  ) );
#15236 = ORIENTED_EDGE('',*,*,#15237,.F.);
#15237 = EDGE_CURVE('',#15238,#15210,#15240,.T.);
#15238 = VERTEX_POINT('',#15239);
#15239 = CARTESIAN_POINT('',(60.,0.,0.));
#15240 = SURFACE_CURVE('',#15241,(#15245,#15252),.PCURVE_S1.);
#15241 = LINE('',#15242,#15243);
#15242 = CARTESIAN_POINT('',(60.,0.,0.));
#15243 = VECTOR('',#15244,1.);
#15244 = DIRECTION('',(0.,0.,1.));
#15245 = PCURVE('',#15185,#15246);
#15246 = DEFINITIONAL_REPRESENTATION('',(#15247),#15251);
#15247 = LINE('',#15248,#15249);
#15248 = CARTESIAN_POINT('',(60.,0.));
#15249 = VECTOR('',#15250,1.);
#15250 = DIRECTION('',(0.,-1.));
#15251 = ( GEOMETRIC_REPRESENTATION_CONTEXT(2) 
PARAMETRIC_REPRESENTATION_CONTEXT() REPRESENTATION_CONTEXT('2D SPACE',''
  ) );
#15252 = PCURVE('',#15253,#15258);
#15253 = PLANE('',#15254);
#15254 = AXIS2_PLACEMENT_3D('',#15255,#15256,#15257);
#15255 = CARTESIAN_POINT('',(60.,0.,0.));
#15256 = DIRECTION('',(-1.,0.,0.));
#15257 = DIRECTION('',(0.,1.,0.));
#15258 = DEFINITIONAL_REPRESENTATION('',(#15259),#15263);
#15259 = LINE('',#15260,#15261);
#15260 = CARTESIAN_POINT('',(0.,0.));
#15261 = VECTOR('',#15262,1.);
#15262 = DIRECTION('',(0.,-1.));
#15263 = ( GEOMETRIC_REPRESENTATION_CONTEXT(2) 
PARAMETRIC_REPRESENTATION_CONTEXT() REPRESENTATION_CONTEXT('2D SPACE',''
  ) );
#15264 = ORIENTED_EDGE('',*,*,#15265,.F.);
#15265 = EDGE_CURVE('',#15175,#15238,#15266,.T.);
#15266 = SURFACE_CURVE('',#15267,(#15271,#15278),.PCURVE_S1.);
#15267 = LINE('',#15268,#15269);
#15268 = CARTESIAN_POINT('',(0.,0.,0.));
#15269 = VECTOR('',#15270,1.);
#15270 = DIRECTION('',(1.,0.,0.));
#15271 = PCURVE('',#15185,#15272);
#15272 = DEFINITIONAL_REPRESENTATION('',(#15273),#15277);
#15273 = LINE('',#15274,#15275);
#15274 = CARTESIAN_POINT('',(0.,0.));
#15275 = VECTOR('',#15276,1.);
#15276 = DIRECTION('',(1.,0.));
#15277 = ( GEOMETRIC_REPRESENTATION_CONTEXT(2) 
PARAMETRIC_REPRESENTATION_CONTEXT() REPRESENTATION_CONTEXT('2D SPACE',''
  ) );
#15278 = PCURVE('',#15279,#15284);
#15279 = PLANE('',#15280);
#15280 = AXIS2_PLACEMENT_3D('',#15281,#15282,#15283);
#15281 = CARTESIAN_POINT('',(30.,5.040816326531,0.));
#15282 = DIRECTION('',(0.,0.,1.));
#15283 = DIRECTION('',(1.,0.,-0.));
#15284 = DEFINITIONAL_REPRESENTATION('',(#15285),#15289);
#15285 = LINE('',#15286,#15287);
#15286 = CARTESIAN_POINT('',(-30.,-5.040816326531));
#15287 = VECTOR('',#15288,1.);
#15288 = DIRECTION('',(1.,0.));
#15289 = ( GEOMETRIC_REPRESENTATION_CONTEXT(2) 
PARAMETRIC_REPRESENTATION_CONTEXT() REPRESENTATION_CONTEXT('2D SPACE',''
  ) );
#15290 = ADVANCED_FACE('',(#15291),#15253,.F.);
#15291 = FACE_BOUND('',#15292,.F.);
#15292 = EDGE_LOOP('',(#15293,#15294,#15317,#15345));
#15293 = ORIENTED_EDGE('',*,*,#15237,.T.);
#15294 = ORIENTED_EDGE('',*,*,#15295,.T.);
#15295 = EDGE_CURVE('',#15210,#15296,#15298,.T.);
#15296 = VERTEX_POINT('',#15297);
#15297 = CARTESIAN_POINT('',(60.,20.,2.54E+03));
#15298 = SURFACE_CURVE('',#15299,(#15303,#15310),.PCURVE_S1.);
#15299 = LINE('',#15300,#15301);
#15300 = CARTESIAN_POINT('',(60.,0.,2.54E+03));
#15301 = VECTOR('',#15302,1.);
#15302 = DIRECTION('',(0.,1.,0.));
#15303 = PCURVE('',#15253,#15304);
#15304 = DEFINITIONAL_REPRESENTATION('',(#15305),#15309);
#15305 = LINE('',#15306,#15307);
#15306 = CARTESIAN_POINT('',(0.,-2.54E+03));
#15307 = VECTOR('',#15308,1.);
#15308 = DIRECTION('',(1.,0.));
#15309 = ( GEOMETRIC_REPRESENTATION_CONTEXT(2) 
PARAMETRIC_REPRESENTATION_CONTEXT() REPRESENTATION_CONTEXT('2D SPACE',''
  ) );
#15310 = PCURVE('',#15225,#15311);
#15311 = DEFINITIONAL_REPRESENTATION('',(#15312),#15316);
#15312 = LINE('',#15313,#15314);
#15313 = CARTESIAN_POINT('',(30.,-5.040816326531));
#15314 = VECTOR('',#15315,1.);
#15315 = DIRECTION('',(0.,1.));
#15316 = ( GEOMETRIC_REPRESENTATION_CONTEXT(2) 
PARAMETRIC_REPRESENTATION_CONTEXT() REPRESENTATION_CONTEXT('2D SPACE',''
  ) );
#15317 = ORIENTED_EDGE('',*,*,#15318,.F.);
#15318 = EDGE_CURVE('',#15319,#15296,#15321,.T.);
#15319 = VERTEX_POINT('',#15320);
#15320 = CARTESIAN_POINT('',(60.,20.,0.));
#15321 = SURFACE_CURVE('',#15322,(#15326,#15333),.PCURVE_S1.);
#15322 = LINE('',#15323,#15324);
#15323 = CARTESIAN_POINT('',(60.,20.,0.));
#15324 = VECTOR('',#15325,1.);
#15325 = DIRECTION('',(0.,0.,1.));
#15326 = PCURVE('',#15253,#15327);
#15327 = DEFINITIONAL_REPRESENTATION('',(#15328),#15332);
#15328 = LINE('',#15329,#15330);
#15329 = CARTESIAN_POINT('',(20.,0.));
#15330 = VECTOR('',#15331,1.);
#15331 = DIRECTION('',(0.,-1.));
#15332 = ( GEOMETRIC_REPRESENTATION_CONTEXT(2) 
PARAMETRIC_REPRESENTATION_CONTEXT() REPRESENTATION_CONTEXT('2D SPACE',''
  ) );
#15333 = PCURVE('',#15334,#15339);
#15334 = PLANE('',#15335);
#15335 = AXIS2_PLACEMENT_3D('',#15336,#15337,#15338);
#15336 = CARTESIAN_POINT('',(60.,20.,0.));
#15337 = DIRECTION('',(0.,-1.,0.));
#15338 = DIRECTION('',(-1.,0.,0.));
#15339 = DEFINITIONAL_REPRESENTATION('',(#15340),#15344);
#15340 = LINE('',#15341,#15342);
#15341 = CARTESIAN_POINT('',(0.,-0.));
#15342 = VECTOR('',#15343,1.);
#15343 = DIRECTION('',(0.,-1.));
#15344 = ( GEOMETRIC_REPRESENTATION_CONTEXT(2) 
PARAMETRIC_REPRESENTATION_CONTEXT() REPRESENTATION_CONTEXT('2D SPACE',''
  ) );
#15345 = ORIENTED_EDGE('',*,*,#15346,.F.);
#15346 = EDGE_CURVE('',#15238,#15319,#15347,.T.);
#15347 = SURFACE_CURVE('',#15348,(#15352,#15359),.PCURVE_S1.);
#15348 = LINE('',#15349,#15350);
#15349 = CARTESIAN_POINT('',(60.,0.,0.));
#15350 = VECTOR('',#15351,1.);
#15351 = DIRECTION('',(0.,1.,0.));
#15352 = PCURVE('',#15253,#15353);
#15353 = DEFINITIONAL_REPRESENTATION('',(#15354),#15358);
#15354 = LINE('',#15355,#15356);
#15355 = CARTESIAN_POINT('',(0.,0.));
#15356 = VECTOR('',#15357,1.);
#15357 = DIRECTION('',(1.,0.));
#15358 = ( GEOMETRIC_REPRESENTATION_CONTEXT(2) 
PARAMETRIC_REPRESENTATION_CONTEXT() REPRESENTATION_CONTEXT('2D SPACE',''
  ) );
#15359 = PCURVE('',#15279,#15360);
#15360 = DEFINITIONAL_REPRESENTATION('',(#15361),#15365);
#15361 = LINE('',#15362,#15363);
#15362 = CARTESIAN_POINT('',(30.,-5.040816326531));
#15363 = VECTOR('',#15364,1.);
#15364 = DIRECTION('',(0.,1.));
#15365 = ( GEOMETRIC_REPRESENTATION_CONTEXT(2) 
PARAMETRIC_REPRESENTATION_CONTEXT() REPRESENTATION_CONTEXT('2D SPACE',''
  ) );
#15366 = ADVANCED_FACE('',(#15367),#15334,.F.);
#15367 = FACE_BOUND('',#15368,.F.);
#15368 = EDGE_LOOP('',(#15369,#15370,#15393,#15421));
#15369 = ORIENTED_EDGE('',*,*,#15318,.T.);
#15370 = ORIENTED_EDGE('',*,*,#15371,.T.);
#15371 = EDGE_CURVE('',#15296,#15372,#15374,.T.);
#15372 = VERTEX_POINT('',#15373);
#15373 = CARTESIAN_POINT('',(58.,20.,2.54E+03));
#15374 = SURFACE_CURVE('',#15375,(#15379,#15386),.PCURVE_S1.);
#15375 = LINE('',#15376,#15377);
#15376 = CARTESIAN_POINT('',(60.,20.,2.54E+03));
#15377 = VECTOR('',#15378,1.);
#15378 = DIRECTION('',(-1.,0.,0.));
#15379 = PCURVE('',#15334,#15380);
#15380 = DEFINITIONAL_REPRESENTATION('',(#15381),#15385);
#15381 = LINE('',#15382,#15383);
#15382 = CARTESIAN_POINT('',(0.,-2.54E+03));
#15383 = VECTOR('',#15384,1.);
#15384 = DIRECTION('',(1.,0.));
#15385 = ( GEOMETRIC_REPRESENTATION_CONTEXT(2) 
PARAMETRIC_REPRESENTATION_CONTEXT() REPRESENTATION_CONTEXT('2D SPACE',''
  ) );
#15386 = PCURVE('',#15225,#15387);
#15387 = DEFINITIONAL_REPRESENTATION('',(#15388),#15392);
#15388 = LINE('',#15389,#15390);
#15389 = CARTESIAN_POINT('',(30.,14.959183673469));
#15390 = VECTOR('',#15391,1.);
#15391 = DIRECTION('',(-1.,0.));
#15392 = ( GEOMETRIC_REPRESENTATION_CONTEXT(2) 
PARAMETRIC_REPRESENTATION_CONTEXT() REPRESENTATION_CONTEXT('2D SPACE',''
  ) );
#15393 = ORIENTED_EDGE('',*,*,#15394,.F.);
#15394 = EDGE_CURVE('',#15395,#15372,#15397,.T.);
#15395 = VERTEX_POINT('',#15396);
#15396 = CARTESIAN_POINT('',(58.,20.,0.));
#15397 = SURFACE_CURVE('',#15398,(#15402,#15409),.PCURVE_S1.);
#15398 = LINE('',#15399,#15400);
#15399 = CARTESIAN_POINT('',(58.,20.,0.));
#15400 = VECTOR('',#15401,1.);
#15401 = DIRECTION('',(0.,0.,1.));
#15402 = PCURVE('',#15334,#15403);
#15403 = DEFINITIONAL_REPRESENTATION('',(#15404),#15408);
#15404 = LINE('',#15405,#15406);
#15405 = CARTESIAN_POINT('',(2.,0.));
#15406 = VECTOR('',#15407,1.);
#15407 = DIRECTION('',(0.,-1.));
#15408 = ( GEOMETRIC_REPRESENTATION_CONTEXT(2) 
PARAMETRIC_REPRESENTATION_CONTEXT() REPRESENTATION_CONTEXT('2D SPACE',''
  ) );
#15409 = PCURVE('',#15410,#15415);
#15410 = PLANE('',#15411);
#15411 = AXIS2_PLACEMENT_3D('',#15412,#15413,#15414);
#15412 = CARTESIAN_POINT('',(58.,20.,0.));
#15413 = DIRECTION('',(1.,0.,-0.));
#15414 = DIRECTION('',(0.,-1.,0.));
#15415 = DEFINITIONAL_REPRESENTATION('',(#15416),#15420);
#15416 = LINE('',#15417,#15418);
#15417 = CARTESIAN_POINT('',(0.,0.));
#15418 = VECTOR('',#15419,1.);
#15419 = DIRECTION('',(0.,-1.));
#15420 = ( GEOMETRIC_REPRESENTATION_CONTEXT(2) 
PARAMETRIC_REPRESENTATION_CONTEXT() REPRESENTATION_CONTEXT('2D SPACE',''
  ) );
#15421 = ORIENTED_EDGE('',*,*,#15422,.F.);
#15422 = EDGE_CURVE('',#15319,#15395,#15423,.T.);
#15423 = SURFACE_CURVE('',#15424,(#15428,#15435),.PCURVE_S1.);
#15424 = LINE('',#15425,#15426);
#15425 = CARTESIAN_POINT('',(60.,20.,0.));
#15426 = VECTOR('',#15427,1.);
#15427 = DIRECTION('',(-1.,0.,0.));
#15428 = PCURVE('',#15334,#15429);
#15429 = DEFINITIONAL_REPRESENTATION('',(#15430),#15434);
#15430 = LINE('',#15431,#15432);
#15431 = CARTESIAN_POINT('',(0.,-0.));
#15432 = VECTOR('',#15433,1.);
#15433 = DIRECTION('',(1.,0.));
#15434 = ( GEOMETRIC_REPRESENTATION_CONTEXT(2) 
PARAMETRIC_REPRESENTATION_CONTEXT() REPRESENTATION_CONTEXT('2D SPACE',''
  ) );
#15435 = PCURVE('',#15279,#15436);
#15436 = DEFINITIONAL_REPRESENTATION('',(#15437),#15441);
#15437 = LINE('',#15438,#15439);
#15438 = CARTESIAN_POINT('',(30.,14.959183673469));
#15439 = VECTOR('',#15440,1.);
#15440 = DIRECTION('',(-1.,0.));
#15441 = ( GEOMETRIC_REPRESENTATION_CONTEXT(2) 
PARAMETRIC_REPRESENTATION_CONTEXT() REPRESENTATION_CONTEXT('2D SPACE',''
  ) );
#15442 = ADVANCED_FACE('',(#15443),#15410,.F.);
#15443 = FACE_BOUND('',#15444,.F.);
#15444 = EDGE_LOOP('',(#15445,#15446,#15469,#15497));
#15445 = ORIENTED_EDGE('',*,*,#15394,.T.);
#15446 = ORIENTED_EDGE('',*,*,#15447,.T.);
#15447 = EDGE_CURVE('',#15372,#15448,#15450,.T.);
#15448 = VERTEX_POINT('',#15449);
#15449 = CARTESIAN_POINT('',(58.,2.,2.54E+03));
#15450 = SURFACE_CURVE('',#15451,(#15455,#15462),.PCURVE_S1.);
#15451 = LINE('',#15452,#15453);
#15452 = CARTESIAN_POINT('',(58.,20.,2.54E+03));
#15453 = VECTOR('',#15454,1.);
#15454 = DIRECTION('',(0.,-1.,0.));
#15455 = PCURVE('',#15410,#15456);
#15456 = DEFINITIONAL_REPRESENTATION('',(#15457),#15461);
#15457 = LINE('',#15458,#15459);
#15458 = CARTESIAN_POINT('',(0.,-2.54E+03));
#15459 = VECTOR('',#15460,1.);
#15460 = DIRECTION('',(1.,0.));
#15461 = ( GEOMETRIC_REPRESENTATION_CONTEXT(2) 
PARAMETRIC_REPRESENTATION_CONTEXT() REPRESENTATION_CONTEXT('2D SPACE',''
  ) );
#15462 = PCURVE('',#15225,#15463);
#15463 = DEFINITIONAL_REPRESENTATION('',(#15464),#15468);
#15464 = LINE('',#15465,#15466);
#15465 = CARTESIAN_POINT('',(28.,14.959183673469));
#15466 = VECTOR('',#15467,1.);
#15467 = DIRECTION('',(0.,-1.));
#15468 = ( GEOMETRIC_REPRESENTATION_CONTEXT(2) 
PARAMETRIC_REPRESENTATION_CONTEXT() REPRESENTATION_CONTEXT('2D SPACE',''
  ) );
#15469 = ORIENTED_EDGE('',*,*,#15470,.F.);
#15470 = EDGE_CURVE('',#15471,#15448,#15473,.T.);
#15471 = VERTEX_POINT('',#15472);
#15472 = CARTESIAN_POINT('',(58.,2.,0.));
#15473 = SURFACE_CURVE('',#15474,(#15478,#15485),.PCURVE_S1.);
#15474 = LINE('',#15475,#15476);
#15475 = CARTESIAN_POINT('',(58.,2.,0.));
#15476 = VECTOR('',#15477,1.);
#15477 = DIRECTION('',(0.,0.,1.));
#15478 = PCURVE('',#15410,#15479);
#15479 = DEFINITIONAL_REPRESENTATION('',(#15480),#15484);
#15480 = LINE('',#15481,#15482);
#15481 = CARTESIAN_POINT('',(18.,0.));
#15482 = VECTOR('',#15483,1.);
#15483 = DIRECTION('',(0.,-1.));
#15484 = ( GEOMETRIC_REPRESENTATION_CONTEXT(2) 
PARAMETRIC_REPRESENTATION_CONTEXT() REPRESENTATION_CONTEXT('2D SPACE',''
  ) );
#15485 = PCURVE('',#15486,#15491);
#15486 = PLANE('',#15487);
#15487 = AXIS2_PLACEMENT_3D('',#15488,#15489,#15490);
#15488 = CARTESIAN_POINT('',(58.,2.,0.));
#15489 = DIRECTION('',(0.,-1.,0.));
#15490 = DIRECTION('',(-1.,0.,0.));
#15491 = DEFINITIONAL_REPRESENTATION('',(#15492),#15496);
#15492 = LINE('',#15493,#15494);
#15493 = CARTESIAN_POINT('',(0.,-0.));
#15494 = VECTOR('',#15495,1.);
#15495 = DIRECTION('',(0.,-1.));
#15496 = ( GEOMETRIC_REPRESENTATION_CONTEXT(2) 
PARAMETRIC_REPRESENTATION_CONTEXT() REPRESENTATION_CONTEXT('2D SPACE',''
  ) );
#15497 = ORIENTED_EDGE('',*,*,#15498,.F.);
#15498 = EDGE_CURVE('',#15395,#15471,#15499,.T.);
#15499 = SURFACE_CURVE('',#15500,(#15504,#15511),.PCURVE_S1.);
#15500 = LINE('',#15501,#15502);
#15501 = CARTESIAN_POINT('',(58.,20.,0.));
#15502 = VECTOR('',#15503,1.);
#15503 = DIRECTION('',(0.,-1.,0.));
#15504 = PCURVE('',#15410,#15505);
#15505 = DEFINITIONAL_REPRESENTATION('',(#15506),#15510);
#15506 = LINE('',#15507,#15508);
#15507 = CARTESIAN_POINT('',(0.,0.));
#15508 = VECTOR('',#15509,1.);
#15509 = DIRECTION('',(1.,0.));
#15510 = ( GEOMETRIC_REPRESENTATION_CONTEXT(2) 
PARAMETRIC_REPRESENTATION_CONTEXT() REPRESENTATION_CONTEXT('2D SPACE',''
  ) );
#15511 = PCURVE('',#15279,#15512);
#15512 = DEFINITIONAL_REPRESENTATION('',(#15513),#15517);
#15513 = LINE('',#15514,#15515);
#15514 = CARTESIAN_POINT('',(28.,14.959183673469));
#15515 = VECTOR('',#15516,1.);
#15516 = DIRECTION('',(0.,-1.));
#15517 = ( GEOMETRIC_REPRESENTATION_CONTEXT(2) 
PARAMETRIC_REPRESENTATION_CONTEXT() REPRESENTATION_CONTEXT('2D SPACE',''
  ) );
#15518 = ADVANCED_FACE('',(#15519),#15486,.F.);
#15519 = FACE_BOUND('',#15520,.F.);
#15520 = EDGE_LOOP('',(#15521,#15522,#15545,#15573));
#15521 = ORIENTED_EDGE('',*,*,#15470,.T.);
#15522 = ORIENTED_EDGE('',*,*,#15523,.T.);
#15523 = EDGE_CURVE('',#15448,#15524,#15526,.T.);
#15524 = VERTEX_POINT('',#15525);
#15525 = CARTESIAN_POINT('',(2.,2.,2.54E+03));
#15526 = SURFACE_CURVE('',#15527,(#15531,#15538),.PCURVE_S1.);
#15527 = LINE('',#15528,#15529);
#15528 = CARTESIAN_POINT('',(58.,2.,2.54E+03));
#15529 = VECTOR('',#15530,1.);
#15530 = DIRECTION('',(-1.,0.,0.));
#15531 = PCURVE('',#15486,#15532);
#15532 = DEFINITIONAL_REPRESENTATION('',(#15533),#15537);
#15533 = LINE('',#15534,#15535);
#15534 = CARTESIAN_POINT('',(0.,-2.54E+03));
#15535 = VECTOR('',#15536,1.);
#15536 = DIRECTION('',(1.,0.));
#15537 = ( GEOMETRIC_REPRESENTATION_CONTEXT(2) 
PARAMETRIC_REPRESENTATION_CONTEXT() REPRESENTATION_CONTEXT('2D SPACE',''
  ) );
#15538 = PCURVE('',#15225,#15539);
#15539 = DEFINITIONAL_REPRESENTATION('',(#15540),#15544);
#15540 = LINE('',#15541,#15542);
#15541 = CARTESIAN_POINT('',(28.,-3.040816326531));
#15542 = VECTOR('',#15543,1.);
#15543 = DIRECTION('',(-1.,0.));
#15544 = ( GEOMETRIC_REPRESENTATION_CONTEXT(2) 
PARAMETRIC_REPRESENTATION_CONTEXT() REPRESENTATION_CONTEXT('2D SPACE',''
  ) );
#15545 = ORIENTED_EDGE('',*,*,#15546,.F.);
#15546 = EDGE_CURVE('',#15547,#15524,#15549,.T.);
#15547 = VERTEX_POINT('',#15548);
#15548 = CARTESIAN_POINT('',(2.,2.,0.));
#15549 = SURFACE_CURVE('',#15550,(#15554,#15561),.PCURVE_S1.);
#15550 = LINE('',#15551,#15552);
#15551 = CARTESIAN_POINT('',(2.,2.,0.));
#15552 = VECTOR('',#15553,1.);
#15553 = DIRECTION('',(0.,0.,1.));
#15554 = PCURVE('',#15486,#15555);
#15555 = DEFINITIONAL_REPRESENTATION('',(#15556),#15560);
#15556 = LINE('',#15557,#15558);
#15557 = CARTESIAN_POINT('',(56.,0.));
#15558 = VECTOR('',#15559,1.);
#15559 = DIRECTION('',(0.,-1.));
#15560 = ( GEOMETRIC_REPRESENTATION_CONTEXT(2) 
PARAMETRIC_REPRESENTATION_CONTEXT() REPRESENTATION_CONTEXT('2D SPACE',''
  ) );
#15561 = PCURVE('',#15562,#15567);
#15562 = PLANE('',#15563);
#15563 = AXIS2_PLACEMENT_3D('',#15564,#15565,#15566);
#15564 = CARTESIAN_POINT('',(2.,2.,0.));
#15565 = DIRECTION('',(-1.,0.,0.));
#15566 = DIRECTION('',(0.,1.,0.));
#15567 = DEFINITIONAL_REPRESENTATION('',(#15568),#15572);
#15568 = LINE('',#15569,#15570);
#15569 = CARTESIAN_POINT('',(0.,0.));
#15570 = VECTOR('',#15571,1.);
#15571 = DIRECTION('',(0.,-1.));
#15572 = ( GEOMETRIC_REPRESENTATION_CONTEXT(2) 
PARAMETRIC_REPRESENTATION_CONTEXT() REPRESENTATION_CONTEXT('2D SPACE',''
  ) );
#15573 = ORIENTED_EDGE('',*,*,#15574,.F.);
#15574 = EDGE_CURVE('',#15471,#15547,#15575,.T.);
#15575 = SURFACE_CURVE('',#15576,(#15580,#15587),.PCURVE_S1.);
#15576 = LINE('',#15577,#15578);
#15577 = CARTESIAN_POINT('',(58.,2.,0.));
#15578 = VECTOR('',#15579,1.);
#15579 = DIRECTION('',(-1.,0.,0.));
#15580 = PCURVE('',#15486,#15581);
#15581 = DEFINITIONAL_REPRESENTATION('',(#15582),#15586);
#15582 = LINE('',#15583,#15584);
#15583 = CARTESIAN_POINT('',(0.,-0.));
#15584 = VECTOR('',#15585,1.);
#15585 = DIRECTION('',(1.,0.));
#15586 = ( GEOMETRIC_REPRESENTATION_CONTEXT(2) 
PARAMETRIC_REPRESENTATION_CONTEXT() REPRESENTATION_CONTEXT('2D SPACE',''
  ) );
#15587 = PCURVE('',#15279,#15588);
#15588 = DEFINITIONAL_REPRESENTATION('',(#15589),#15593);
#15589 = LINE('',#15590,#15591);
#15590 = CARTESIAN_POINT('',(28.,-3.040816326531));
#15591 = VECTOR('',#15592,1.);
#15592 = DIRECTION('',(-1.,0.));
#15593 = ( GEOMETRIC_REPRESENTATION_CONTEXT(2) 
PARAMETRIC_REPRESENTATION_CONTEXT() REPRESENTATION_CONTEXT('2D SPACE',''
  ) );
#15594 = ADVANCED_FACE('',(#15595),#15562,.F.);
#15595 = FACE_BOUND('',#15596,.F.);
#15596 = EDGE_LOOP('',(#15597,#15598,#15621,#15649));
#15597 = ORIENTED_EDGE('',*,*,#15546,.T.);
#15598 = ORIENTED_EDGE('',*,*,#15599,.T.);
#15599 = EDGE_CURVE('',#15524,#15600,#15602,.T.);
#15600 = VERTEX_POINT('',#15601);
#15601 = CARTESIAN_POINT('',(2.,20.,2.54E+03));
#15602 = SURFACE_CURVE('',#15603,(#15607,#15614),.PCURVE_S1.);
#15603 = LINE('',#15604,#15605);
#15604 = CARTESIAN_POINT('',(2.,2.,2.54E+03));
#15605 = VECTOR('',#15606,1.);
#15606 = DIRECTION('',(0.,1.,0.));
#15607 = PCURVE('',#15562,#15608);
#15608 = DEFINITIONAL_REPRESENTATION('',(#15609),#15613);
#15609 = LINE('',#15610,#15611);
#15610 = CARTESIAN_POINT('',(0.,-2.54E+03));
#15611 = VECTOR('',#15612,1.);
#15612 = DIRECTION('',(1.,0.));
#15613 = ( GEOMETRIC_REPRESENTATION_CONTEXT(2) 
PARAMETRIC_REPRESENTATION_CONTEXT() REPRESENTATION_CONTEXT('2D SPACE',''
  ) );
#15614 = PCURVE('',#15225,#15615);
#15615 = DEFINITIONAL_REPRESENTATION('',(#15616),#15620);
#15616 = LINE('',#15617,#15618);
#15617 = CARTESIAN_POINT('',(-28.,-3.040816326531));
#15618 = VECTOR('',#15619,1.);
#15619 = DIRECTION('',(0.,1.));
#15620 = ( GEOMETRIC_REPRESENTATION_CONTEXT(2) 
PARAMETRIC_REPRESENTATION_CONTEXT() REPRESENTATION_CONTEXT('2D SPACE',''
  ) );
#15621 = ORIENTED_EDGE('',*,*,#15622,.F.);
#15622 = EDGE_CURVE('',#15623,#15600,#15625,.T.);
#15623 = VERTEX_POINT('',#15624);
#15624 = CARTESIAN_POINT('',(2.,20.,0.));
#15625 = SURFACE_CURVE('',#15626,(#15630,#15637),.PCURVE_S1.);
#15626 = LINE('',#15627,#15628);
#15627 = CARTESIAN_POINT('',(2.,20.,0.));
#15628 = VECTOR('',#15629,1.);
#15629 = DIRECTION('',(0.,0.,1.));
#15630 = PCURVE('',#15562,#15631);
#15631 = DEFINITIONAL_REPRESENTATION('',(#15632),#15636);
#15632 = LINE('',#15633,#15634);
#15633 = CARTESIAN_POINT('',(18.,0.));
#15634 = VECTOR('',#15635,1.);
#15635 = DIRECTION('',(0.,-1.));
#15636 = ( GEOMETRIC_REPRESENTATION_CONTEXT(2) 
PARAMETRIC_REPRESENTATION_CONTEXT() REPRESENTATION_CONTEXT('2D SPACE',''
  ) );
#15637 = PCURVE('',#15638,#15643);
#15638 = PLANE('',#15639);
#15639 = AXIS2_PLACEMENT_3D('',#15640,#15641,#15642);
#15640 = CARTESIAN_POINT('',(2.,20.,0.));
#15641 = DIRECTION('',(0.,-1.,0.));
#15642 = DIRECTION('',(-1.,0.,0.));
#15643 = DEFINITIONAL_REPRESENTATION('',(#15644),#15648);
#15644 = LINE('',#15645,#15646);
#15645 = CARTESIAN_POINT('',(0.,-0.));
#15646 = VECTOR('',#15647,1.);
#15647 = DIRECTION('',(0.,-1.));
#15648 = ( GEOMETRIC_REPRESENTATION_CONTEXT(2) 
PARAMETRIC_REPRESENTATION_CONTEXT() REPRESENTATION_CONTEXT('2D SPACE',''
  ) );
#15649 = ORIENTED_EDGE('',*,*,#15650,.F.);
#15650 = EDGE_CURVE('',#15547,#15623,#15651,.T.);
#15651 = SURFACE_CURVE('',#15652,(#15656,#15663),.PCURVE_S1.);
#15652 = LINE('',#15653,#15654);
#15653 = CARTESIAN_POINT('',(2.,2.,0.));
#15654 = VECTOR('',#15655,1.);
#15655 = DIRECTION('',(0.,1.,0.));
#15656 = PCURVE('',#15562,#15657);
#15657 = DEFINITIONAL_REPRESENTATION('',(#15658),#15662);
#15658 = LINE('',#15659,#15660);
#15659 = CARTESIAN_POINT('',(0.,0.));
#15660 = VECTOR('',#15661,1.);
#15661 = DIRECTION('',(1.,0.));
#15662 = ( GEOMETRIC_REPRESENTATION_CONTEXT(2) 
PARAMETRIC_REPRESENTATION_CONTEXT() REPRESENTATION_CONTEXT('2D SPACE',''
  ) );
#15663 = PCURVE('',#15279,#15664);
#15664 = DEFINITIONAL_REPRESENTATION('',(#15665),#15669);
#15665 = LINE('',#15666,#15667);
#15666 = CARTESIAN_POINT('',(-28.,-3.040816326531));
#15667 = VECTOR('',#15668,1.);
#15668 = DIRECTION('',(0.,1.));
#15669 = ( GEOMETRIC_REPRESENTATION_CONTEXT(2) 
PARAMETRIC_REPRESENTATION_CONTEXT() REPRESENTATION_CONTEXT('2D SPACE',''
  ) );
#15670 = ADVANCED_FACE('',(#15671),#15638,.F.);
#15671 = FACE_BOUND('',#15672,.F.);
#15672 = EDGE_LOOP('',(#15673,#15674,#15697,#15720));
#15673 = ORIENTED_EDGE('',*,*,#15622,.T.);
#15674 = ORIENTED_EDGE('',*,*,#15675,.T.);
#15675 = EDGE_CURVE('',#15600,#15676,#15678,.T.);
#15676 = VERTEX_POINT('',#15677);
#15677 = CARTESIAN_POINT('',(0.,20.,2.54E+03));
#15678 = SURFACE_CURVE('',#15679,(#15683,#15690),.PCURVE_S1.);
#15679 = LINE('',#15680,#15681);
#15680 = CARTESIAN_POINT('',(2.,20.,2.54E+03));
#15681 = VECTOR('',#15682,1.);
#15682 = DIRECTION('',(-1.,0.,0.));
#15683 = PCURVE('',#15638,#15684);
#15684 = DEFINITIONAL_REPRESENTATION('',(#15685),#15689);
#15685 = LINE('',#15686,#15687);
#15686 = CARTESIAN_POINT('',(0.,-2.54E+03));
#15687 = VECTOR('',#15688,1.);
#15688 = DIRECTION('',(1.,0.));
#15689 = ( GEOMETRIC_REPRESENTATION_CONTEXT(2) 
PARAMETRIC_REPRESENTATION_CONTEXT() REPRESENTATION_CONTEXT('2D SPACE',''
  ) );
#15690 = PCURVE('',#15225,#15691);
#15691 = DEFINITIONAL_REPRESENTATION('',(#15692),#15696);
#15692 = LINE('',#15693,#15694);
#15693 = CARTESIAN_POINT('',(-28.,14.959183673469));
#15694 = VECTOR('',#15695,1.);
#15695 = DIRECTION('',(-1.,0.));
#15696 = ( GEOMETRIC_REPRESENTATION_CONTEXT(2) 
PARAMETRIC_REPRESENTATION_CONTEXT() REPRESENTATION_CONTEXT('2D SPACE',''
  ) );
#15697 = ORIENTED_EDGE('',*,*,#15698,.F.);
#15698 = EDGE_CURVE('',#15699,#15676,#15701,.T.);
#15699 = VERTEX_POINT('',#15700);
#15700 = CARTESIAN_POINT('',(0.,20.,0.));
#15701 = SURFACE_CURVE('',#15702,(#15706,#15713),.PCURVE_S1.);
#15702 = LINE('',#15703,#15704);
#15703 = CARTESIAN_POINT('',(0.,20.,0.));
#15704 = VECTOR('',#15705,1.);
#15705 = DIRECTION('',(0.,0.,1.));
#15706 = PCURVE('',#15638,#15707);
#15707 = DEFINITIONAL_REPRESENTATION('',(#15708),#15712);
#15708 = LINE('',#15709,#15710);
#15709 = CARTESIAN_POINT('',(2.,0.));
#15710 = VECTOR('',#15711,1.);
#15711 = DIRECTION('',(0.,-1.));
#15712 = ( GEOMETRIC_REPRESENTATION_CONTEXT(2) 
PARAMETRIC_REPRESENTATION_CONTEXT() REPRESENTATION_CONTEXT('2D SPACE',''
  ) );
#15713 = PCURVE('',#15197,#15714);
#15714 = DEFINITIONAL_REPRESENTATION('',(#15715),#15719);
#15715 = LINE('',#15716,#15717);
#15716 = CARTESIAN_POINT('',(0.,0.));
#15717 = VECTOR('',#15718,1.);
#15718 = DIRECTION('',(0.,-1.));
#15719 = ( GEOMETRIC_REPRESENTATION_CONTEXT(2) 
PARAMETRIC_REPRESENTATION_CONTEXT() REPRESENTATION_CONTEXT('2D SPACE',''
  ) );
#15720 = ORIENTED_EDGE('',*,*,#15721,.F.);
#15721 = EDGE_CURVE('',#15623,#15699,#15722,.T.);
#15722 = SURFACE_CURVE('',#15723,(#15727,#15734),.PCURVE_S1.);
#15723 = LINE('',#15724,#15725);
#15724 = CARTESIAN_POINT('',(2.,20.,0.));
#15725 = VECTOR('',#15726,1.);
#15726 = DIRECTION('',(-1.,0.,0.));
#15727 = PCURVE('',#15638,#15728);
#15728 = DEFINITIONAL_REPRESENTATION('',(#15729),#15733);
#15729 = LINE('',#15730,#15731);
#15730 = CARTESIAN_POINT('',(0.,-0.));
#15731 = VECTOR('',#15732,1.);
#15732 = DIRECTION('',(1.,0.));
#15733 = ( GEOMETRIC_REPRESENTATION_CONTEXT(2) 
PARAMETRIC_REPRESENTATION_CONTEXT() REPRESENTATION_CONTEXT('2D SPACE',''
  ) );
#15734 = PCURVE('',#15279,#15735);
#15735 = DEFINITIONAL_REPRESENTATION('',(#15736),#15740);
#15736 = LINE('',#15737,#15738);
#15737 = CARTESIAN_POINT('',(-28.,14.959183673469));
#15738 = VECTOR('',#15739,1.);
#15739 = DIRECTION('',(-1.,0.));
#15740 = ( GEOMETRIC_REPRESENTATION_CONTEXT(2) 
PARAMETRIC_REPRESENTATION_CONTEXT() REPRESENTATION_CONTEXT('2D SPACE',''
  ) );
#15741 = ADVANCED_FACE('',(#15742),#15197,.F.);
#15742 = FACE_BOUND('',#15743,.F.);
#15743 = EDGE_LOOP('',(#15744,#15745,#15766,#15767));
#15744 = ORIENTED_EDGE('',*,*,#15698,.T.);
#15745 = ORIENTED_EDGE('',*,*,#15746,.T.);
#15746 = EDGE_CURVE('',#15676,#15177,#15747,.T.);
#15747 = SURFACE_CURVE('',#15748,(#15752,#15759),.PCURVE_S1.);
#15748 = LINE('',#15749,#15750);
#15749 = CARTESIAN_POINT('',(0.,20.,2.54E+03));
#15750 = VECTOR('',#15751,1.);
#15751 = DIRECTION('',(0.,-1.,0.));
#15752 = PCURVE('',#15197,#15753);
#15753 = DEFINITIONAL_REPRESENTATION('',(#15754),#15758);
#15754 = LINE('',#15755,#15756);
#15755 = CARTESIAN_POINT('',(0.,-2.54E+03));
#15756 = VECTOR('',#15757,1.);
#15757 = DIRECTION('',(1.,0.));
#15758 = ( GEOMETRIC_REPRESENTATION_CONTEXT(2) 
PARAMETRIC_REPRESENTATION_CONTEXT() REPRESENTATION_CONTEXT('2D SPACE',''
  ) );
#15759 = PCURVE('',#15225,#15760);
#15760 = DEFINITIONAL_REPRESENTATION('',(#15761),#15765);
#15761 = LINE('',#15762,#15763);
#15762 = CARTESIAN_POINT('',(-30.,14.959183673469));
#15763 = VECTOR('',#15764,1.);
#15764 = DIRECTION('',(0.,-1.));
#15765 = ( GEOMETRIC_REPRESENTATION_CONTEXT(2) 
PARAMETRIC_REPRESENTATION_CONTEXT() REPRESENTATION_CONTEXT('2D SPACE',''
  ) );
#15766 = ORIENTED_EDGE('',*,*,#15174,.F.);
#15767 = ORIENTED_EDGE('',*,*,#15768,.F.);
#15768 = EDGE_CURVE('',#15699,#15175,#15769,.T.);
#15769 = SURFACE_CURVE('',#15770,(#15774,#15781),.PCURVE_S1.);
#15770 = LINE('',#15771,#15772);
#15771 = CARTESIAN_POINT('',(0.,20.,0.));
#15772 = VECTOR('',#15773,1.);
#15773 = DIRECTION('',(0.,-1.,0.));
#15774 = PCURVE('',#15197,#15775);
#15775 = DEFINITIONAL_REPRESENTATION('',(#15776),#15780);
#15776 = LINE('',#15777,#15778);
#15777 = CARTESIAN_POINT('',(0.,0.));
#15778 = VECTOR('',#15779,1.);
#15779 = DIRECTION('',(1.,0.));
#15780 = ( GEOMETRIC_REPRESENTATION_CONTEXT(2) 
PARAMETRIC_REPRESENTATION_CONTEXT() REPRESENTATION_CONTEXT('2D SPACE',''
  ) );
#15781 = PCURVE('',#15279,#15782);
#15782 = DEFINITIONAL_REPRESENTATION('',(#15783),#15787);
#15783 = LINE('',#15784,#15785);
#15784 = CARTESIAN_POINT('',(-30.,14.959183673469));
#15785 = VECTOR('',#15786,1.);
#15786 = DIRECTION('',(0.,-1.));
#15787 = ( GEOMETRIC_REPRESENTATION_CONTEXT(2) 
PARAMETRIC_REPRESENTATION_CONTEXT() REPRESENTATION_CONTEXT('2D SPACE',''
  ) );
#15788 = ADVANCED_FACE('',(#15789),#15279,.F.);
#15789 = FACE_BOUND('',#15790,.F.);
#15790 = EDGE_LOOP('',(#15791,#15792,#15793,#15794,#15795,#15796,#15797,
    #15798));
#15791 = ORIENTED_EDGE('',*,*,#15265,.T.);
#15792 = ORIENTED_EDGE('',*,*,#15346,.T.);
#15793 = ORIENTED_EDGE('',*,*,#15422,.T.);
#15794 = ORIENTED_EDGE('',*,*,#15498,.T.);
#15795 = ORIENTED_EDGE('',*,*,#15574,.T.);
#15796 = ORIENTED_EDGE('',*,*,#15650,.T.);
#15797 = ORIENTED_EDGE('',*,*,#15721,.T.);
#15798 = ORIENTED_EDGE('',*,*,#15768,.T.);
#15799 = ADVANCED_FACE('',(#15800),#15225,.T.);
#15800 = FACE_BOUND('',#15801,.T.);
#15801 = EDGE_LOOP('',(#15802,#15803,#15804,#15805,#15806,#15807,#15808,
    #15809));
#15802 = ORIENTED_EDGE('',*,*,#15209,.T.);
#15803 = ORIENTED_EDGE('',*,*,#15295,.T.);
#15804 = ORIENTED_EDGE('',*,*,#15371,.T.);
#15805 = ORIENTED_EDGE('',*,*,#15447,.T.);
#15806 = ORIENTED_EDGE('',*,*,#15523,.T.);
#15807 = ORIENTED_EDGE('',*,*,#15599,.T.);
#15808 = ORIENTED_EDGE('',*,*,#15675,.T.);
#15809 = ORIENTED_EDGE('',*,*,#15746,.T.);
#15810 = ( GEOMETRIC_REPRESENTATION_CONTEXT(3) 
GLOBAL_UNCERTAINTY_ASSIGNED_CONTEXT((#15814)) 
GLOBAL_UNIT_ASSIGNED_CONTEXT((#15811,#15812,#15813)) 
REPRESENTATION_CONTEXT('Context #1',
  '3D Context with UNIT and UNCERTAINTY') );
#15811 = ( LENGTH_UNIT() NAMED_UNIT(*) SI_UNIT(.MILLI.,.METRE.) );
#15812 = ( NAMED_UNIT(*) PLANE_ANGLE_UNIT() SI_UNIT($,.RADIAN.) );
#15813 = ( NAMED_UNIT(*) SI_UNIT($,.STERADIAN.) SOLID_ANGLE_UNIT() );
#15814 = UNCERTAINTY_MEASURE_WITH_UNIT(LENGTH_MEASURE(1.E-07),#15811,
  'distance_accuracy_value','confusion accuracy');
#15815 = CONTEXT_DEPENDENT_SHAPE_REPRESENTATION(#15816,#15818);
#15816 = ( REPRESENTATION_RELATIONSHIP('','',#15167,#10) 
REPRESENTATION_RELATIONSHIP_WITH_TRANSFORMATION(#15817) 
SHAPE_REPRESENTATION_RELATIONSHIP() );
#15817 = ITEM_DEFINED_TRANSFORMATION('','',#11,#95);
#15818 = PRODUCT_DEFINITION_SHAPE('Placement','Placement of an item',
  #15819);
#15819 = NEXT_ASSEMBLY_USAGE_OCCURRENCE('32','','',#5,#15162,$);
#15820 = PRODUCT_RELATED_PRODUCT_CATEGORY('part',$,(#15164));
#15821 = SHAPE_DEFINITION_REPRESENTATION(#15822,#15828);
#15822 = PRODUCT_DEFINITION_SHAPE('','',#15823);
#15823 = PRODUCT_DEFINITION('design','',#15824,#15827);
#15824 = PRODUCT_DEFINITION_FORMATION('','',#15825);
#15825 = PRODUCT('Open CASCADE STEP translator 7.8 12.22',
  'Open CASCADE STEP translator 7.8 12.22','',(#15826));
#15826 = PRODUCT_CONTEXT('',#2,'mechanical');
#15827 = PRODUCT_DEFINITION_CONTEXT('part definition',#2,'design');
#15828 = SHAPE_REPRESENTATION('',(#11,#15829),#15833);
#15829 = AXIS2_PLACEMENT_3D('',#15830,#15831,#15832);
#15830 = CARTESIAN_POINT('',(0.,0.,0.));
#15831 = DIRECTION('',(0.,0.,1.));
#15832 = DIRECTION('',(1.,0.,-0.));
#15833 = ( GEOMETRIC_REPRESENTATION_CONTEXT(3) 
GLOBAL_UNCERTAINTY_ASSIGNED_CONTEXT((#15837)) 
GLOBAL_UNIT_ASSIGNED_CONTEXT((#15834,#15835,#15836)) 
REPRESENTATION_CONTEXT('Context #1',
  '3D Context with UNIT and UNCERTAINTY') );
#15834 = ( LENGTH_UNIT() NAMED_UNIT(*) SI_UNIT(.MILLI.,.METRE.) );
#15835 = ( NAMED_UNIT(*) PLANE_ANGLE_UNIT() SI_UNIT($,.RADIAN.) );
#15836 = ( NAMED_UNIT(*) SI_UNIT($,.STERADIAN.) SOLID_ANGLE_UNIT() );
#15837 = UNCERTAINTY_MEASURE_WITH_UNIT(LENGTH_MEASURE(1.E-07),#15834,
  'distance_accuracy_value','confusion accuracy');
#15838 = CONTEXT_DEPENDENT_SHAPE_REPRESENTATION(#15839,#15841);
#15839 = ( REPRESENTATION_RELATIONSHIP('','',#15828,#10) 
REPRESENTATION_RELATIONSHIP_WITH_TRANSFORMATION(#15840) 
SHAPE_REPRESENTATION_RELATIONSHIP() );
#15840 = ITEM_DEFINED_TRANSFORMATION('','',#11,#99);
#15841 = PRODUCT_DEFINITION_SHAPE('Placement','Placement of an item',
  #15842);
#15842 = NEXT_ASSEMBLY_USAGE_OCCURRENCE('37','','',#5,#15823,$);
#15843 = PRODUCT_RELATED_PRODUCT_CATEGORY('part',$,(#15825));
#15844 = SHAPE_DEFINITION_REPRESENTATION(#15845,#15851);
#15845 = PRODUCT_DEFINITION_SHAPE('','',#15846);
#15846 = PRODUCT_DEFINITION('design','',#15847,#15850);
#15847 = PRODUCT_DEFINITION_FORMATION('','',#15848);
#15848 = PRODUCT('Open CASCADE STEP translator 7.8 12.22.1',
  'Open CASCADE STEP translator 7.8 12.22.1','',(#15849));
#15849 = PRODUCT_CONTEXT('',#2,'mechanical');
#15850 = PRODUCT_DEFINITION_CONTEXT('part definition',#2,'design');
#15851 = SHAPE_REPRESENTATION('',(#11,#15852,#15856,#15860),#15864);
#15852 = AXIS2_PLACEMENT_3D('',#15853,#15854,#15855);
#15853 = CARTESIAN_POINT('',(0.,0.,0.));
#15854 = DIRECTION('',(0.,0.,1.));
#15855 = DIRECTION('',(1.,0.,-0.));
#15856 = AXIS2_PLACEMENT_3D('',#15857,#15858,#15859);
#15857 = CARTESIAN_POINT('',(0.,0.,0.));
#15858 = DIRECTION('',(0.,0.,1.));
#15859 = DIRECTION('',(1.,0.,-0.));
#15860 = AXIS2_PLACEMENT_3D('',#15861,#15862,#15863);
#15861 = CARTESIAN_POINT('',(0.,0.,0.));
#15862 = DIRECTION('',(0.,0.,1.));
#15863 = DIRECTION('',(1.,0.,-0.));
#15864 = ( GEOMETRIC_REPRESENTATION_CONTEXT(3) 
GLOBAL_UNCERTAINTY_ASSIGNED_CONTEXT((#15868)) 
GLOBAL_UNIT_ASSIGNED_CONTEXT((#15865,#15866,#15867)) 
REPRESENTATION_CONTEXT('Context #1',
  '3D Context with UNIT and UNCERTAINTY') );
#15865 = ( LENGTH_UNIT() NAMED_UNIT(*) SI_UNIT(.MILLI.,.METRE.) );
#15866 = ( NAMED_UNIT(*) PLANE_ANGLE_UNIT() SI_UNIT($,.RADIAN.) );
#15867 = ( NAMED_UNIT(*) SI_UNIT($,.STERADIAN.) SOLID_ANGLE_UNIT() );
#15868 = UNCERTAINTY_MEASURE_WITH_UNIT(LENGTH_MEASURE(1.E-07),#15865,
  'distance_accuracy_value','confusion accuracy');
#15869 = CONTEXT_DEPENDENT_SHAPE_REPRESENTATION(#15870,#15872);
#15870 = ( REPRESENTATION_RELATIONSHIP('','',#15851,#15828) 
REPRESENTATION_RELATIONSHIP_WITH_TRANSFORMATION(#15871) 
SHAPE_REPRESENTATION_RELATIONSHIP() );
#15871 = ITEM_DEFINED_TRANSFORMATION('','',#11,#15829);
#15872 = PRODUCT_DEFINITION_SHAPE('Placement','Placement of an item',
  #15873);
#15873 = NEXT_ASSEMBLY_USAGE_OCCURRENCE('36','','',#15823,#15846,$);
#15874 = PRODUCT_RELATED_PRODUCT_CATEGORY('part',$,(#15848));
#15875 = SHAPE_DEFINITION_REPRESENTATION(#15876,#15882);
#15876 = PRODUCT_DEFINITION_SHAPE('','',#15877);
#15877 = PRODUCT_DEFINITION('design','',#15878,#15881);
#15878 = PRODUCT_DEFINITION_FORMATION('','',#15879);
#15879 = PRODUCT('Open CASCADE STEP translator 7.8 12.22.1.1',
  'Open CASCADE STEP translator 7.8 12.22.1.1','',(#15880));
#15880 = PRODUCT_CONTEXT('',#2,'mechanical');
#15881 = PRODUCT_DEFINITION_CONTEXT('part definition',#2,'design');
#15882 = ADVANCED_BREP_SHAPE_REPRESENTATION('',(#11,#15883),#16477);
#15883 = MANIFOLD_SOLID_BREP('',#15884);
#15884 = CLOSED_SHELL('',(#15885,#16005,#16081,#16235,#16284,#16389,
    #16396,#16423,#16450));
#15885 = ADVANCED_FACE('',(#15886),#15900,.F.);
#15886 = FACE_BOUND('',#15887,.F.);
#15887 = EDGE_LOOP('',(#15888,#15923,#15951,#15979));
#15888 = ORIENTED_EDGE('',*,*,#15889,.F.);
#15889 = EDGE_CURVE('',#15890,#15892,#15894,.T.);
#15890 = VERTEX_POINT('',#15891);
#15891 = CARTESIAN_POINT('',(4.,-37.5,-1.));
#15892 = VERTEX_POINT('',#15893);
#15893 = CARTESIAN_POINT('',(4.,-37.5,1.));
#15894 = SURFACE_CURVE('',#15895,(#15899,#15911),.PCURVE_S1.);
#15895 = LINE('',#15896,#15897);
#15896 = CARTESIAN_POINT('',(4.,-37.5,-1.));
#15897 = VECTOR('',#15898,1.);
#15898 = DIRECTION('',(0.,0.,1.));
#15899 = PCURVE('',#15900,#15905);
#15900 = PLANE('',#15901);
#15901 = AXIS2_PLACEMENT_3D('',#15902,#15903,#15904);
#15902 = CARTESIAN_POINT('',(4.,-37.5,-1.));
#15903 = DIRECTION('',(1.,0.,0.));
#15904 = DIRECTION('',(0.,0.,1.));
#15905 = DEFINITIONAL_REPRESENTATION('',(#15906),#15910);
#15906 = LINE('',#15907,#15908);
#15907 = CARTESIAN_POINT('',(0.,0.));
#15908 = VECTOR('',#15909,1.);
#15909 = DIRECTION('',(1.,0.));
#15910 = ( GEOMETRIC_REPRESENTATION_CONTEXT(2) 
PARAMETRIC_REPRESENTATION_CONTEXT() REPRESENTATION_CONTEXT('2D SPACE',''
  ) );
#15911 = PCURVE('',#15912,#15917);
#15912 = PLANE('',#15913);
#15913 = AXIS2_PLACEMENT_3D('',#15914,#15915,#15916);
#15914 = CARTESIAN_POINT('',(4.,-37.5,-1.));
#15915 = DIRECTION('',(0.,1.,0.));
#15916 = DIRECTION('',(0.,0.,1.));
#15917 = DEFINITIONAL_REPRESENTATION('',(#15918),#15922);
#15918 = LINE('',#15919,#15920);
#15919 = CARTESIAN_POINT('',(0.,0.));
#15920 = VECTOR('',#15921,1.);
#15921 = DIRECTION('',(1.,0.));
#15922 = ( GEOMETRIC_REPRESENTATION_CONTEXT(2) 
PARAMETRIC_REPRESENTATION_CONTEXT() REPRESENTATION_CONTEXT('2D SPACE',''
  ) );
#15923 = ORIENTED_EDGE('',*,*,#15924,.T.);
#15924 = EDGE_CURVE('',#15890,#15925,#15927,.T.);
#15925 = VERTEX_POINT('',#15926);
#15926 = CARTESIAN_POINT('',(4.,37.5,-1.));
#15927 = SURFACE_CURVE('',#15928,(#15932,#15939),.PCURVE_S1.);
#15928 = LINE('',#15929,#15930);
#15929 = CARTESIAN_POINT('',(4.,-37.5,-1.));
#15930 = VECTOR('',#15931,1.);
#15931 = DIRECTION('',(0.,1.,0.));
#15932 = PCURVE('',#15900,#15933);
#15933 = DEFINITIONAL_REPRESENTATION('',(#15934),#15938);
#15934 = LINE('',#15935,#15936);
#15935 = CARTESIAN_POINT('',(0.,0.));
#15936 = VECTOR('',#15937,1.);
#15937 = DIRECTION('',(0.,-1.));
#15938 = ( GEOMETRIC_REPRESENTATION_CONTEXT(2) 
PARAMETRIC_REPRESENTATION_CONTEXT() REPRESENTATION_CONTEXT('2D SPACE',''
  ) );
#15939 = PCURVE('',#15940,#15945);
#15940 = PLANE('',#15941);
#15941 = AXIS2_PLACEMENT_3D('',#15942,#15943,#15944);
#15942 = CARTESIAN_POINT('',(4.,-37.5,-1.));
#15943 = DIRECTION('',(0.,0.,1.));
#15944 = DIRECTION('',(1.,0.,0.));
#15945 = DEFINITIONAL_REPRESENTATION('',(#15946),#15950);
#15946 = LINE('',#15947,#15948);
#15947 = CARTESIAN_POINT('',(0.,0.));
#15948 = VECTOR('',#15949,1.);
#15949 = DIRECTION('',(0.,1.));
#15950 = ( GEOMETRIC_REPRESENTATION_CONTEXT(2) 
PARAMETRIC_REPRESENTATION_CONTEXT() REPRESENTATION_CONTEXT('2D SPACE',''
  ) );
#15951 = ORIENTED_EDGE('',*,*,#15952,.T.);
#15952 = EDGE_CURVE('',#15925,#15953,#15955,.T.);
#15953 = VERTEX_POINT('',#15954);
#15954 = CARTESIAN_POINT('',(4.,37.5,1.));
#15955 = SURFACE_CURVE('',#15956,(#15960,#15967),.PCURVE_S1.);
#15956 = LINE('',#15957,#15958);
#15957 = CARTESIAN_POINT('',(4.,37.5,-1.));
#15958 = VECTOR('',#15959,1.);
#15959 = DIRECTION('',(0.,0.,1.));
#15960 = PCURVE('',#15900,#15961);
#15961 = DEFINITIONAL_REPRESENTATION('',(#15962),#15966);
#15962 = LINE('',#15963,#15964);
#15963 = CARTESIAN_POINT('',(0.,-75.));
#15964 = VECTOR('',#15965,1.);
#15965 = DIRECTION('',(1.,0.));
#15966 = ( GEOMETRIC_REPRESENTATION_CONTEXT(2) 
PARAMETRIC_REPRESENTATION_CONTEXT() REPRESENTATION_CONTEXT('2D SPACE',''
  ) );
#15967 = PCURVE('',#15968,#15973);
#15968 = PLANE('',#15969);
#15969 = AXIS2_PLACEMENT_3D('',#15970,#15971,#15972);
#15970 = CARTESIAN_POINT('',(4.,37.5,-1.));
#15971 = DIRECTION('',(0.,1.,0.));
#15972 = DIRECTION('',(0.,0.,1.));
#15973 = DEFINITIONAL_REPRESENTATION('',(#15974),#15978);
#15974 = LINE('',#15975,#15976);
#15975 = CARTESIAN_POINT('',(0.,0.));
#15976 = VECTOR('',#15977,1.);
#15977 = DIRECTION('',(1.,0.));
#15978 = ( GEOMETRIC_REPRESENTATION_CONTEXT(2) 
PARAMETRIC_REPRESENTATION_CONTEXT() REPRESENTATION_CONTEXT('2D SPACE',''
  ) );
#15979 = ORIENTED_EDGE('',*,*,#15980,.F.);
#15980 = EDGE_CURVE('',#15892,#15953,#15981,.T.);
#15981 = SURFACE_CURVE('',#15982,(#15986,#15993),.PCURVE_S1.);
#15982 = LINE('',#15983,#15984);
#15983 = CARTESIAN_POINT('',(4.,-37.5,1.));
#15984 = VECTOR('',#15985,1.);
#15985 = DIRECTION('',(0.,1.,0.));
#15986 = PCURVE('',#15900,#15987);
#15987 = DEFINITIONAL_REPRESENTATION('',(#15988),#15992);
#15988 = LINE('',#15989,#15990);
#15989 = CARTESIAN_POINT('',(2.,0.));
#15990 = VECTOR('',#15991,1.);
#15991 = DIRECTION('',(0.,-1.));
#15992 = ( GEOMETRIC_REPRESENTATION_CONTEXT(2) 
PARAMETRIC_REPRESENTATION_CONTEXT() REPRESENTATION_CONTEXT('2D SPACE',''
  ) );
#15993 = PCURVE('',#15994,#15999);
#15994 = PLANE('',#15995);
#15995 = AXIS2_PLACEMENT_3D('',#15996,#15997,#15998);
#15996 = CARTESIAN_POINT('',(4.,-37.5,1.));
#15997 = DIRECTION('',(0.,0.,1.));
#15998 = DIRECTION('',(1.,0.,0.));
#15999 = DEFINITIONAL_REPRESENTATION('',(#16000),#16004);
#16000 = LINE('',#16001,#16002);
#16001 = CARTESIAN_POINT('',(0.,0.));
#16002 = VECTOR('',#16003,1.);
#16003 = DIRECTION('',(0.,1.));
#16004 = ( GEOMETRIC_REPRESENTATION_CONTEXT(2) 
PARAMETRIC_REPRESENTATION_CONTEXT() REPRESENTATION_CONTEXT('2D SPACE',''
  ) );
#16005 = ADVANCED_FACE('',(#16006),#15912,.F.);
#16006 = FACE_BOUND('',#16007,.F.);
#16007 = EDGE_LOOP('',(#16008,#16031,#16032,#16055));
#16008 = ORIENTED_EDGE('',*,*,#16009,.F.);
#16009 = EDGE_CURVE('',#15890,#16010,#16012,.T.);
#16010 = VERTEX_POINT('',#16011);
#16011 = CARTESIAN_POINT('',(75.,-37.5,-1.));
#16012 = SURFACE_CURVE('',#16013,(#16017,#16024),.PCURVE_S1.);
#16013 = LINE('',#16014,#16015);
#16014 = CARTESIAN_POINT('',(4.,-37.5,-1.));
#16015 = VECTOR('',#16016,1.);
#16016 = DIRECTION('',(1.,0.,0.));
#16017 = PCURVE('',#15912,#16018);
#16018 = DEFINITIONAL_REPRESENTATION('',(#16019),#16023);
#16019 = LINE('',#16020,#16021);
#16020 = CARTESIAN_POINT('',(0.,0.));
#16021 = VECTOR('',#16022,1.);
#16022 = DIRECTION('',(0.,1.));
#16023 = ( GEOMETRIC_REPRESENTATION_CONTEXT(2) 
PARAMETRIC_REPRESENTATION_CONTEXT() REPRESENTATION_CONTEXT('2D SPACE',''
  ) );
#16024 = PCURVE('',#15940,#16025);
#16025 = DEFINITIONAL_REPRESENTATION('',(#16026),#16030);
#16026 = LINE('',#16027,#16028);
#16027 = CARTESIAN_POINT('',(0.,0.));
#16028 = VECTOR('',#16029,1.);
#16029 = DIRECTION('',(1.,0.));
#16030 = ( GEOMETRIC_REPRESENTATION_CONTEXT(2) 
PARAMETRIC_REPRESENTATION_CONTEXT() REPRESENTATION_CONTEXT('2D SPACE',''
  ) );
#16031 = ORIENTED_EDGE('',*,*,#15889,.T.);
#16032 = ORIENTED_EDGE('',*,*,#16033,.T.);
#16033 = EDGE_CURVE('',#15892,#16034,#16036,.T.);
#16034 = VERTEX_POINT('',#16035);
#16035 = CARTESIAN_POINT('',(75.,-37.5,1.));
#16036 = SURFACE_CURVE('',#16037,(#16041,#16048),.PCURVE_S1.);
#16037 = LINE('',#16038,#16039);
#16038 = CARTESIAN_POINT('',(4.,-37.5,1.));
#16039 = VECTOR('',#16040,1.);
#16040 = DIRECTION('',(1.,0.,0.));
#16041 = PCURVE('',#15912,#16042);
#16042 = DEFINITIONAL_REPRESENTATION('',(#16043),#16047);
#16043 = LINE('',#16044,#16045);
#16044 = CARTESIAN_POINT('',(2.,0.));
#16045 = VECTOR('',#16046,1.);
#16046 = DIRECTION('',(0.,1.));
#16047 = ( GEOMETRIC_REPRESENTATION_CONTEXT(2) 
PARAMETRIC_REPRESENTATION_CONTEXT() REPRESENTATION_CONTEXT('2D SPACE',''
  ) );
#16048 = PCURVE('',#15994,#16049);
#16049 = DEFINITIONAL_REPRESENTATION('',(#16050),#16054);
#16050 = LINE('',#16051,#16052);
#16051 = CARTESIAN_POINT('',(0.,0.));
#16052 = VECTOR('',#16053,1.);
#16053 = DIRECTION('',(1.,0.));
#16054 = ( GEOMETRIC_REPRESENTATION_CONTEXT(2) 
PARAMETRIC_REPRESENTATION_CONTEXT() REPRESENTATION_CONTEXT('2D SPACE',''
  ) );
#16055 = ORIENTED_EDGE('',*,*,#16056,.F.);
#16056 = EDGE_CURVE('',#16010,#16034,#16057,.T.);
#16057 = SURFACE_CURVE('',#16058,(#16062,#16069),.PCURVE_S1.);
#16058 = LINE('',#16059,#16060);
#16059 = CARTESIAN_POINT('',(75.,-37.5,-1.));
#16060 = VECTOR('',#16061,1.);
#16061 = DIRECTION('',(0.,0.,1.));
#16062 = PCURVE('',#15912,#16063);
#16063 = DEFINITIONAL_REPRESENTATION('',(#16064),#16068);
#16064 = LINE('',#16065,#16066);
#16065 = CARTESIAN_POINT('',(0.,71.));
#16066 = VECTOR('',#16067,1.);
#16067 = DIRECTION('',(1.,0.));
#16068 = ( GEOMETRIC_REPRESENTATION_CONTEXT(2) 
PARAMETRIC_REPRESENTATION_CONTEXT() REPRESENTATION_CONTEXT('2D SPACE',''
  ) );
#16069 = PCURVE('',#16070,#16075);
#16070 = PLANE('',#16071);
#16071 = AXIS2_PLACEMENT_3D('',#16072,#16073,#16074);
#16072 = CARTESIAN_POINT('',(75.,-37.5,-1.));
#16073 = DIRECTION('',(1.,0.,0.));
#16074 = DIRECTION('',(0.,0.,1.));
#16075 = DEFINITIONAL_REPRESENTATION('',(#16076),#16080);
#16076 = LINE('',#16077,#16078);
#16077 = CARTESIAN_POINT('',(0.,0.));
#16078 = VECTOR('',#16079,1.);
#16079 = DIRECTION('',(1.,0.));
#16080 = ( GEOMETRIC_REPRESENTATION_CONTEXT(2) 
PARAMETRIC_REPRESENTATION_CONTEXT() REPRESENTATION_CONTEXT('2D SPACE',''
  ) );
#16081 = ADVANCED_FACE('',(#16082,#16130,#16165,#16200),#15994,.T.);
#16082 = FACE_BOUND('',#16083,.T.);
#16083 = EDGE_LOOP('',(#16084,#16085,#16086,#16109));
#16084 = ORIENTED_EDGE('',*,*,#15980,.F.);
#16085 = ORIENTED_EDGE('',*,*,#16033,.T.);
#16086 = ORIENTED_EDGE('',*,*,#16087,.T.);
#16087 = EDGE_CURVE('',#16034,#16088,#16090,.T.);
#16088 = VERTEX_POINT('',#16089);
#16089 = CARTESIAN_POINT('',(75.,37.5,1.));
#16090 = SURFACE_CURVE('',#16091,(#16095,#16102),.PCURVE_S1.);
#16091 = LINE('',#16092,#16093);
#16092 = CARTESIAN_POINT('',(75.,-37.5,1.));
#16093 = VECTOR('',#16094,1.);
#16094 = DIRECTION('',(0.,1.,0.));
#16095 = PCURVE('',#15994,#16096);
#16096 = DEFINITIONAL_REPRESENTATION('',(#16097),#16101);
#16097 = LINE('',#16098,#16099);
#16098 = CARTESIAN_POINT('',(71.,0.));
#16099 = VECTOR('',#16100,1.);
#16100 = DIRECTION('',(0.,1.));
#16101 = ( GEOMETRIC_REPRESENTATION_CONTEXT(2) 
PARAMETRIC_REPRESENTATION_CONTEXT() REPRESENTATION_CONTEXT('2D SPACE',''
  ) );
#16102 = PCURVE('',#16070,#16103);
#16103 = DEFINITIONAL_REPRESENTATION('',(#16104),#16108);
#16104 = LINE('',#16105,#16106);
#16105 = CARTESIAN_POINT('',(2.,0.));
#16106 = VECTOR('',#16107,1.);
#16107 = DIRECTION('',(0.,-1.));
#16108 = ( GEOMETRIC_REPRESENTATION_CONTEXT(2) 
PARAMETRIC_REPRESENTATION_CONTEXT() REPRESENTATION_CONTEXT('2D SPACE',''
  ) );
#16109 = ORIENTED_EDGE('',*,*,#16110,.F.);
#16110 = EDGE_CURVE('',#15953,#16088,#16111,.T.);
#16111 = SURFACE_CURVE('',#16112,(#16116,#16123),.PCURVE_S1.);
#16112 = LINE('',#16113,#16114);
#16113 = CARTESIAN_POINT('',(4.,37.5,1.));
#16114 = VECTOR('',#16115,1.);
#16115 = DIRECTION('',(1.,0.,0.));
#16116 = PCURVE('',#15994,#16117);
#16117 = DEFINITIONAL_REPRESENTATION('',(#16118),#16122);
#16118 = LINE('',#16119,#16120);
#16119 = CARTESIAN_POINT('',(0.,75.));
#16120 = VECTOR('',#16121,1.);
#16121 = DIRECTION('',(1.,0.));
#16122 = ( GEOMETRIC_REPRESENTATION_CONTEXT(2) 
PARAMETRIC_REPRESENTATION_CONTEXT() REPRESENTATION_CONTEXT('2D SPACE',''
  ) );
#16123 = PCURVE('',#15968,#16124);
#16124 = DEFINITIONAL_REPRESENTATION('',(#16125),#16129);
#16125 = LINE('',#16126,#16127);
#16126 = CARTESIAN_POINT('',(2.,0.));
#16127 = VECTOR('',#16128,1.);
#16128 = DIRECTION('',(0.,1.));
#16129 = ( GEOMETRIC_REPRESENTATION_CONTEXT(2) 
PARAMETRIC_REPRESENTATION_CONTEXT() REPRESENTATION_CONTEXT('2D SPACE',''
  ) );
#16130 = FACE_BOUND('',#16131,.T.);
#16131 = EDGE_LOOP('',(#16132));
#16132 = ORIENTED_EDGE('',*,*,#16133,.T.);
#16133 = EDGE_CURVE('',#16134,#16134,#16136,.T.);
#16134 = VERTEX_POINT('',#16135);
#16135 = CARTESIAN_POINT('',(42.,-22.5,1.));
#16136 = SURFACE_CURVE('',#16137,(#16142,#16153),.PCURVE_S1.);
#16137 = CIRCLE('',#16138,2.5);
#16138 = AXIS2_PLACEMENT_3D('',#16139,#16140,#16141);
#16139 = CARTESIAN_POINT('',(39.5,-22.5,1.));
#16140 = DIRECTION('',(0.,0.,-1.));
#16141 = DIRECTION('',(1.,0.,0.));
#16142 = PCURVE('',#15994,#16143);
#16143 = DEFINITIONAL_REPRESENTATION('',(#16144),#16152);
#16144 = ( BOUNDED_CURVE() B_SPLINE_CURVE(2,(#16145,#16146,#16147,#16148
    ,#16149,#16150,#16151),.UNSPECIFIED.,.T.,.F.) 
B_SPLINE_CURVE_WITH_KNOTS((1,2,2,2,2,1),(-2.094395102393,0.,
    2.094395102393,4.188790204786,6.28318530718,8.377580409573),
.UNSPECIFIED.) CURVE() GEOMETRIC_REPRESENTATION_ITEM() 
RATIONAL_B_SPLINE_CURVE((1.,0.5,1.,0.5,1.,0.5,1.)) REPRESENTATION_ITEM(
  '') );
#16145 = CARTESIAN_POINT('',(38.,15.));
#16146 = CARTESIAN_POINT('',(38.,10.669872981078));
#16147 = CARTESIAN_POINT('',(34.25,12.834936490539));
#16148 = CARTESIAN_POINT('',(30.5,15.));
#16149 = CARTESIAN_POINT('',(34.25,17.165063509461));
#16150 = CARTESIAN_POINT('',(38.,19.330127018922));
#16151 = CARTESIAN_POINT('',(38.,15.));
#16152 = ( GEOMETRIC_REPRESENTATION_CONTEXT(2) 
PARAMETRIC_REPRESENTATION_CONTEXT() REPRESENTATION_CONTEXT('2D SPACE',''
  ) );
#16153 = PCURVE('',#16154,#16159);
#16154 = CYLINDRICAL_SURFACE('',#16155,2.5);
#16155 = AXIS2_PLACEMENT_3D('',#16156,#16157,#16158);
#16156 = CARTESIAN_POINT('',(39.5,-22.5,-1.));
#16157 = DIRECTION('',(-0.,-0.,-1.));
#16158 = DIRECTION('',(1.,0.,0.));
#16159 = DEFINITIONAL_REPRESENTATION('',(#16160),#16164);
#16160 = LINE('',#16161,#16162);
#16161 = CARTESIAN_POINT('',(-6.28318530718,-2.));
#16162 = VECTOR('',#16163,1.);
#16163 = DIRECTION('',(1.,-0.));
#16164 = ( GEOMETRIC_REPRESENTATION_CONTEXT(2) 
PARAMETRIC_REPRESENTATION_CONTEXT() REPRESENTATION_CONTEXT('2D SPACE',''
  ) );
#16165 = FACE_BOUND('',#16166,.T.);
#16166 = EDGE_LOOP('',(#16167));
#16167 = ORIENTED_EDGE('',*,*,#16168,.T.);
#16168 = EDGE_CURVE('',#16169,#16169,#16171,.T.);
#16169 = VERTEX_POINT('',#16170);
#16170 = CARTESIAN_POINT('',(42.,0.,1.));
#16171 = SURFACE_CURVE('',#16172,(#16177,#16188),.PCURVE_S1.);
#16172 = CIRCLE('',#16173,2.5);
#16173 = AXIS2_PLACEMENT_3D('',#16174,#16175,#16176);
#16174 = CARTESIAN_POINT('',(39.5,0.,1.));
#16175 = DIRECTION('',(0.,0.,-1.));
#16176 = DIRECTION('',(1.,0.,0.));
#16177 = PCURVE('',#15994,#16178);
#16178 = DEFINITIONAL_REPRESENTATION('',(#16179),#16187);
#16179 = ( BOUNDED_CURVE() B_SPLINE_CURVE(2,(#16180,#16181,#16182,#16183
    ,#16184,#16185,#16186),.UNSPECIFIED.,.T.,.F.) 
B_SPLINE_CURVE_WITH_KNOTS((1,2,2,2,2,1),(-2.094395102393,0.,
    2.094395102393,4.188790204786,6.28318530718,8.377580409573),
.UNSPECIFIED.) CURVE() GEOMETRIC_REPRESENTATION_ITEM() 
RATIONAL_B_SPLINE_CURVE((1.,0.5,1.,0.5,1.,0.5,1.)) REPRESENTATION_ITEM(
  '') );
#16180 = CARTESIAN_POINT('',(38.,37.5));
#16181 = CARTESIAN_POINT('',(38.,33.169872981078));
#16182 = CARTESIAN_POINT('',(34.25,35.334936490539));
#16183 = CARTESIAN_POINT('',(30.5,37.5));
#16184 = CARTESIAN_POINT('',(34.25,39.665063509461));
#16185 = CARTESIAN_POINT('',(38.,41.830127018922));
#16186 = CARTESIAN_POINT('',(38.,37.5));
#16187 = ( GEOMETRIC_REPRESENTATION_CONTEXT(2) 
PARAMETRIC_REPRESENTATION_CONTEXT() REPRESENTATION_CONTEXT('2D SPACE',''
  ) );
#16188 = PCURVE('',#16189,#16194);
#16189 = CYLINDRICAL_SURFACE('',#16190,2.5);
#16190 = AXIS2_PLACEMENT_3D('',#16191,#16192,#16193);
#16191 = CARTESIAN_POINT('',(39.5,0.,-1.));
#16192 = DIRECTION('',(-0.,-0.,-1.));
#16193 = DIRECTION('',(1.,0.,0.));
#16194 = DEFINITIONAL_REPRESENTATION('',(#16195),#16199);
#16195 = LINE('',#16196,#16197);
#16196 = CARTESIAN_POINT('',(-6.28318530718,-2.));
#16197 = VECTOR('',#16198,1.);
#16198 = DIRECTION('',(1.,-0.));
#16199 = ( GEOMETRIC_REPRESENTATION_CONTEXT(2) 
PARAMETRIC_REPRESENTATION_CONTEXT() REPRESENTATION_CONTEXT('2D SPACE',''
  ) );
#16200 = FACE_BOUND('',#16201,.T.);
#16201 = EDGE_LOOP('',(#16202));
#16202 = ORIENTED_EDGE('',*,*,#16203,.T.);
#16203 = EDGE_CURVE('',#16204,#16204,#16206,.T.);
#16204 = VERTEX_POINT('',#16205);
#16205 = CARTESIAN_POINT('',(42.,22.5,1.));
#16206 = SURFACE_CURVE('',#16207,(#16212,#16223),.PCURVE_S1.);
#16207 = CIRCLE('',#16208,2.5);
#16208 = AXIS2_PLACEMENT_3D('',#16209,#16210,#16211);
#16209 = CARTESIAN_POINT('',(39.5,22.5,1.));
#16210 = DIRECTION('',(0.,0.,-1.));
#16211 = DIRECTION('',(1.,0.,0.));
#16212 = PCURVE('',#15994,#16213);
#16213 = DEFINITIONAL_REPRESENTATION('',(#16214),#16222);
#16214 = ( BOUNDED_CURVE() B_SPLINE_CURVE(2,(#16215,#16216,#16217,#16218
    ,#16219,#16220,#16221),.UNSPECIFIED.,.T.,.F.) 
B_SPLINE_CURVE_WITH_KNOTS((1,2,2,2,2,1),(-2.094395102393,0.,
    2.094395102393,4.188790204786,6.28318530718,8.377580409573),
.UNSPECIFIED.) CURVE() GEOMETRIC_REPRESENTATION_ITEM() 
RATIONAL_B_SPLINE_CURVE((1.,0.5,1.,0.5,1.,0.5,1.)) REPRESENTATION_ITEM(
  '') );
#16215 = CARTESIAN_POINT('',(38.,60.));
#16216 = CARTESIAN_POINT('',(38.,55.669872981078));
#16217 = CARTESIAN_POINT('',(34.25,57.834936490539));
#16218 = CARTESIAN_POINT('',(30.5,60.));
#16219 = CARTESIAN_POINT('',(34.25,62.165063509461));
#16220 = CARTESIAN_POINT('',(38.,64.330127018922));
#16221 = CARTESIAN_POINT('',(38.,60.));
#16222 = ( GEOMETRIC_REPRESENTATION_CONTEXT(2) 
PARAMETRIC_REPRESENTATION_CONTEXT() REPRESENTATION_CONTEXT('2D SPACE',''
  ) );
#16223 = PCURVE('',#16224,#16229);
#16224 = CYLINDRICAL_SURFACE('',#16225,2.5);
#16225 = AXIS2_PLACEMENT_3D('',#16226,#16227,#16228);
#16226 = CARTESIAN_POINT('',(39.5,22.5,-1.));
#16227 = DIRECTION('',(-0.,-0.,-1.));
#16228 = DIRECTION('',(1.,0.,0.));
#16229 = DEFINITIONAL_REPRESENTATION('',(#16230),#16234);
#16230 = LINE('',#16231,#16232);
#16231 = CARTESIAN_POINT('',(-6.28318530718,-2.));
#16232 = VECTOR('',#16233,1.);
#16233 = DIRECTION('',(1.,-0.));
#16234 = ( GEOMETRIC_REPRESENTATION_CONTEXT(2) 
PARAMETRIC_REPRESENTATION_CONTEXT() REPRESENTATION_CONTEXT('2D SPACE',''
  ) );
#16235 = ADVANCED_FACE('',(#16236),#15968,.T.);
#16236 = FACE_BOUND('',#16237,.T.);
#16237 = EDGE_LOOP('',(#16238,#16261,#16262,#16263));
#16238 = ORIENTED_EDGE('',*,*,#16239,.F.);
#16239 = EDGE_CURVE('',#15925,#16240,#16242,.T.);
#16240 = VERTEX_POINT('',#16241);
#16241 = CARTESIAN_POINT('',(75.,37.5,-1.));
#16242 = SURFACE_CURVE('',#16243,(#16247,#16254),.PCURVE_S1.);
#16243 = LINE('',#16244,#16245);
#16244 = CARTESIAN_POINT('',(4.,37.5,-1.));
#16245 = VECTOR('',#16246,1.);
#16246 = DIRECTION('',(1.,0.,0.));
#16247 = PCURVE('',#15968,#16248);
#16248 = DEFINITIONAL_REPRESENTATION('',(#16249),#16253);
#16249 = LINE('',#16250,#16251);
#16250 = CARTESIAN_POINT('',(0.,0.));
#16251 = VECTOR('',#16252,1.);
#16252 = DIRECTION('',(0.,1.));
#16253 = ( GEOMETRIC_REPRESENTATION_CONTEXT(2) 
PARAMETRIC_REPRESENTATION_CONTEXT() REPRESENTATION_CONTEXT('2D SPACE',''
  ) );
#16254 = PCURVE('',#15940,#16255);
#16255 = DEFINITIONAL_REPRESENTATION('',(#16256),#16260);
#16256 = LINE('',#16257,#16258);
#16257 = CARTESIAN_POINT('',(0.,75.));
#16258 = VECTOR('',#16259,1.);
#16259 = DIRECTION('',(1.,0.));
#16260 = ( GEOMETRIC_REPRESENTATION_CONTEXT(2) 
PARAMETRIC_REPRESENTATION_CONTEXT() REPRESENTATION_CONTEXT('2D SPACE',''
  ) );
#16261 = ORIENTED_EDGE('',*,*,#15952,.T.);
#16262 = ORIENTED_EDGE('',*,*,#16110,.T.);
#16263 = ORIENTED_EDGE('',*,*,#16264,.F.);
#16264 = EDGE_CURVE('',#16240,#16088,#16265,.T.);
#16265 = SURFACE_CURVE('',#16266,(#16270,#16277),.PCURVE_S1.);
#16266 = LINE('',#16267,#16268);
#16267 = CARTESIAN_POINT('',(75.,37.5,-1.));
#16268 = VECTOR('',#16269,1.);
#16269 = DIRECTION('',(0.,0.,1.));
#16270 = PCURVE('',#15968,#16271);
#16271 = DEFINITIONAL_REPRESENTATION('',(#16272),#16276);
#16272 = LINE('',#16273,#16274);
#16273 = CARTESIAN_POINT('',(0.,71.));
#16274 = VECTOR('',#16275,1.);
#16275 = DIRECTION('',(1.,0.));
#16276 = ( GEOMETRIC_REPRESENTATION_CONTEXT(2) 
PARAMETRIC_REPRESENTATION_CONTEXT() REPRESENTATION_CONTEXT('2D SPACE',''
  ) );
#16277 = PCURVE('',#16070,#16278);
#16278 = DEFINITIONAL_REPRESENTATION('',(#16279),#16283);
#16279 = LINE('',#16280,#16281);
#16280 = CARTESIAN_POINT('',(0.,-75.));
#16281 = VECTOR('',#16282,1.);
#16282 = DIRECTION('',(1.,0.));
#16283 = ( GEOMETRIC_REPRESENTATION_CONTEXT(2) 
PARAMETRIC_REPRESENTATION_CONTEXT() REPRESENTATION_CONTEXT('2D SPACE',''
  ) );
#16284 = ADVANCED_FACE('',(#16285,#16311,#16337,#16363),#15940,.F.);
#16285 = FACE_BOUND('',#16286,.F.);
#16286 = EDGE_LOOP('',(#16287,#16288,#16289,#16310));
#16287 = ORIENTED_EDGE('',*,*,#15924,.F.);
#16288 = ORIENTED_EDGE('',*,*,#16009,.T.);
#16289 = ORIENTED_EDGE('',*,*,#16290,.T.);
#16290 = EDGE_CURVE('',#16010,#16240,#16291,.T.);
#16291 = SURFACE_CURVE('',#16292,(#16296,#16303),.PCURVE_S1.);
#16292 = LINE('',#16293,#16294);
#16293 = CARTESIAN_POINT('',(75.,-37.5,-1.));
#16294 = VECTOR('',#16295,1.);
#16295 = DIRECTION('',(0.,1.,0.));
#16296 = PCURVE('',#15940,#16297);
#16297 = DEFINITIONAL_REPRESENTATION('',(#16298),#16302);
#16298 = LINE('',#16299,#16300);
#16299 = CARTESIAN_POINT('',(71.,0.));
#16300 = VECTOR('',#16301,1.);
#16301 = DIRECTION('',(0.,1.));
#16302 = ( GEOMETRIC_REPRESENTATION_CONTEXT(2) 
PARAMETRIC_REPRESENTATION_CONTEXT() REPRESENTATION_CONTEXT('2D SPACE',''
  ) );
#16303 = PCURVE('',#16070,#16304);
#16304 = DEFINITIONAL_REPRESENTATION('',(#16305),#16309);
#16305 = LINE('',#16306,#16307);
#16306 = CARTESIAN_POINT('',(0.,0.));
#16307 = VECTOR('',#16308,1.);
#16308 = DIRECTION('',(0.,-1.));
#16309 = ( GEOMETRIC_REPRESENTATION_CONTEXT(2) 
PARAMETRIC_REPRESENTATION_CONTEXT() REPRESENTATION_CONTEXT('2D SPACE',''
  ) );
#16310 = ORIENTED_EDGE('',*,*,#16239,.F.);
#16311 = FACE_BOUND('',#16312,.F.);
#16312 = EDGE_LOOP('',(#16313));
#16313 = ORIENTED_EDGE('',*,*,#16314,.F.);
#16314 = EDGE_CURVE('',#16315,#16315,#16317,.T.);
#16315 = VERTEX_POINT('',#16316);
#16316 = CARTESIAN_POINT('',(42.,-22.5,-1.));
#16317 = SURFACE_CURVE('',#16318,(#16323,#16330),.PCURVE_S1.);
#16318 = CIRCLE('',#16319,2.5);
#16319 = AXIS2_PLACEMENT_3D('',#16320,#16321,#16322);
#16320 = CARTESIAN_POINT('',(39.5,-22.5,-1.));
#16321 = DIRECTION('',(0.,0.,1.));
#16322 = DIRECTION('',(1.,0.,0.));
#16323 = PCURVE('',#15940,#16324);
#16324 = DEFINITIONAL_REPRESENTATION('',(#16325),#16329);
#16325 = CIRCLE('',#16326,2.5);
#16326 = AXIS2_PLACEMENT_2D('',#16327,#16328);
#16327 = CARTESIAN_POINT('',(35.5,15.));
#16328 = DIRECTION('',(1.,0.));
#16329 = ( GEOMETRIC_REPRESENTATION_CONTEXT(2) 
PARAMETRIC_REPRESENTATION_CONTEXT() REPRESENTATION_CONTEXT('2D SPACE',''
  ) );
#16330 = PCURVE('',#16154,#16331);
#16331 = DEFINITIONAL_REPRESENTATION('',(#16332),#16336);
#16332 = LINE('',#16333,#16334);
#16333 = CARTESIAN_POINT('',(-0.,0.));
#16334 = VECTOR('',#16335,1.);
#16335 = DIRECTION('',(-1.,0.));
#16336 = ( GEOMETRIC_REPRESENTATION_CONTEXT(2) 
PARAMETRIC_REPRESENTATION_CONTEXT() REPRESENTATION_CONTEXT('2D SPACE',''
  ) );
#16337 = FACE_BOUND('',#16338,.F.);
#16338 = EDGE_LOOP('',(#16339));
#16339 = ORIENTED_EDGE('',*,*,#16340,.F.);
#16340 = EDGE_CURVE('',#16341,#16341,#16343,.T.);
#16341 = VERTEX_POINT('',#16342);
#16342 = CARTESIAN_POINT('',(42.,0.,-1.));
#16343 = SURFACE_CURVE('',#16344,(#16349,#16356),.PCURVE_S1.);
#16344 = CIRCLE('',#16345,2.5);
#16345 = AXIS2_PLACEMENT_3D('',#16346,#16347,#16348);
#16346 = CARTESIAN_POINT('',(39.5,0.,-1.));
#16347 = DIRECTION('',(0.,0.,1.));
#16348 = DIRECTION('',(1.,0.,0.));
#16349 = PCURVE('',#15940,#16350);
#16350 = DEFINITIONAL_REPRESENTATION('',(#16351),#16355);
#16351 = CIRCLE('',#16352,2.5);
#16352 = AXIS2_PLACEMENT_2D('',#16353,#16354);
#16353 = CARTESIAN_POINT('',(35.5,37.5));
#16354 = DIRECTION('',(1.,0.));
#16355 = ( GEOMETRIC_REPRESENTATION_CONTEXT(2) 
PARAMETRIC_REPRESENTATION_CONTEXT() REPRESENTATION_CONTEXT('2D SPACE',''
  ) );
#16356 = PCURVE('',#16189,#16357);
#16357 = DEFINITIONAL_REPRESENTATION('',(#16358),#16362);
#16358 = LINE('',#16359,#16360);
#16359 = CARTESIAN_POINT('',(-0.,0.));
#16360 = VECTOR('',#16361,1.);
#16361 = DIRECTION('',(-1.,0.));
#16362 = ( GEOMETRIC_REPRESENTATION_CONTEXT(2) 
PARAMETRIC_REPRESENTATION_CONTEXT() REPRESENTATION_CONTEXT('2D SPACE',''
  ) );
#16363 = FACE_BOUND('',#16364,.F.);
#16364 = EDGE_LOOP('',(#16365));
#16365 = ORIENTED_EDGE('',*,*,#16366,.F.);
#16366 = EDGE_CURVE('',#16367,#16367,#16369,.T.);
#16367 = VERTEX_POINT('',#16368);
#16368 = CARTESIAN_POINT('',(42.,22.5,-1.));
#16369 = SURFACE_CURVE('',#16370,(#16375,#16382),.PCURVE_S1.);
#16370 = CIRCLE('',#16371,2.5);
#16371 = AXIS2_PLACEMENT_3D('',#16372,#16373,#16374);
#16372 = CARTESIAN_POINT('',(39.5,22.5,-1.));
#16373 = DIRECTION('',(0.,0.,1.));
#16374 = DIRECTION('',(1.,0.,0.));
#16375 = PCURVE('',#15940,#16376);
#16376 = DEFINITIONAL_REPRESENTATION('',(#16377),#16381);
#16377 = CIRCLE('',#16378,2.5);
#16378 = AXIS2_PLACEMENT_2D('',#16379,#16380);
#16379 = CARTESIAN_POINT('',(35.5,60.));
#16380 = DIRECTION('',(1.,0.));
#16381 = ( GEOMETRIC_REPRESENTATION_CONTEXT(2) 
PARAMETRIC_REPRESENTATION_CONTEXT() REPRESENTATION_CONTEXT('2D SPACE',''
  ) );
#16382 = PCURVE('',#16224,#16383);
#16383 = DEFINITIONAL_REPRESENTATION('',(#16384),#16388);
#16384 = LINE('',#16385,#16386);
#16385 = CARTESIAN_POINT('',(-0.,0.));
#16386 = VECTOR('',#16387,1.);
#16387 = DIRECTION('',(-1.,0.));
#16388 = ( GEOMETRIC_REPRESENTATION_CONTEXT(2) 
PARAMETRIC_REPRESENTATION_CONTEXT() REPRESENTATION_CONTEXT('2D SPACE',''
  ) );
#16389 = ADVANCED_FACE('',(#16390),#16070,.T.);
#16390 = FACE_BOUND('',#16391,.T.);
#16391 = EDGE_LOOP('',(#16392,#16393,#16394,#16395));
#16392 = ORIENTED_EDGE('',*,*,#16056,.F.);
#16393 = ORIENTED_EDGE('',*,*,#16290,.T.);
#16394 = ORIENTED_EDGE('',*,*,#16264,.T.);
#16395 = ORIENTED_EDGE('',*,*,#16087,.F.);
#16396 = ADVANCED_FACE('',(#16397),#16154,.F.);
#16397 = FACE_BOUND('',#16398,.T.);
#16398 = EDGE_LOOP('',(#16399,#16400,#16421,#16422));
#16399 = ORIENTED_EDGE('',*,*,#16314,.F.);
#16400 = ORIENTED_EDGE('',*,*,#16401,.T.);
#16401 = EDGE_CURVE('',#16315,#16134,#16402,.T.);
#16402 = SEAM_CURVE('',#16403,(#16407,#16414),.PCURVE_S1.);
#16403 = LINE('',#16404,#16405);
#16404 = CARTESIAN_POINT('',(42.,-22.5,-1.));
#16405 = VECTOR('',#16406,1.);
#16406 = DIRECTION('',(0.,0.,1.));
#16407 = PCURVE('',#16154,#16408);
#16408 = DEFINITIONAL_REPRESENTATION('',(#16409),#16413);
#16409 = LINE('',#16410,#16411);
#16410 = CARTESIAN_POINT('',(-6.28318530718,0.));
#16411 = VECTOR('',#16412,1.);
#16412 = DIRECTION('',(-0.,-1.));
#16413 = ( GEOMETRIC_REPRESENTATION_CONTEXT(2) 
PARAMETRIC_REPRESENTATION_CONTEXT() REPRESENTATION_CONTEXT('2D SPACE',''
  ) );
#16414 = PCURVE('',#16154,#16415);
#16415 = DEFINITIONAL_REPRESENTATION('',(#16416),#16420);
#16416 = LINE('',#16417,#16418);
#16417 = CARTESIAN_POINT('',(-0.,0.));
#16418 = VECTOR('',#16419,1.);
#16419 = DIRECTION('',(-0.,-1.));
#16420 = ( GEOMETRIC_REPRESENTATION_CONTEXT(2) 
PARAMETRIC_REPRESENTATION_CONTEXT() REPRESENTATION_CONTEXT('2D SPACE',''
  ) );
#16421 = ORIENTED_EDGE('',*,*,#16133,.F.);
#16422 = ORIENTED_EDGE('',*,*,#16401,.F.);
#16423 = ADVANCED_FACE('',(#16424),#16189,.F.);
#16424 = FACE_BOUND('',#16425,.T.);
#16425 = EDGE_LOOP('',(#16426,#16427,#16448,#16449));
#16426 = ORIENTED_EDGE('',*,*,#16340,.F.);
#16427 = ORIENTED_EDGE('',*,*,#16428,.T.);
#16428 = EDGE_CURVE('',#16341,#16169,#16429,.T.);
#16429 = SEAM_CURVE('',#16430,(#16434,#16441),.PCURVE_S1.);
#16430 = LINE('',#16431,#16432);
#16431 = CARTESIAN_POINT('',(42.,0.,-1.));
#16432 = VECTOR('',#16433,1.);
#16433 = DIRECTION('',(0.,0.,1.));
#16434 = PCURVE('',#16189,#16435);
#16435 = DEFINITIONAL_REPRESENTATION('',(#16436),#16440);
#16436 = LINE('',#16437,#16438);
#16437 = CARTESIAN_POINT('',(-6.28318530718,0.));
#16438 = VECTOR('',#16439,1.);
#16439 = DIRECTION('',(-0.,-1.));
#16440 = ( GEOMETRIC_REPRESENTATION_CONTEXT(2) 
PARAMETRIC_REPRESENTATION_CONTEXT() REPRESENTATION_CONTEXT('2D SPACE',''
  ) );
#16441 = PCURVE('',#16189,#16442);
#16442 = DEFINITIONAL_REPRESENTATION('',(#16443),#16447);
#16443 = LINE('',#16444,#16445);
#16444 = CARTESIAN_POINT('',(-0.,0.));
#16445 = VECTOR('',#16446,1.);
#16446 = DIRECTION('',(-0.,-1.));
#16447 = ( GEOMETRIC_REPRESENTATION_CONTEXT(2) 
PARAMETRIC_REPRESENTATION_CONTEXT() REPRESENTATION_CONTEXT('2D SPACE',''
  ) );
#16448 = ORIENTED_EDGE('',*,*,#16168,.F.);
#16449 = ORIENTED_EDGE('',*,*,#16428,.F.);
#16450 = ADVANCED_FACE('',(#16451),#16224,.F.);
#16451 = FACE_BOUND('',#16452,.T.);
#16452 = EDGE_LOOP('',(#16453,#16454,#16475,#16476));
#16453 = ORIENTED_EDGE('',*,*,#16366,.F.);
#16454 = ORIENTED_EDGE('',*,*,#16455,.T.);
#16455 = EDGE_CURVE('',#16367,#16204,#16456,.T.);
#16456 = SEAM_CURVE('',#16457,(#16461,#16468),.PCURVE_S1.);
#16457 = LINE('',#16458,#16459);
#16458 = CARTESIAN_POINT('',(42.,22.5,-1.));
#16459 = VECTOR('',#16460,1.);
#16460 = DIRECTION('',(0.,0.,1.));
#16461 = PCURVE('',#16224,#16462);
#16462 = DEFINITIONAL_REPRESENTATION('',(#16463),#16467);
#16463 = LINE('',#16464,#16465);
#16464 = CARTESIAN_POINT('',(-6.28318530718,0.));
#16465 = VECTOR('',#16466,1.);
#16466 = DIRECTION('',(-0.,-1.));
#16467 = ( GEOMETRIC_REPRESENTATION_CONTEXT(2) 
PARAMETRIC_REPRESENTATION_CONTEXT() REPRESENTATION_CONTEXT('2D SPACE',''
  ) );
#16468 = PCURVE('',#16224,#16469);
#16469 = DEFINITIONAL_REPRESENTATION('',(#16470),#16474);
#16470 = LINE('',#16471,#16472);
#16471 = CARTESIAN_POINT('',(-0.,0.));
#16472 = VECTOR('',#16473,1.);
#16473 = DIRECTION('',(-0.,-1.));
#16474 = ( GEOMETRIC_REPRESENTATION_CONTEXT(2) 
PARAMETRIC_REPRESENTATION_CONTEXT() REPRESENTATION_CONTEXT('2D SPACE',''
  ) );
#16475 = ORIENTED_EDGE('',*,*,#16203,.F.);
#16476 = ORIENTED_EDGE('',*,*,#16455,.F.);
#16477 = ( GEOMETRIC_REPRESENTATION_CONTEXT(3) 
GLOBAL_UNCERTAINTY_ASSIGNED_CONTEXT((#16481)) 
GLOBAL_UNIT_ASSIGNED_CONTEXT((#16478,#16479,#16480)) 
REPRESENTATION_CONTEXT('Context #1',
  '3D Context with UNIT and UNCERTAINTY') );
#16478 = ( LENGTH_UNIT() NAMED_UNIT(*) SI_UNIT(.MILLI.,.METRE.) );
#16479 = ( NAMED_UNIT(*) PLANE_ANGLE_UNIT() SI_UNIT($,.RADIAN.) );
#16480 = ( NAMED_UNIT(*) SI_UNIT($,.STERADIAN.) SOLID_ANGLE_UNIT() );
#16481 = UNCERTAINTY_MEASURE_WITH_UNIT(LENGTH_MEASURE(1.E-07),#16478,
  'distance_accuracy_value','confusion accuracy');
#16482 = CONTEXT_DEPENDENT_SHAPE_REPRESENTATION(#16483,#16485);
#16483 = ( REPRESENTATION_RELATIONSHIP('','',#15882,#15851) 
REPRESENTATION_RELATIONSHIP_WITH_TRANSFORMATION(#16484) 
SHAPE_REPRESENTATION_RELATIONSHIP() );
#16484 = ITEM_DEFINED_TRANSFORMATION('','',#11,#15852);
#16485 = PRODUCT_DEFINITION_SHAPE('Placement','Placement of an item',
  #16486);
#16486 = NEXT_ASSEMBLY_USAGE_OCCURRENCE('33','','',#15846,#15877,$);
#16487 = PRODUCT_RELATED_PRODUCT_CATEGORY('part',$,(#15879));
#16488 = SHAPE_DEFINITION_REPRESENTATION(#16489,#16495);
#16489 = PRODUCT_DEFINITION_SHAPE('','',#16490);
#16490 = PRODUCT_DEFINITION('design','',#16491,#16494);
#16491 = PRODUCT_DEFINITION_FORMATION('','',#16492);
#16492 = PRODUCT('Open CASCADE STEP translator 7.8 12.22.1.2',
  'Open CASCADE STEP translator 7.8 12.22.1.2','',(#16493));
#16493 = PRODUCT_CONTEXT('',#2,'mechanical');
#16494 = PRODUCT_DEFINITION_CONTEXT('part definition',#2,'design');
#16495 = ADVANCED_BREP_SHAPE_REPRESENTATION('',(#11,#16496),#16619);
#16496 = MANIFOLD_SOLID_BREP('',#16497);
#16497 = CLOSED_SHELL('',(#16498,#16610,#16615));
#16498 = ADVANCED_FACE('',(#16499),#16514,.T.);
#16499 = FACE_BOUND('',#16500,.F.);
#16500 = EDGE_LOOP('',(#16501,#16537,#16560,#16587,#16588));
#16501 = ORIENTED_EDGE('',*,*,#16502,.F.);
#16502 = EDGE_CURVE('',#16503,#16505,#16507,.T.);
#16503 = VERTEX_POINT('',#16504);
#16504 = CARTESIAN_POINT('',(4.,-37.5,1.));
#16505 = VERTEX_POINT('',#16506);
#16506 = CARTESIAN_POINT('',(-4.,-37.5,1.));
#16507 = SURFACE_CURVE('',#16508,(#16513,#16525),.PCURVE_S1.);
#16508 = CIRCLE('',#16509,4.);
#16509 = AXIS2_PLACEMENT_3D('',#16510,#16511,#16512);
#16510 = CARTESIAN_POINT('',(0.,-37.5,1.));
#16511 = DIRECTION('',(0.,-1.,0.));
#16512 = DIRECTION('',(1.,0.,0.));
#16513 = PCURVE('',#16514,#16519);
#16514 = CYLINDRICAL_SURFACE('',#16515,4.);
#16515 = AXIS2_PLACEMENT_3D('',#16516,#16517,#16518);
#16516 = CARTESIAN_POINT('',(0.,-37.5,1.));
#16517 = DIRECTION('',(-0.,1.,-0.));
#16518 = DIRECTION('',(1.,0.,0.));
#16519 = DEFINITIONAL_REPRESENTATION('',(#16520),#16524);
#16520 = LINE('',#16521,#16522);
#16521 = CARTESIAN_POINT('',(-0.,0.));
#16522 = VECTOR('',#16523,1.);
#16523 = DIRECTION('',(-1.,0.));
#16524 = ( GEOMETRIC_REPRESENTATION_CONTEXT(2) 
PARAMETRIC_REPRESENTATION_CONTEXT() REPRESENTATION_CONTEXT('2D SPACE',''
  ) );
#16525 = PCURVE('',#16526,#16531);
#16526 = PLANE('',#16527);
#16527 = AXIS2_PLACEMENT_3D('',#16528,#16529,#16530);
#16528 = CARTESIAN_POINT('',(-2.563950248511E-16,-37.5,1.));
#16529 = DIRECTION('',(-0.,-1.,-0.));
#16530 = DIRECTION('',(0.,0.,-1.));
#16531 = DEFINITIONAL_REPRESENTATION('',(#16532),#16536);
#16532 = CIRCLE('',#16533,4.);
#16533 = AXIS2_PLACEMENT_2D('',#16534,#16535);
#16534 = CARTESIAN_POINT('',(4.440892098501E-16,2.563950248511E-16));
#16535 = DIRECTION('',(0.,1.));
#16536 = ( GEOMETRIC_REPRESENTATION_CONTEXT(2) 
PARAMETRIC_REPRESENTATION_CONTEXT() REPRESENTATION_CONTEXT('2D SPACE',''
  ) );
#16537 = ORIENTED_EDGE('',*,*,#16538,.T.);
#16538 = EDGE_CURVE('',#16503,#16539,#16541,.T.);
#16539 = VERTEX_POINT('',#16540);
#16540 = CARTESIAN_POINT('',(4.,-112.5,1.));
#16541 = SEAM_CURVE('',#16542,(#16546,#16553),.PCURVE_S1.);
#16542 = LINE('',#16543,#16544);
#16543 = CARTESIAN_POINT('',(4.,-37.5,1.));
#16544 = VECTOR('',#16545,1.);
#16545 = DIRECTION('',(0.,-1.,0.));
#16546 = PCURVE('',#16514,#16547);
#16547 = DEFINITIONAL_REPRESENTATION('',(#16548),#16552);
#16548 = LINE('',#16549,#16550);
#16549 = CARTESIAN_POINT('',(-6.28318530718,0.));
#16550 = VECTOR('',#16551,1.);
#16551 = DIRECTION('',(-0.,-1.));
#16552 = ( GEOMETRIC_REPRESENTATION_CONTEXT(2) 
PARAMETRIC_REPRESENTATION_CONTEXT() REPRESENTATION_CONTEXT('2D SPACE',''
  ) );
#16553 = PCURVE('',#16514,#16554);
#16554 = DEFINITIONAL_REPRESENTATION('',(#16555),#16559);
#16555 = LINE('',#16556,#16557);
#16556 = CARTESIAN_POINT('',(-0.,0.));
#16557 = VECTOR('',#16558,1.);
#16558 = DIRECTION('',(-0.,-1.));
#16559 = ( GEOMETRIC_REPRESENTATION_CONTEXT(2) 
PARAMETRIC_REPRESENTATION_CONTEXT() REPRESENTATION_CONTEXT('2D SPACE',''
  ) );
#16560 = ORIENTED_EDGE('',*,*,#16561,.T.);
#16561 = EDGE_CURVE('',#16539,#16539,#16562,.T.);
#16562 = SURFACE_CURVE('',#16563,(#16568,#16575),.PCURVE_S1.);
#16563 = CIRCLE('',#16564,4.);
#16564 = AXIS2_PLACEMENT_3D('',#16565,#16566,#16567);
#16565 = CARTESIAN_POINT('',(0.,-112.5,1.));
#16566 = DIRECTION('',(0.,-1.,0.));
#16567 = DIRECTION('',(1.,0.,0.));
#16568 = PCURVE('',#16514,#16569);
#16569 = DEFINITIONAL_REPRESENTATION('',(#16570),#16574);
#16570 = LINE('',#16571,#16572);
#16571 = CARTESIAN_POINT('',(-0.,-75.));
#16572 = VECTOR('',#16573,1.);
#16573 = DIRECTION('',(-1.,0.));
#16574 = ( GEOMETRIC_REPRESENTATION_CONTEXT(2) 
PARAMETRIC_REPRESENTATION_CONTEXT() REPRESENTATION_CONTEXT('2D SPACE',''
  ) );
#16575 = PCURVE('',#16576,#16581);
#16576 = PLANE('',#16577);
#16577 = AXIS2_PLACEMENT_3D('',#16578,#16579,#16580);
#16578 = CARTESIAN_POINT('',(-2.563950248511E-16,-112.5,1.));
#16579 = DIRECTION('',(-0.,-1.,-0.));
#16580 = DIRECTION('',(0.,0.,-1.));
#16581 = DEFINITIONAL_REPRESENTATION('',(#16582),#16586);
#16582 = CIRCLE('',#16583,4.);
#16583 = AXIS2_PLACEMENT_2D('',#16584,#16585);
#16584 = CARTESIAN_POINT('',(4.440892098501E-16,2.563950248511E-16));
#16585 = DIRECTION('',(0.,1.));
#16586 = ( GEOMETRIC_REPRESENTATION_CONTEXT(2) 
PARAMETRIC_REPRESENTATION_CONTEXT() REPRESENTATION_CONTEXT('2D SPACE',''
  ) );
#16587 = ORIENTED_EDGE('',*,*,#16538,.F.);
#16588 = ORIENTED_EDGE('',*,*,#16589,.F.);
#16589 = EDGE_CURVE('',#16505,#16503,#16590,.T.);
#16590 = SURFACE_CURVE('',#16591,(#16596,#16603),.PCURVE_S1.);
#16591 = CIRCLE('',#16592,4.);
#16592 = AXIS2_PLACEMENT_3D('',#16593,#16594,#16595);
#16593 = CARTESIAN_POINT('',(0.,-37.5,1.));
#16594 = DIRECTION('',(0.,-1.,0.));
#16595 = DIRECTION('',(1.,0.,0.));
#16596 = PCURVE('',#16514,#16597);
#16597 = DEFINITIONAL_REPRESENTATION('',(#16598),#16602);
#16598 = LINE('',#16599,#16600);
#16599 = CARTESIAN_POINT('',(-0.,0.));
#16600 = VECTOR('',#16601,1.);
#16601 = DIRECTION('',(-1.,0.));
#16602 = ( GEOMETRIC_REPRESENTATION_CONTEXT(2) 
PARAMETRIC_REPRESENTATION_CONTEXT() REPRESENTATION_CONTEXT('2D SPACE',''
  ) );
#16603 = PCURVE('',#16526,#16604);
#16604 = DEFINITIONAL_REPRESENTATION('',(#16605),#16609);
#16605 = CIRCLE('',#16606,4.);
#16606 = AXIS2_PLACEMENT_2D('',#16607,#16608);
#16607 = CARTESIAN_POINT('',(4.440892098501E-16,2.563950248511E-16));
#16608 = DIRECTION('',(0.,1.));
#16609 = ( GEOMETRIC_REPRESENTATION_CONTEXT(2) 
PARAMETRIC_REPRESENTATION_CONTEXT() REPRESENTATION_CONTEXT('2D SPACE',''
  ) );
#16610 = ADVANCED_FACE('',(#16611),#16526,.F.);
#16611 = FACE_BOUND('',#16612,.F.);
#16612 = EDGE_LOOP('',(#16613,#16614));
#16613 = ORIENTED_EDGE('',*,*,#16502,.T.);
#16614 = ORIENTED_EDGE('',*,*,#16589,.T.);
#16615 = ADVANCED_FACE('',(#16616),#16576,.T.);
#16616 = FACE_BOUND('',#16617,.T.);
#16617 = EDGE_LOOP('',(#16618));
#16618 = ORIENTED_EDGE('',*,*,#16561,.T.);
#16619 = ( GEOMETRIC_REPRESENTATION_CONTEXT(3) 
GLOBAL_UNCERTAINTY_ASSIGNED_CONTEXT((#16623)) 
GLOBAL_UNIT_ASSIGNED_CONTEXT((#16620,#16621,#16622)) 
REPRESENTATION_CONTEXT('Context #1',
  '3D Context with UNIT and UNCERTAINTY') );
#16620 = ( LENGTH_UNIT() NAMED_UNIT(*) SI_UNIT(.MILLI.,.METRE.) );
#16621 = ( NAMED_UNIT(*) PLANE_ANGLE_UNIT() SI_UNIT($,.RADIAN.) );
#16622 = ( NAMED_UNIT(*) SI_UNIT($,.STERADIAN.) SOLID_ANGLE_UNIT() );
#16623 = UNCERTAINTY_MEASURE_WITH_UNIT(LENGTH_MEASURE(1.E-07),#16620,
  'distance_accuracy_value','confusion accuracy');
#16624 = CONTEXT_DEPENDENT_SHAPE_REPRESENTATION(#16625,#16627);
#16625 = ( REPRESENTATION_RELATIONSHIP('','',#16495,#15851) 
REPRESENTATION_RELATIONSHIP_WITH_TRANSFORMATION(#16626) 
SHAPE_REPRESENTATION_RELATIONSHIP() );
#16626 = ITEM_DEFINED_TRANSFORMATION('','',#11,#15856);
#16627 = PRODUCT_DEFINITION_SHAPE('Placement','Placement of an item',
  #16628);
#16628 = NEXT_ASSEMBLY_USAGE_OCCURRENCE('34','','',#15846,#16490,$);
#16629 = PRODUCT_RELATED_PRODUCT_CATEGORY('part',$,(#16492));
#16630 = SHAPE_DEFINITION_REPRESENTATION(#16631,#16637);
#16631 = PRODUCT_DEFINITION_SHAPE('','',#16632);
#16632 = PRODUCT_DEFINITION('design','',#16633,#16636);
#16633 = PRODUCT_DEFINITION_FORMATION('','',#16634);
#16634 = PRODUCT('Open CASCADE STEP translator 7.8 12.22.1.3',
  'Open CASCADE STEP translator 7.8 12.22.1.3','',(#16635));
#16635 = PRODUCT_CONTEXT('',#2,'mechanical');
#16636 = PRODUCT_DEFINITION_CONTEXT('part definition',#2,'design');
#16637 = ADVANCED_BREP_SHAPE_REPRESENTATION('',(#11,#16638),#17232);
#16638 = MANIFOLD_SOLID_BREP('',#16639);
#16639 = CLOSED_SHELL('',(#16640,#16760,#16836,#16990,#17039,#17144,
    #17151,#17178,#17205));
#16640 = ADVANCED_FACE('',(#16641),#16655,.F.);
#16641 = FACE_BOUND('',#16642,.F.);
#16642 = EDGE_LOOP('',(#16643,#16678,#16706,#16734));
#16643 = ORIENTED_EDGE('',*,*,#16644,.F.);
#16644 = EDGE_CURVE('',#16645,#16647,#16649,.T.);
#16645 = VERTEX_POINT('',#16646);
#16646 = CARTESIAN_POINT('',(-75.,-37.5,-1.));
#16647 = VERTEX_POINT('',#16648);
#16648 = CARTESIAN_POINT('',(-75.,-37.5,1.));
#16649 = SURFACE_CURVE('',#16650,(#16654,#16666),.PCURVE_S1.);
#16650 = LINE('',#16651,#16652);
#16651 = CARTESIAN_POINT('',(-75.,-37.5,-1.));
#16652 = VECTOR('',#16653,1.);
#16653 = DIRECTION('',(0.,0.,1.));
#16654 = PCURVE('',#16655,#16660);
#16655 = PLANE('',#16656);
#16656 = AXIS2_PLACEMENT_3D('',#16657,#16658,#16659);
#16657 = CARTESIAN_POINT('',(-75.,-37.5,-1.));
#16658 = DIRECTION('',(1.,0.,0.));
#16659 = DIRECTION('',(0.,0.,1.));
#16660 = DEFINITIONAL_REPRESENTATION('',(#16661),#16665);
#16661 = LINE('',#16662,#16663);
#16662 = CARTESIAN_POINT('',(0.,0.));
#16663 = VECTOR('',#16664,1.);
#16664 = DIRECTION('',(1.,0.));
#16665 = ( GEOMETRIC_REPRESENTATION_CONTEXT(2) 
PARAMETRIC_REPRESENTATION_CONTEXT() REPRESENTATION_CONTEXT('2D SPACE',''
  ) );
#16666 = PCURVE('',#16667,#16672);
#16667 = PLANE('',#16668);
#16668 = AXIS2_PLACEMENT_3D('',#16669,#16670,#16671);
#16669 = CARTESIAN_POINT('',(-75.,-37.5,-1.));
#16670 = DIRECTION('',(0.,1.,0.));
#16671 = DIRECTION('',(0.,0.,1.));
#16672 = DEFINITIONAL_REPRESENTATION('',(#16673),#16677);
#16673 = LINE('',#16674,#16675);
#16674 = CARTESIAN_POINT('',(0.,0.));
#16675 = VECTOR('',#16676,1.);
#16676 = DIRECTION('',(1.,0.));
#16677 = ( GEOMETRIC_REPRESENTATION_CONTEXT(2) 
PARAMETRIC_REPRESENTATION_CONTEXT() REPRESENTATION_CONTEXT('2D SPACE',''
  ) );
#16678 = ORIENTED_EDGE('',*,*,#16679,.T.);
#16679 = EDGE_CURVE('',#16645,#16680,#16682,.T.);
#16680 = VERTEX_POINT('',#16681);
#16681 = CARTESIAN_POINT('',(-75.,37.5,-1.));
#16682 = SURFACE_CURVE('',#16683,(#16687,#16694),.PCURVE_S1.);
#16683 = LINE('',#16684,#16685);
#16684 = CARTESIAN_POINT('',(-75.,-37.5,-1.));
#16685 = VECTOR('',#16686,1.);
#16686 = DIRECTION('',(0.,1.,0.));
#16687 = PCURVE('',#16655,#16688);
#16688 = DEFINITIONAL_REPRESENTATION('',(#16689),#16693);
#16689 = LINE('',#16690,#16691);
#16690 = CARTESIAN_POINT('',(0.,0.));
#16691 = VECTOR('',#16692,1.);
#16692 = DIRECTION('',(0.,-1.));
#16693 = ( GEOMETRIC_REPRESENTATION_CONTEXT(2) 
PARAMETRIC_REPRESENTATION_CONTEXT() REPRESENTATION_CONTEXT('2D SPACE',''
  ) );
#16694 = PCURVE('',#16695,#16700);
#16695 = PLANE('',#16696);
#16696 = AXIS2_PLACEMENT_3D('',#16697,#16698,#16699);
#16697 = CARTESIAN_POINT('',(-75.,-37.5,-1.));
#16698 = DIRECTION('',(0.,0.,1.));
#16699 = DIRECTION('',(1.,0.,0.));
#16700 = DEFINITIONAL_REPRESENTATION('',(#16701),#16705);
#16701 = LINE('',#16702,#16703);
#16702 = CARTESIAN_POINT('',(0.,0.));
#16703 = VECTOR('',#16704,1.);
#16704 = DIRECTION('',(0.,1.));
#16705 = ( GEOMETRIC_REPRESENTATION_CONTEXT(2) 
PARAMETRIC_REPRESENTATION_CONTEXT() REPRESENTATION_CONTEXT('2D SPACE',''
  ) );
#16706 = ORIENTED_EDGE('',*,*,#16707,.T.);
#16707 = EDGE_CURVE('',#16680,#16708,#16710,.T.);
#16708 = VERTEX_POINT('',#16709);
#16709 = CARTESIAN_POINT('',(-75.,37.5,1.));
#16710 = SURFACE_CURVE('',#16711,(#16715,#16722),.PCURVE_S1.);
#16711 = LINE('',#16712,#16713);
#16712 = CARTESIAN_POINT('',(-75.,37.5,-1.));
#16713 = VECTOR('',#16714,1.);
#16714 = DIRECTION('',(0.,0.,1.));
#16715 = PCURVE('',#16655,#16716);
#16716 = DEFINITIONAL_REPRESENTATION('',(#16717),#16721);
#16717 = LINE('',#16718,#16719);
#16718 = CARTESIAN_POINT('',(0.,-75.));
#16719 = VECTOR('',#16720,1.);
#16720 = DIRECTION('',(1.,0.));
#16721 = ( GEOMETRIC_REPRESENTATION_CONTEXT(2) 
PARAMETRIC_REPRESENTATION_CONTEXT() REPRESENTATION_CONTEXT('2D SPACE',''
  ) );
#16722 = PCURVE('',#16723,#16728);
#16723 = PLANE('',#16724);
#16724 = AXIS2_PLACEMENT_3D('',#16725,#16726,#16727);
#16725 = CARTESIAN_POINT('',(-75.,37.5,-1.));
#16726 = DIRECTION('',(0.,1.,0.));
#16727 = DIRECTION('',(0.,0.,1.));
#16728 = DEFINITIONAL_REPRESENTATION('',(#16729),#16733);
#16729 = LINE('',#16730,#16731);
#16730 = CARTESIAN_POINT('',(0.,0.));
#16731 = VECTOR('',#16732,1.);
#16732 = DIRECTION('',(1.,0.));
#16733 = ( GEOMETRIC_REPRESENTATION_CONTEXT(2) 
PARAMETRIC_REPRESENTATION_CONTEXT() REPRESENTATION_CONTEXT('2D SPACE',''
  ) );
#16734 = ORIENTED_EDGE('',*,*,#16735,.F.);
#16735 = EDGE_CURVE('',#16647,#16708,#16736,.T.);
#16736 = SURFACE_CURVE('',#16737,(#16741,#16748),.PCURVE_S1.);
#16737 = LINE('',#16738,#16739);
#16738 = CARTESIAN_POINT('',(-75.,-37.5,1.));
#16739 = VECTOR('',#16740,1.);
#16740 = DIRECTION('',(0.,1.,0.));
#16741 = PCURVE('',#16655,#16742);
#16742 = DEFINITIONAL_REPRESENTATION('',(#16743),#16747);
#16743 = LINE('',#16744,#16745);
#16744 = CARTESIAN_POINT('',(2.,0.));
#16745 = VECTOR('',#16746,1.);
#16746 = DIRECTION('',(0.,-1.));
#16747 = ( GEOMETRIC_REPRESENTATION_CONTEXT(2) 
PARAMETRIC_REPRESENTATION_CONTEXT() REPRESENTATION_CONTEXT('2D SPACE',''
  ) );
#16748 = PCURVE('',#16749,#16754);
#16749 = PLANE('',#16750);
#16750 = AXIS2_PLACEMENT_3D('',#16751,#16752,#16753);
#16751 = CARTESIAN_POINT('',(-75.,-37.5,1.));
#16752 = DIRECTION('',(0.,0.,1.));
#16753 = DIRECTION('',(1.,0.,0.));
#16754 = DEFINITIONAL_REPRESENTATION('',(#16755),#16759);
#16755 = LINE('',#16756,#16757);
#16756 = CARTESIAN_POINT('',(0.,0.));
#16757 = VECTOR('',#16758,1.);
#16758 = DIRECTION('',(0.,1.));
#16759 = ( GEOMETRIC_REPRESENTATION_CONTEXT(2) 
PARAMETRIC_REPRESENTATION_CONTEXT() REPRESENTATION_CONTEXT('2D SPACE',''
  ) );
#16760 = ADVANCED_FACE('',(#16761),#16667,.F.);
#16761 = FACE_BOUND('',#16762,.F.);
#16762 = EDGE_LOOP('',(#16763,#16786,#16787,#16810));
#16763 = ORIENTED_EDGE('',*,*,#16764,.F.);
#16764 = EDGE_CURVE('',#16645,#16765,#16767,.T.);
#16765 = VERTEX_POINT('',#16766);
#16766 = CARTESIAN_POINT('',(-4.,-37.5,-1.));
#16767 = SURFACE_CURVE('',#16768,(#16772,#16779),.PCURVE_S1.);
#16768 = LINE('',#16769,#16770);
#16769 = CARTESIAN_POINT('',(-75.,-37.5,-1.));
#16770 = VECTOR('',#16771,1.);
#16771 = DIRECTION('',(1.,0.,0.));
#16772 = PCURVE('',#16667,#16773);
#16773 = DEFINITIONAL_REPRESENTATION('',(#16774),#16778);
#16774 = LINE('',#16775,#16776);
#16775 = CARTESIAN_POINT('',(0.,0.));
#16776 = VECTOR('',#16777,1.);
#16777 = DIRECTION('',(0.,1.));
#16778 = ( GEOMETRIC_REPRESENTATION_CONTEXT(2) 
PARAMETRIC_REPRESENTATION_CONTEXT() REPRESENTATION_CONTEXT('2D SPACE',''
  ) );
#16779 = PCURVE('',#16695,#16780);
#16780 = DEFINITIONAL_REPRESENTATION('',(#16781),#16785);
#16781 = LINE('',#16782,#16783);
#16782 = CARTESIAN_POINT('',(0.,0.));
#16783 = VECTOR('',#16784,1.);
#16784 = DIRECTION('',(1.,0.));
#16785 = ( GEOMETRIC_REPRESENTATION_CONTEXT(2) 
PARAMETRIC_REPRESENTATION_CONTEXT() REPRESENTATION_CONTEXT('2D SPACE',''
  ) );
#16786 = ORIENTED_EDGE('',*,*,#16644,.T.);
#16787 = ORIENTED_EDGE('',*,*,#16788,.T.);
#16788 = EDGE_CURVE('',#16647,#16789,#16791,.T.);
#16789 = VERTEX_POINT('',#16790);
#16790 = CARTESIAN_POINT('',(-4.,-37.5,1.));
#16791 = SURFACE_CURVE('',#16792,(#16796,#16803),.PCURVE_S1.);
#16792 = LINE('',#16793,#16794);
#16793 = CARTESIAN_POINT('',(-75.,-37.5,1.));
#16794 = VECTOR('',#16795,1.);
#16795 = DIRECTION('',(1.,0.,0.));
#16796 = PCURVE('',#16667,#16797);
#16797 = DEFINITIONAL_REPRESENTATION('',(#16798),#16802);
#16798 = LINE('',#16799,#16800);
#16799 = CARTESIAN_POINT('',(2.,0.));
#16800 = VECTOR('',#16801,1.);
#16801 = DIRECTION('',(0.,1.));
#16802 = ( GEOMETRIC_REPRESENTATION_CONTEXT(2) 
PARAMETRIC_REPRESENTATION_CONTEXT() REPRESENTATION_CONTEXT('2D SPACE',''
  ) );
#16803 = PCURVE('',#16749,#16804);
#16804 = DEFINITIONAL_REPRESENTATION('',(#16805),#16809);
#16805 = LINE('',#16806,#16807);
#16806 = CARTESIAN_POINT('',(0.,0.));
#16807 = VECTOR('',#16808,1.);
#16808 = DIRECTION('',(1.,0.));
#16809 = ( GEOMETRIC_REPRESENTATION_CONTEXT(2) 
PARAMETRIC_REPRESENTATION_CONTEXT() REPRESENTATION_CONTEXT('2D SPACE',''
  ) );
#16810 = ORIENTED_EDGE('',*,*,#16811,.F.);
#16811 = EDGE_CURVE('',#16765,#16789,#16812,.T.);
#16812 = SURFACE_CURVE('',#16813,(#16817,#16824),.PCURVE_S1.);
#16813 = LINE('',#16814,#16815);
#16814 = CARTESIAN_POINT('',(-4.,-37.5,-1.));
#16815 = VECTOR('',#16816,1.);
#16816 = DIRECTION('',(0.,0.,1.));
#16817 = PCURVE('',#16667,#16818);
#16818 = DEFINITIONAL_REPRESENTATION('',(#16819),#16823);
#16819 = LINE('',#16820,#16821);
#16820 = CARTESIAN_POINT('',(0.,71.));
#16821 = VECTOR('',#16822,1.);
#16822 = DIRECTION('',(1.,0.));
#16823 = ( GEOMETRIC_REPRESENTATION_CONTEXT(2) 
PARAMETRIC_REPRESENTATION_CONTEXT() REPRESENTATION_CONTEXT('2D SPACE',''
  ) );
#16824 = PCURVE('',#16825,#16830);
#16825 = PLANE('',#16826);
#16826 = AXIS2_PLACEMENT_3D('',#16827,#16828,#16829);
#16827 = CARTESIAN_POINT('',(-4.,-37.5,-1.));
#16828 = DIRECTION('',(1.,0.,0.));
#16829 = DIRECTION('',(0.,0.,1.));
#16830 = DEFINITIONAL_REPRESENTATION('',(#16831),#16835);
#16831 = LINE('',#16832,#16833);
#16832 = CARTESIAN_POINT('',(0.,0.));
#16833 = VECTOR('',#16834,1.);
#16834 = DIRECTION('',(1.,0.));
#16835 = ( GEOMETRIC_REPRESENTATION_CONTEXT(2) 
PARAMETRIC_REPRESENTATION_CONTEXT() REPRESENTATION_CONTEXT('2D SPACE',''
  ) );
#16836 = ADVANCED_FACE('',(#16837,#16885,#16920,#16955),#16749,.T.);
#16837 = FACE_BOUND('',#16838,.T.);
#16838 = EDGE_LOOP('',(#16839,#16840,#16841,#16864));
#16839 = ORIENTED_EDGE('',*,*,#16735,.F.);
#16840 = ORIENTED_EDGE('',*,*,#16788,.T.);
#16841 = ORIENTED_EDGE('',*,*,#16842,.T.);
#16842 = EDGE_CURVE('',#16789,#16843,#16845,.T.);
#16843 = VERTEX_POINT('',#16844);
#16844 = CARTESIAN_POINT('',(-4.,37.5,1.));
#16845 = SURFACE_CURVE('',#16846,(#16850,#16857),.PCURVE_S1.);
#16846 = LINE('',#16847,#16848);
#16847 = CARTESIAN_POINT('',(-4.,-37.5,1.));
#16848 = VECTOR('',#16849,1.);
#16849 = DIRECTION('',(0.,1.,0.));
#16850 = PCURVE('',#16749,#16851);
#16851 = DEFINITIONAL_REPRESENTATION('',(#16852),#16856);
#16852 = LINE('',#16853,#16854);
#16853 = CARTESIAN_POINT('',(71.,0.));
#16854 = VECTOR('',#16855,1.);
#16855 = DIRECTION('',(0.,1.));
#16856 = ( GEOMETRIC_REPRESENTATION_CONTEXT(2) 
PARAMETRIC_REPRESENTATION_CONTEXT() REPRESENTATION_CONTEXT('2D SPACE',''
  ) );
#16857 = PCURVE('',#16825,#16858);
#16858 = DEFINITIONAL_REPRESENTATION('',(#16859),#16863);
#16859 = LINE('',#16860,#16861);
#16860 = CARTESIAN_POINT('',(2.,0.));
#16861 = VECTOR('',#16862,1.);
#16862 = DIRECTION('',(0.,-1.));
#16863 = ( GEOMETRIC_REPRESENTATION_CONTEXT(2) 
PARAMETRIC_REPRESENTATION_CONTEXT() REPRESENTATION_CONTEXT('2D SPACE',''
  ) );
#16864 = ORIENTED_EDGE('',*,*,#16865,.F.);
#16865 = EDGE_CURVE('',#16708,#16843,#16866,.T.);
#16866 = SURFACE_CURVE('',#16867,(#16871,#16878),.PCURVE_S1.);
#16867 = LINE('',#16868,#16869);
#16868 = CARTESIAN_POINT('',(-75.,37.5,1.));
#16869 = VECTOR('',#16870,1.);
#16870 = DIRECTION('',(1.,0.,0.));
#16871 = PCURVE('',#16749,#16872);
#16872 = DEFINITIONAL_REPRESENTATION('',(#16873),#16877);
#16873 = LINE('',#16874,#16875);
#16874 = CARTESIAN_POINT('',(0.,75.));
#16875 = VECTOR('',#16876,1.);
#16876 = DIRECTION('',(1.,0.));
#16877 = ( GEOMETRIC_REPRESENTATION_CONTEXT(2) 
PARAMETRIC_REPRESENTATION_CONTEXT() REPRESENTATION_CONTEXT('2D SPACE',''
  ) );
#16878 = PCURVE('',#16723,#16879);
#16879 = DEFINITIONAL_REPRESENTATION('',(#16880),#16884);
#16880 = LINE('',#16881,#16882);
#16881 = CARTESIAN_POINT('',(2.,0.));
#16882 = VECTOR('',#16883,1.);
#16883 = DIRECTION('',(0.,1.));
#16884 = ( GEOMETRIC_REPRESENTATION_CONTEXT(2) 
PARAMETRIC_REPRESENTATION_CONTEXT() REPRESENTATION_CONTEXT('2D SPACE',''
  ) );
#16885 = FACE_BOUND('',#16886,.T.);
#16886 = EDGE_LOOP('',(#16887));
#16887 = ORIENTED_EDGE('',*,*,#16888,.T.);
#16888 = EDGE_CURVE('',#16889,#16889,#16891,.T.);
#16889 = VERTEX_POINT('',#16890);
#16890 = CARTESIAN_POINT('',(-37.,-22.5,1.));
#16891 = SURFACE_CURVE('',#16892,(#16897,#16908),.PCURVE_S1.);
#16892 = CIRCLE('',#16893,2.5);
#16893 = AXIS2_PLACEMENT_3D('',#16894,#16895,#16896);
#16894 = CARTESIAN_POINT('',(-39.5,-22.5,1.));
#16895 = DIRECTION('',(0.,0.,-1.));
#16896 = DIRECTION('',(1.,0.,0.));
#16897 = PCURVE('',#16749,#16898);
#16898 = DEFINITIONAL_REPRESENTATION('',(#16899),#16907);
#16899 = ( BOUNDED_CURVE() B_SPLINE_CURVE(2,(#16900,#16901,#16902,#16903
    ,#16904,#16905,#16906),.UNSPECIFIED.,.T.,.F.) 
B_SPLINE_CURVE_WITH_KNOTS((1,2,2,2,2,1),(-2.094395102393,0.,
    2.094395102393,4.188790204786,6.28318530718,8.377580409573),
.UNSPECIFIED.) CURVE() GEOMETRIC_REPRESENTATION_ITEM() 
RATIONAL_B_SPLINE_CURVE((1.,0.5,1.,0.5,1.,0.5,1.)) REPRESENTATION_ITEM(
  '') );
#16900 = CARTESIAN_POINT('',(38.,15.));
#16901 = CARTESIAN_POINT('',(38.,10.669872981078));
#16902 = CARTESIAN_POINT('',(34.25,12.834936490539));
#16903 = CARTESIAN_POINT('',(30.5,15.));
#16904 = CARTESIAN_POINT('',(34.25,17.165063509461));
#16905 = CARTESIAN_POINT('',(38.,19.330127018922));
#16906 = CARTESIAN_POINT('',(38.,15.));
#16907 = ( GEOMETRIC_REPRESENTATION_CONTEXT(2) 
PARAMETRIC_REPRESENTATION_CONTEXT() REPRESENTATION_CONTEXT('2D SPACE',''
  ) );
#16908 = PCURVE('',#16909,#16914);
#16909 = CYLINDRICAL_SURFACE('',#16910,2.5);
#16910 = AXIS2_PLACEMENT_3D('',#16911,#16912,#16913);
#16911 = CARTESIAN_POINT('',(-39.5,-22.5,-1.));
#16912 = DIRECTION('',(-0.,-0.,-1.));
#16913 = DIRECTION('',(1.,0.,0.));
#16914 = DEFINITIONAL_REPRESENTATION('',(#16915),#16919);
#16915 = LINE('',#16916,#16917);
#16916 = CARTESIAN_POINT('',(-6.28318530718,-2.));
#16917 = VECTOR('',#16918,1.);
#16918 = DIRECTION('',(1.,-0.));
#16919 = ( GEOMETRIC_REPRESENTATION_CONTEXT(2) 
PARAMETRIC_REPRESENTATION_CONTEXT() REPRESENTATION_CONTEXT('2D SPACE',''
  ) );
#16920 = FACE_BOUND('',#16921,.T.);
#16921 = EDGE_LOOP('',(#16922));
#16922 = ORIENTED_EDGE('',*,*,#16923,.T.);
#16923 = EDGE_CURVE('',#16924,#16924,#16926,.T.);
#16924 = VERTEX_POINT('',#16925);
#16925 = CARTESIAN_POINT('',(-37.,0.,1.));
#16926 = SURFACE_CURVE('',#16927,(#16932,#16943),.PCURVE_S1.);
#16927 = CIRCLE('',#16928,2.5);
#16928 = AXIS2_PLACEMENT_3D('',#16929,#16930,#16931);
#16929 = CARTESIAN_POINT('',(-39.5,0.,1.));
#16930 = DIRECTION('',(0.,0.,-1.));
#16931 = DIRECTION('',(1.,0.,0.));
#16932 = PCURVE('',#16749,#16933);
#16933 = DEFINITIONAL_REPRESENTATION('',(#16934),#16942);
#16934 = ( BOUNDED_CURVE() B_SPLINE_CURVE(2,(#16935,#16936,#16937,#16938
    ,#16939,#16940,#16941),.UNSPECIFIED.,.T.,.F.) 
B_SPLINE_CURVE_WITH_KNOTS((1,2,2,2,2,1),(-2.094395102393,0.,
    2.094395102393,4.188790204786,6.28318530718,8.377580409573),
.UNSPECIFIED.) CURVE() GEOMETRIC_REPRESENTATION_ITEM() 
RATIONAL_B_SPLINE_CURVE((1.,0.5,1.,0.5,1.,0.5,1.)) REPRESENTATION_ITEM(
  '') );
#16935 = CARTESIAN_POINT('',(38.,37.5));
#16936 = CARTESIAN_POINT('',(38.,33.169872981078));
#16937 = CARTESIAN_POINT('',(34.25,35.334936490539));
#16938 = CARTESIAN_POINT('',(30.5,37.5));
#16939 = CARTESIAN_POINT('',(34.25,39.665063509461));
#16940 = CARTESIAN_POINT('',(38.,41.830127018922));
#16941 = CARTESIAN_POINT('',(38.,37.5));
#16942 = ( GEOMETRIC_REPRESENTATION_CONTEXT(2) 
PARAMETRIC_REPRESENTATION_CONTEXT() REPRESENTATION_CONTEXT('2D SPACE',''
  ) );
#16943 = PCURVE('',#16944,#16949);
#16944 = CYLINDRICAL_SURFACE('',#16945,2.5);
#16945 = AXIS2_PLACEMENT_3D('',#16946,#16947,#16948);
#16946 = CARTESIAN_POINT('',(-39.5,0.,-1.));
#16947 = DIRECTION('',(-0.,-0.,-1.));
#16948 = DIRECTION('',(1.,0.,0.));
#16949 = DEFINITIONAL_REPRESENTATION('',(#16950),#16954);
#16950 = LINE('',#16951,#16952);
#16951 = CARTESIAN_POINT('',(-6.28318530718,-2.));
#16952 = VECTOR('',#16953,1.);
#16953 = DIRECTION('',(1.,-0.));
#16954 = ( GEOMETRIC_REPRESENTATION_CONTEXT(2) 
PARAMETRIC_REPRESENTATION_CONTEXT() REPRESENTATION_CONTEXT('2D SPACE',''
  ) );
#16955 = FACE_BOUND('',#16956,.T.);
#16956 = EDGE_LOOP('',(#16957));
#16957 = ORIENTED_EDGE('',*,*,#16958,.T.);
#16958 = EDGE_CURVE('',#16959,#16959,#16961,.T.);
#16959 = VERTEX_POINT('',#16960);
#16960 = CARTESIAN_POINT('',(-37.,22.5,1.));
#16961 = SURFACE_CURVE('',#16962,(#16967,#16978),.PCURVE_S1.);
#16962 = CIRCLE('',#16963,2.5);
#16963 = AXIS2_PLACEMENT_3D('',#16964,#16965,#16966);
#16964 = CARTESIAN_POINT('',(-39.5,22.5,1.));
#16965 = DIRECTION('',(0.,0.,-1.));
#16966 = DIRECTION('',(1.,0.,0.));
#16967 = PCURVE('',#16749,#16968);
#16968 = DEFINITIONAL_REPRESENTATION('',(#16969),#16977);
#16969 = ( BOUNDED_CURVE() B_SPLINE_CURVE(2,(#16970,#16971,#16972,#16973
    ,#16974,#16975,#16976),.UNSPECIFIED.,.T.,.F.) 
B_SPLINE_CURVE_WITH_KNOTS((1,2,2,2,2,1),(-2.094395102393,0.,
    2.094395102393,4.188790204786,6.28318530718,8.377580409573),
.UNSPECIFIED.) CURVE() GEOMETRIC_REPRESENTATION_ITEM() 
RATIONAL_B_SPLINE_CURVE((1.,0.5,1.,0.5,1.,0.5,1.)) REPRESENTATION_ITEM(
  '') );
#16970 = CARTESIAN_POINT('',(38.,60.));
#16971 = CARTESIAN_POINT('',(38.,55.669872981078));
#16972 = CARTESIAN_POINT('',(34.25,57.834936490539));
#16973 = CARTESIAN_POINT('',(30.5,60.));
#16974 = CARTESIAN_POINT('',(34.25,62.165063509461));
#16975 = CARTESIAN_POINT('',(38.,64.330127018922));
#16976 = CARTESIAN_POINT('',(38.,60.));
#16977 = ( GEOMETRIC_REPRESENTATION_CONTEXT(2) 
PARAMETRIC_REPRESENTATION_CONTEXT() REPRESENTATION_CONTEXT('2D SPACE',''
  ) );
#16978 = PCURVE('',#16979,#16984);
#16979 = CYLINDRICAL_SURFACE('',#16980,2.5);
#16980 = AXIS2_PLACEMENT_3D('',#16981,#16982,#16983);
#16981 = CARTESIAN_POINT('',(-39.5,22.5,-1.));
#16982 = DIRECTION('',(-0.,-0.,-1.));
#16983 = DIRECTION('',(1.,0.,0.));
#16984 = DEFINITIONAL_REPRESENTATION('',(#16985),#16989);
#16985 = LINE('',#16986,#16987);
#16986 = CARTESIAN_POINT('',(-6.28318530718,-2.));
#16987 = VECTOR('',#16988,1.);
#16988 = DIRECTION('',(1.,-0.));
#16989 = ( GEOMETRIC_REPRESENTATION_CONTEXT(2) 
PARAMETRIC_REPRESENTATION_CONTEXT() REPRESENTATION_CONTEXT('2D SPACE',''
  ) );
#16990 = ADVANCED_FACE('',(#16991),#16723,.T.);
#16991 = FACE_BOUND('',#16992,.T.);
#16992 = EDGE_LOOP('',(#16993,#17016,#17017,#17018));
#16993 = ORIENTED_EDGE('',*,*,#16994,.F.);
#16994 = EDGE_CURVE('',#16680,#16995,#16997,.T.);
#16995 = VERTEX_POINT('',#16996);
#16996 = CARTESIAN_POINT('',(-4.,37.5,-1.));
#16997 = SURFACE_CURVE('',#16998,(#17002,#17009),.PCURVE_S1.);
#16998 = LINE('',#16999,#17000);
#16999 = CARTESIAN_POINT('',(-75.,37.5,-1.));
#17000 = VECTOR('',#17001,1.);
#17001 = DIRECTION('',(1.,0.,0.));
#17002 = PCURVE('',#16723,#17003);
#17003 = DEFINITIONAL_REPRESENTATION('',(#17004),#17008);
#17004 = LINE('',#17005,#17006);
#17005 = CARTESIAN_POINT('',(0.,0.));
#17006 = VECTOR('',#17007,1.);
#17007 = DIRECTION('',(0.,1.));
#17008 = ( GEOMETRIC_REPRESENTATION_CONTEXT(2) 
PARAMETRIC_REPRESENTATION_CONTEXT() REPRESENTATION_CONTEXT('2D SPACE',''
  ) );
#17009 = PCURVE('',#16695,#17010);
#17010 = DEFINITIONAL_REPRESENTATION('',(#17011),#17015);
#17011 = LINE('',#17012,#17013);
#17012 = CARTESIAN_POINT('',(0.,75.));
#17013 = VECTOR('',#17014,1.);
#17014 = DIRECTION('',(1.,0.));
#17015 = ( GEOMETRIC_REPRESENTATION_CONTEXT(2) 
PARAMETRIC_REPRESENTATION_CONTEXT() REPRESENTATION_CONTEXT('2D SPACE',''
  ) );
#17016 = ORIENTED_EDGE('',*,*,#16707,.T.);
#17017 = ORIENTED_EDGE('',*,*,#16865,.T.);
#17018 = ORIENTED_EDGE('',*,*,#17019,.F.);
#17019 = EDGE_CURVE('',#16995,#16843,#17020,.T.);
#17020 = SURFACE_CURVE('',#17021,(#17025,#17032),.PCURVE_S1.);
#17021 = LINE('',#17022,#17023);
#17022 = CARTESIAN_POINT('',(-4.,37.5,-1.));
#17023 = VECTOR('',#17024,1.);
#17024 = DIRECTION('',(0.,0.,1.));
#17025 = PCURVE('',#16723,#17026);
#17026 = DEFINITIONAL_REPRESENTATION('',(#17027),#17031);
#17027 = LINE('',#17028,#17029);
#17028 = CARTESIAN_POINT('',(0.,71.));
#17029 = VECTOR('',#17030,1.);
#17030 = DIRECTION('',(1.,0.));
#17031 = ( GEOMETRIC_REPRESENTATION_CONTEXT(2) 
PARAMETRIC_REPRESENTATION_CONTEXT() REPRESENTATION_CONTEXT('2D SPACE',''
  ) );
#17032 = PCURVE('',#16825,#17033);
#17033 = DEFINITIONAL_REPRESENTATION('',(#17034),#17038);
#17034 = LINE('',#17035,#17036);
#17035 = CARTESIAN_POINT('',(0.,-75.));
#17036 = VECTOR('',#17037,1.);
#17037 = DIRECTION('',(1.,0.));
#17038 = ( GEOMETRIC_REPRESENTATION_CONTEXT(2) 
PARAMETRIC_REPRESENTATION_CONTEXT() REPRESENTATION_CONTEXT('2D SPACE',''
  ) );
#17039 = ADVANCED_FACE('',(#17040,#17066,#17092,#17118),#16695,.F.);
#17040 = FACE_BOUND('',#17041,.F.);
#17041 = EDGE_LOOP('',(#17042,#17043,#17044,#17065));
#17042 = ORIENTED_EDGE('',*,*,#16679,.F.);
#17043 = ORIENTED_EDGE('',*,*,#16764,.T.);
#17044 = ORIENTED_EDGE('',*,*,#17045,.T.);
#17045 = EDGE_CURVE('',#16765,#16995,#17046,.T.);
#17046 = SURFACE_CURVE('',#17047,(#17051,#17058),.PCURVE_S1.);
#17047 = LINE('',#17048,#17049);
#17048 = CARTESIAN_POINT('',(-4.,-37.5,-1.));
#17049 = VECTOR('',#17050,1.);
#17050 = DIRECTION('',(0.,1.,0.));
#17051 = PCURVE('',#16695,#17052);
#17052 = DEFINITIONAL_REPRESENTATION('',(#17053),#17057);
#17053 = LINE('',#17054,#17055);
#17054 = CARTESIAN_POINT('',(71.,0.));
#17055 = VECTOR('',#17056,1.);
#17056 = DIRECTION('',(0.,1.));
#17057 = ( GEOMETRIC_REPRESENTATION_CONTEXT(2) 
PARAMETRIC_REPRESENTATION_CONTEXT() REPRESENTATION_CONTEXT('2D SPACE',''
  ) );
#17058 = PCURVE('',#16825,#17059);
#17059 = DEFINITIONAL_REPRESENTATION('',(#17060),#17064);
#17060 = LINE('',#17061,#17062);
#17061 = CARTESIAN_POINT('',(0.,0.));
#17062 = VECTOR('',#17063,1.);
#17063 = DIRECTION('',(0.,-1.));
#17064 = ( GEOMETRIC_REPRESENTATION_CONTEXT(2) 
PARAMETRIC_REPRESENTATION_CONTEXT() REPRESENTATION_CONTEXT('2D SPACE',''
  ) );
#17065 = ORIENTED_EDGE('',*,*,#16994,.F.);
#17066 = FACE_BOUND('',#17067,.F.);
#17067 = EDGE_LOOP('',(#17068));
#17068 = ORIENTED_EDGE('',*,*,#17069,.F.);
#17069 = EDGE_CURVE('',#17070,#17070,#17072,.T.);
#17070 = VERTEX_POINT('',#17071);
#17071 = CARTESIAN_POINT('',(-37.,-22.5,-1.));
#17072 = SURFACE_CURVE('',#17073,(#17078,#17085),.PCURVE_S1.);
#17073 = CIRCLE('',#17074,2.5);
#17074 = AXIS2_PLACEMENT_3D('',#17075,#17076,#17077);
#17075 = CARTESIAN_POINT('',(-39.5,-22.5,-1.));
#17076 = DIRECTION('',(0.,0.,1.));
#17077 = DIRECTION('',(1.,0.,0.));
#17078 = PCURVE('',#16695,#17079);
#17079 = DEFINITIONAL_REPRESENTATION('',(#17080),#17084);
#17080 = CIRCLE('',#17081,2.5);
#17081 = AXIS2_PLACEMENT_2D('',#17082,#17083);
#17082 = CARTESIAN_POINT('',(35.5,15.));
#17083 = DIRECTION('',(1.,0.));
#17084 = ( GEOMETRIC_REPRESENTATION_CONTEXT(2) 
PARAMETRIC_REPRESENTATION_CONTEXT() REPRESENTATION_CONTEXT('2D SPACE',''
  ) );
#17085 = PCURVE('',#16909,#17086);
#17086 = DEFINITIONAL_REPRESENTATION('',(#17087),#17091);
#17087 = LINE('',#17088,#17089);
#17088 = CARTESIAN_POINT('',(-0.,0.));
#17089 = VECTOR('',#17090,1.);
#17090 = DIRECTION('',(-1.,0.));
#17091 = ( GEOMETRIC_REPRESENTATION_CONTEXT(2) 
PARAMETRIC_REPRESENTATION_CONTEXT() REPRESENTATION_CONTEXT('2D SPACE',''
  ) );
#17092 = FACE_BOUND('',#17093,.F.);
#17093 = EDGE_LOOP('',(#17094));
#17094 = ORIENTED_EDGE('',*,*,#17095,.F.);
#17095 = EDGE_CURVE('',#17096,#17096,#17098,.T.);
#17096 = VERTEX_POINT('',#17097);
#17097 = CARTESIAN_POINT('',(-37.,0.,-1.));
#17098 = SURFACE_CURVE('',#17099,(#17104,#17111),.PCURVE_S1.);
#17099 = CIRCLE('',#17100,2.5);
#17100 = AXIS2_PLACEMENT_3D('',#17101,#17102,#17103);
#17101 = CARTESIAN_POINT('',(-39.5,0.,-1.));
#17102 = DIRECTION('',(0.,0.,1.));
#17103 = DIRECTION('',(1.,0.,0.));
#17104 = PCURVE('',#16695,#17105);
#17105 = DEFINITIONAL_REPRESENTATION('',(#17106),#17110);
#17106 = CIRCLE('',#17107,2.5);
#17107 = AXIS2_PLACEMENT_2D('',#17108,#17109);
#17108 = CARTESIAN_POINT('',(35.5,37.5));
#17109 = DIRECTION('',(1.,0.));
#17110 = ( GEOMETRIC_REPRESENTATION_CONTEXT(2) 
PARAMETRIC_REPRESENTATION_CONTEXT() REPRESENTATION_CONTEXT('2D SPACE',''
  ) );
#17111 = PCURVE('',#16944,#17112);
#17112 = DEFINITIONAL_REPRESENTATION('',(#17113),#17117);
#17113 = LINE('',#17114,#17115);
#17114 = CARTESIAN_POINT('',(-0.,0.));
#17115 = VECTOR('',#17116,1.);
#17116 = DIRECTION('',(-1.,0.));
#17117 = ( GEOMETRIC_REPRESENTATION_CONTEXT(2) 
PARAMETRIC_REPRESENTATION_CONTEXT() REPRESENTATION_CONTEXT('2D SPACE',''
  ) );
#17118 = FACE_BOUND('',#17119,.F.);
#17119 = EDGE_LOOP('',(#17120));
#17120 = ORIENTED_EDGE('',*,*,#17121,.F.);
#17121 = EDGE_CURVE('',#17122,#17122,#17124,.T.);
#17122 = VERTEX_POINT('',#17123);
#17123 = CARTESIAN_POINT('',(-37.,22.5,-1.));
#17124 = SURFACE_CURVE('',#17125,(#17130,#17137),.PCURVE_S1.);
#17125 = CIRCLE('',#17126,2.5);
#17126 = AXIS2_PLACEMENT_3D('',#17127,#17128,#17129);
#17127 = CARTESIAN_POINT('',(-39.5,22.5,-1.));
#17128 = DIRECTION('',(0.,0.,1.));
#17129 = DIRECTION('',(1.,0.,0.));
#17130 = PCURVE('',#16695,#17131);
#17131 = DEFINITIONAL_REPRESENTATION('',(#17132),#17136);
#17132 = CIRCLE('',#17133,2.5);
#17133 = AXIS2_PLACEMENT_2D('',#17134,#17135);
#17134 = CARTESIAN_POINT('',(35.5,60.));
#17135 = DIRECTION('',(1.,0.));
#17136 = ( GEOMETRIC_REPRESENTATION_CONTEXT(2) 
PARAMETRIC_REPRESENTATION_CONTEXT() REPRESENTATION_CONTEXT('2D SPACE',''
  ) );
#17137 = PCURVE('',#16979,#17138);
#17138 = DEFINITIONAL_REPRESENTATION('',(#17139),#17143);
#17139 = LINE('',#17140,#17141);
#17140 = CARTESIAN_POINT('',(-0.,0.));
#17141 = VECTOR('',#17142,1.);
#17142 = DIRECTION('',(-1.,0.));
#17143 = ( GEOMETRIC_REPRESENTATION_CONTEXT(2) 
PARAMETRIC_REPRESENTATION_CONTEXT() REPRESENTATION_CONTEXT('2D SPACE',''
  ) );
#17144 = ADVANCED_FACE('',(#17145),#16825,.T.);
#17145 = FACE_BOUND('',#17146,.T.);
#17146 = EDGE_LOOP('',(#17147,#17148,#17149,#17150));
#17147 = ORIENTED_EDGE('',*,*,#16811,.F.);
#17148 = ORIENTED_EDGE('',*,*,#17045,.T.);
#17149 = ORIENTED_EDGE('',*,*,#17019,.T.);
#17150 = ORIENTED_EDGE('',*,*,#16842,.F.);
#17151 = ADVANCED_FACE('',(#17152),#16909,.F.);
#17152 = FACE_BOUND('',#17153,.T.);
#17153 = EDGE_LOOP('',(#17154,#17155,#17176,#17177));
#17154 = ORIENTED_EDGE('',*,*,#17069,.F.);
#17155 = ORIENTED_EDGE('',*,*,#17156,.T.);
#17156 = EDGE_CURVE('',#17070,#16889,#17157,.T.);
#17157 = SEAM_CURVE('',#17158,(#17162,#17169),.PCURVE_S1.);
#17158 = LINE('',#17159,#17160);
#17159 = CARTESIAN_POINT('',(-37.,-22.5,-1.));
#17160 = VECTOR('',#17161,1.);
#17161 = DIRECTION('',(0.,0.,1.));
#17162 = PCURVE('',#16909,#17163);
#17163 = DEFINITIONAL_REPRESENTATION('',(#17164),#17168);
#17164 = LINE('',#17165,#17166);
#17165 = CARTESIAN_POINT('',(-6.28318530718,0.));
#17166 = VECTOR('',#17167,1.);
#17167 = DIRECTION('',(-0.,-1.));
#17168 = ( GEOMETRIC_REPRESENTATION_CONTEXT(2) 
PARAMETRIC_REPRESENTATION_CONTEXT() REPRESENTATION_CONTEXT('2D SPACE',''
  ) );
#17169 = PCURVE('',#16909,#17170);
#17170 = DEFINITIONAL_REPRESENTATION('',(#17171),#17175);
#17171 = LINE('',#17172,#17173);
#17172 = CARTESIAN_POINT('',(-0.,0.));
#17173 = VECTOR('',#17174,1.);
#17174 = DIRECTION('',(-0.,-1.));
#17175 = ( GEOMETRIC_REPRESENTATION_CONTEXT(2) 
PARAMETRIC_REPRESENTATION_CONTEXT() REPRESENTATION_CONTEXT('2D SPACE',''
  ) );
#17176 = ORIENTED_EDGE('',*,*,#16888,.F.);
#17177 = ORIENTED_EDGE('',*,*,#17156,.F.);
#17178 = ADVANCED_FACE('',(#17179),#16944,.F.);
#17179 = FACE_BOUND('',#17180,.T.);
#17180 = EDGE_LOOP('',(#17181,#17182,#17203,#17204));
#17181 = ORIENTED_EDGE('',*,*,#17095,.F.);
#17182 = ORIENTED_EDGE('',*,*,#17183,.T.);
#17183 = EDGE_CURVE('',#17096,#16924,#17184,.T.);
#17184 = SEAM_CURVE('',#17185,(#17189,#17196),.PCURVE_S1.);
#17185 = LINE('',#17186,#17187);
#17186 = CARTESIAN_POINT('',(-37.,0.,-1.));
#17187 = VECTOR('',#17188,1.);
#17188 = DIRECTION('',(0.,0.,1.));
#17189 = PCURVE('',#16944,#17190);
#17190 = DEFINITIONAL_REPRESENTATION('',(#17191),#17195);
#17191 = LINE('',#17192,#17193);
#17192 = CARTESIAN_POINT('',(-6.28318530718,0.));
#17193 = VECTOR('',#17194,1.);
#17194 = DIRECTION('',(-0.,-1.));
#17195 = ( GEOMETRIC_REPRESENTATION_CONTEXT(2) 
PARAMETRIC_REPRESENTATION_CONTEXT() REPRESENTATION_CONTEXT('2D SPACE',''
  ) );
#17196 = PCURVE('',#16944,#17197);
#17197 = DEFINITIONAL_REPRESENTATION('',(#17198),#17202);
#17198 = LINE('',#17199,#17200);
#17199 = CARTESIAN_POINT('',(-0.,0.));
#17200 = VECTOR('',#17201,1.);
#17201 = DIRECTION('',(-0.,-1.));
#17202 = ( GEOMETRIC_REPRESENTATION_CONTEXT(2) 
PARAMETRIC_REPRESENTATION_CONTEXT() REPRESENTATION_CONTEXT('2D SPACE',''
  ) );
#17203 = ORIENTED_EDGE('',*,*,#16923,.F.);
#17204 = ORIENTED_EDGE('',*,*,#17183,.F.);
#17205 = ADVANCED_FACE('',(#17206),#16979,.F.);
#17206 = FACE_BOUND('',#17207,.T.);
#17207 = EDGE_LOOP('',(#17208,#17209,#17230,#17231));
#17208 = ORIENTED_EDGE('',*,*,#17121,.F.);
#17209 = ORIENTED_EDGE('',*,*,#17210,.T.);
#17210 = EDGE_CURVE('',#17122,#16959,#17211,.T.);
#17211 = SEAM_CURVE('',#17212,(#17216,#17223),.PCURVE_S1.);
#17212 = LINE('',#17213,#17214);
#17213 = CARTESIAN_POINT('',(-37.,22.5,-1.));
#17214 = VECTOR('',#17215,1.);
#17215 = DIRECTION('',(0.,0.,1.));
#17216 = PCURVE('',#16979,#17217);
#17217 = DEFINITIONAL_REPRESENTATION('',(#17218),#17222);
#17218 = LINE('',#17219,#17220);
#17219 = CARTESIAN_POINT('',(-6.28318530718,0.));
#17220 = VECTOR('',#17221,1.);
#17221 = DIRECTION('',(-0.,-1.));
#17222 = ( GEOMETRIC_REPRESENTATION_CONTEXT(2) 
PARAMETRIC_REPRESENTATION_CONTEXT() REPRESENTATION_CONTEXT('2D SPACE',''
  ) );
#17223 = PCURVE('',#16979,#17224);
#17224 = DEFINITIONAL_REPRESENTATION('',(#17225),#17229);
#17225 = LINE('',#17226,#17227);
#17226 = CARTESIAN_POINT('',(-0.,0.));
#17227 = VECTOR('',#17228,1.);
#17228 = DIRECTION('',(-0.,-1.));
#17229 = ( GEOMETRIC_REPRESENTATION_CONTEXT(2) 
PARAMETRIC_REPRESENTATION_CONTEXT() REPRESENTATION_CONTEXT('2D SPACE',''
  ) );
#17230 = ORIENTED_EDGE('',*,*,#16958,.F.);
#17231 = ORIENTED_EDGE('',*,*,#17210,.F.);
#17232 = ( GEOMETRIC_REPRESENTATION_CONTEXT(3) 
GLOBAL_UNCERTAINTY_ASSIGNED_CONTEXT((#17236)) 
GLOBAL_UNIT_ASSIGNED_CONTEXT((#17233,#17234,#17235)) 
REPRESENTATION_CONTEXT('Context #1',
  '3D Context with UNIT and UNCERTAINTY') );
#17233 = ( LENGTH_UNIT() NAMED_UNIT(*) SI_UNIT(.MILLI.,.METRE.) );
#17234 = ( NAMED_UNIT(*) PLANE_ANGLE_UNIT() SI_UNIT($,.RADIAN.) );
#17235 = ( NAMED_UNIT(*) SI_UNIT($,.STERADIAN.) SOLID_ANGLE_UNIT() );
#17236 = UNCERTAINTY_MEASURE_WITH_UNIT(LENGTH_MEASURE(1.E-07),#17233,
  'distance_accuracy_value','confusion accuracy');
#17237 = CONTEXT_DEPENDENT_SHAPE_REPRESENTATION(#17238,#17240);
#17238 = ( REPRESENTATION_RELATIONSHIP('','',#16637,#15851) 
REPRESENTATION_RELATIONSHIP_WITH_TRANSFORMATION(#17239) 
SHAPE_REPRESENTATION_RELATIONSHIP() );
#17239 = ITEM_DEFINED_TRANSFORMATION('','',#11,#15860);
#17240 = PRODUCT_DEFINITION_SHAPE('Placement','Placement of an item',
  #17241);
#17241 = NEXT_ASSEMBLY_USAGE_OCCURRENCE('35','','',#15846,#16632,$);
#17242 = PRODUCT_RELATED_PRODUCT_CATEGORY('part',$,(#16634));
#17243 = SHAPE_DEFINITION_REPRESENTATION(#17244,#17250);
#17244 = PRODUCT_DEFINITION_SHAPE('','',#17245);
#17245 = PRODUCT_DEFINITION('design','',#17246,#17249);
#17246 = PRODUCT_DEFINITION_FORMATION('','',#17247);
#17247 = PRODUCT('Open CASCADE STEP translator 7.8 12.23',
  'Open CASCADE STEP translator 7.8 12.23','',(#17248));
#17248 = PRODUCT_CONTEXT('',#2,'mechanical');
#17249 = PRODUCT_DEFINITION_CONTEXT('part definition',#2,'design');
#17250 = SHAPE_REPRESENTATION('',(#11,#17251),#17255);
#17251 = AXIS2_PLACEMENT_3D('',#17252,#17253,#17254);
#17252 = CARTESIAN_POINT('',(0.,0.,0.));
#17253 = DIRECTION('',(0.,0.,1.));
#17254 = DIRECTION('',(1.,0.,-0.));
#17255 = ( GEOMETRIC_REPRESENTATION_CONTEXT(3) 
GLOBAL_UNCERTAINTY_ASSIGNED_CONTEXT((#17259)) 
GLOBAL_UNIT_ASSIGNED_CONTEXT((#17256,#17257,#17258)) 
REPRESENTATION_CONTEXT('Context #1',
  '3D Context with UNIT and UNCERTAINTY') );
#17256 = ( LENGTH_UNIT() NAMED_UNIT(*) SI_UNIT(.MILLI.,.METRE.) );
#17257 = ( NAMED_UNIT(*) PLANE_ANGLE_UNIT() SI_UNIT($,.RADIAN.) );
#17258 = ( NAMED_UNIT(*) SI_UNIT($,.STERADIAN.) SOLID_ANGLE_UNIT() );
#17259 = UNCERTAINTY_MEASURE_WITH_UNIT(LENGTH_MEASURE(1.E-07),#17256,
  'distance_accuracy_value','confusion accuracy');
#17260 = CONTEXT_DEPENDENT_SHAPE_REPRESENTATION(#17261,#17263);
#17261 = ( REPRESENTATION_RELATIONSHIP('','',#17250,#10) 
REPRESENTATION_RELATIONSHIP_WITH_TRANSFORMATION(#17262) 
SHAPE_REPRESENTATION_RELATIONSHIP() );
#17262 = ITEM_DEFINED_TRANSFORMATION('','',#11,#103);
#17263 = PRODUCT_DEFINITION_SHAPE('Placement','Placement of an item',
  #17264);
#17264 = NEXT_ASSEMBLY_USAGE_OCCURRENCE('39','','',#5,#17245,$);
#17265 = PRODUCT_RELATED_PRODUCT_CATEGORY('part',$,(#17247));
#17266 = CONTEXT_DEPENDENT_SHAPE_REPRESENTATION(#17267,#17269);
#17267 = ( REPRESENTATION_RELATIONSHIP('','',#15851,#17250) 
REPRESENTATION_RELATIONSHIP_WITH_TRANSFORMATION(#17268) 
SHAPE_REPRESENTATION_RELATIONSHIP() );
#17268 = ITEM_DEFINED_TRANSFORMATION('','',#11,#17251);
#17269 = PRODUCT_DEFINITION_SHAPE('Placement','Placement of an item',
  #17270);
#17270 = NEXT_ASSEMBLY_USAGE_OCCURRENCE('38','','',#17245,#15846,$);
#17271 = SHAPE_DEFINITION_REPRESENTATION(#17272,#17278);
#17272 = PRODUCT_DEFINITION_SHAPE('','',#17273);
#17273 = PRODUCT_DEFINITION('design','',#17274,#17277);
#17274 = PRODUCT_DEFINITION_FORMATION('','',#17275);
#17275 = PRODUCT('Open CASCADE STEP translator 7.8 12.24',
  'Open CASCADE STEP translator 7.8 12.24','',(#17276));
#17276 = PRODUCT_CONTEXT('',#2,'mechanical');
#17277 = PRODUCT_DEFINITION_CONTEXT('part definition',#2,'design');
#17278 = SHAPE_REPRESENTATION('',(#11,#17279),#17283);
#17279 = AXIS2_PLACEMENT_3D('',#17280,#17281,#17282);
#17280 = CARTESIAN_POINT('',(0.,0.,0.));
#17281 = DIRECTION('',(0.,0.,1.));
#17282 = DIRECTION('',(1.,0.,-0.));
#17283 = ( GEOMETRIC_REPRESENTATION_CONTEXT(3) 
GLOBAL_UNCERTAINTY_ASSIGNED_CONTEXT((#17287)) 
GLOBAL_UNIT_ASSIGNED_CONTEXT((#17284,#17285,#17286)) 
REPRESENTATION_CONTEXT('Context #1',
  '3D Context with UNIT and UNCERTAINTY') );
#17284 = ( LENGTH_UNIT() NAMED_UNIT(*) SI_UNIT(.MILLI.,.METRE.) );
#17285 = ( NAMED_UNIT(*) PLANE_ANGLE_UNIT() SI_UNIT($,.RADIAN.) );
#17286 = ( NAMED_UNIT(*) SI_UNIT($,.STERADIAN.) SOLID_ANGLE_UNIT() );
#17287 = UNCERTAINTY_MEASURE_WITH_UNIT(LENGTH_MEASURE(1.E-07),#17284,
  'distance_accuracy_value','confusion accuracy');
#17288 = CONTEXT_DEPENDENT_SHAPE_REPRESENTATION(#17289,#17291);
#17289 = ( REPRESENTATION_RELATIONSHIP('','',#17278,#10) 
REPRESENTATION_RELATIONSHIP_WITH_TRANSFORMATION(#17290) 
SHAPE_REPRESENTATION_RELATIONSHIP() );
#17290 = ITEM_DEFINED_TRANSFORMATION('','',#11,#107);
#17291 = PRODUCT_DEFINITION_SHAPE('Placement','Placement of an item',
  #17292);
#17292 = NEXT_ASSEMBLY_USAGE_OCCURRENCE('41','','',#5,#17273,$);
#17293 = PRODUCT_RELATED_PRODUCT_CATEGORY('part',$,(#17275));
#17294 = CONTEXT_DEPENDENT_SHAPE_REPRESENTATION(#17295,#17297);
#17295 = ( REPRESENTATION_RELATIONSHIP('','',#15851,#17278) 
REPRESENTATION_RELATIONSHIP_WITH_TRANSFORMATION(#17296) 
SHAPE_REPRESENTATION_RELATIONSHIP() );
#17296 = ITEM_DEFINED_TRANSFORMATION('','',#11,#17279);
#17297 = PRODUCT_DEFINITION_SHAPE('Placement','Placement of an item',
  #17298);
#17298 = NEXT_ASSEMBLY_USAGE_OCCURRENCE('40','','',#17273,#15846,$);
#17299 = SHAPE_DEFINITION_REPRESENTATION(#17300,#17306);
#17300 = PRODUCT_DEFINITION_SHAPE('','',#17301);
#17301 = PRODUCT_DEFINITION('design','',#17302,#17305);
#17302 = PRODUCT_DEFINITION_FORMATION('','',#17303);
#17303 = PRODUCT('Open CASCADE STEP translator 7.8 12.25',
  'Open CASCADE STEP translator 7.8 12.25','',(#17304));
#17304 = PRODUCT_CONTEXT('',#2,'mechanical');
#17305 = PRODUCT_DEFINITION_CONTEXT('part definition',#2,'design');
#17306 = SHAPE_REPRESENTATION('',(#11,#17307),#17311);
#17307 = AXIS2_PLACEMENT_3D('',#17308,#17309,#17310);
#17308 = CARTESIAN_POINT('',(0.,0.,0.));
#17309 = DIRECTION('',(0.,0.,1.));
#17310 = DIRECTION('',(1.,0.,-0.));
#17311 = ( GEOMETRIC_REPRESENTATION_CONTEXT(3) 
GLOBAL_UNCERTAINTY_ASSIGNED_CONTEXT((#17315)) 
GLOBAL_UNIT_ASSIGNED_CONTEXT((#17312,#17313,#17314)) 
REPRESENTATION_CONTEXT('Context #1',
  '3D Context with UNIT and UNCERTAINTY') );
#17312 = ( LENGTH_UNIT() NAMED_UNIT(*) SI_UNIT(.MILLI.,.METRE.) );
#17313 = ( NAMED_UNIT(*) PLANE_ANGLE_UNIT() SI_UNIT($,.RADIAN.) );
#17314 = ( NAMED_UNIT(*) SI_UNIT($,.STERADIAN.) SOLID_ANGLE_UNIT() );
#17315 = UNCERTAINTY_MEASURE_WITH_UNIT(LENGTH_MEASURE(1.E-07),#17312,
  'distance_accuracy_value','confusion accuracy');
#17316 = CONTEXT_DEPENDENT_SHAPE_REPRESENTATION(#17317,#17319);
#17317 = ( REPRESENTATION_RELATIONSHIP('','',#17306,#10) 
REPRESENTATION_RELATIONSHIP_WITH_TRANSFORMATION(#17318) 
SHAPE_REPRESENTATION_RELATIONSHIP() );
#17318 = ITEM_DEFINED_TRANSFORMATION('','',#11,#111);
#17319 = PRODUCT_DEFINITION_SHAPE('Placement','Placement of an item',
  #17320);
#17320 = NEXT_ASSEMBLY_USAGE_OCCURRENCE('43','','',#5,#17301,$);
#17321 = PRODUCT_RELATED_PRODUCT_CATEGORY('part',$,(#17303));
#17322 = CONTEXT_DEPENDENT_SHAPE_REPRESENTATION(#17323,#17325);
#17323 = ( REPRESENTATION_RELATIONSHIP('','',#15851,#17306) 
REPRESENTATION_RELATIONSHIP_WITH_TRANSFORMATION(#17324) 
SHAPE_REPRESENTATION_RELATIONSHIP() );
#17324 = ITEM_DEFINED_TRANSFORMATION('','',#11,#17307);
#17325 = PRODUCT_DEFINITION_SHAPE('Placement','Placement of an item',
  #17326);
#17326 = NEXT_ASSEMBLY_USAGE_OCCURRENCE('42','','',#17301,#15846,$);
#17327 = SHAPE_DEFINITION_REPRESENTATION(#17328,#17334);
#17328 = PRODUCT_DEFINITION_SHAPE('','',#17329);
#17329 = PRODUCT_DEFINITION('design','',#17330,#17333);
#17330 = PRODUCT_DEFINITION_FORMATION('','',#17331);
#17331 = PRODUCT('Open CASCADE STEP translator 7.8 12.26',
  'Open CASCADE STEP translator 7.8 12.26','',(#17332));
#17332 = PRODUCT_CONTEXT('',#2,'mechanical');
#17333 = PRODUCT_DEFINITION_CONTEXT('part definition',#2,'design');
#17334 = SHAPE_REPRESENTATION('',(#11,#17335),#17339);
#17335 = AXIS2_PLACEMENT_3D('',#17336,#17337,#17338);
#17336 = CARTESIAN_POINT('',(0.,0.,0.));
#17337 = DIRECTION('',(0.,0.,1.));
#17338 = DIRECTION('',(1.,0.,-0.));
#17339 = ( GEOMETRIC_REPRESENTATION_CONTEXT(3) 
GLOBAL_UNCERTAINTY_ASSIGNED_CONTEXT((#17343)) 
GLOBAL_UNIT_ASSIGNED_CONTEXT((#17340,#17341,#17342)) 
REPRESENTATION_CONTEXT('Context #1',
  '3D Context with UNIT and UNCERTAINTY') );
#17340 = ( LENGTH_UNIT() NAMED_UNIT(*) SI_UNIT(.MILLI.,.METRE.) );
#17341 = ( NAMED_UNIT(*) PLANE_ANGLE_UNIT() SI_UNIT($,.RADIAN.) );
#17342 = ( NAMED_UNIT(*) SI_UNIT($,.STERADIAN.) SOLID_ANGLE_UNIT() );
#17343 = UNCERTAINTY_MEASURE_WITH_UNIT(LENGTH_MEASURE(1.E-07),#17340,
  'distance_accuracy_value','confusion accuracy');
#17344 = CONTEXT_DEPENDENT_SHAPE_REPRESENTATION(#17345,#17347);
#17345 = ( REPRESENTATION_RELATIONSHIP('','',#17334,#10) 
REPRESENTATION_RELATIONSHIP_WITH_TRANSFORMATION(#17346) 
SHAPE_REPRESENTATION_RELATIONSHIP() );
#17346 = ITEM_DEFINED_TRANSFORMATION('','',#11,#115);
#17347 = PRODUCT_DEFINITION_SHAPE('Placement','Placement of an item',
  #17348);
#17348 = NEXT_ASSEMBLY_USAGE_OCCURRENCE('45','','',#5,#17329,$);
#17349 = PRODUCT_RELATED_PRODUCT_CATEGORY('part',$,(#17331));
#17350 = CONTEXT_DEPENDENT_SHAPE_REPRESENTATION(#17351,#17353);
#17351 = ( REPRESENTATION_RELATIONSHIP('','',#15851,#17334) 
REPRESENTATION_RELATIONSHIP_WITH_TRANSFORMATION(#17352) 
SHAPE_REPRESENTATION_RELATIONSHIP() );
#17352 = ITEM_DEFINED_TRANSFORMATION('','',#11,#17335);
#17353 = PRODUCT_DEFINITION_SHAPE('Placement','Placement of an item',
  #17354);
#17354 = NEXT_ASSEMBLY_USAGE_OCCURRENCE('44','','',#17329,#15846,$);
#17355 = SHAPE_DEFINITION_REPRESENTATION(#17356,#17362);
#17356 = PRODUCT_DEFINITION_SHAPE('','',#17357);
#17357 = PRODUCT_DEFINITION('design','',#17358,#17361);
#17358 = PRODUCT_DEFINITION_FORMATION('','',#17359);
#17359 = PRODUCT('Open CASCADE STEP translator 7.8 12.27',
  'Open CASCADE STEP translator 7.8 12.27','',(#17360));
#17360 = PRODUCT_CONTEXT('',#2,'mechanical');
#17361 = PRODUCT_DEFINITION_CONTEXT('part definition',#2,'design');
#17362 = SHAPE_REPRESENTATION('',(#11,#17363),#17367);
#17363 = AXIS2_PLACEMENT_3D('',#17364,#17365,#17366);
#17364 = CARTESIAN_POINT('',(0.,0.,0.));
#17365 = DIRECTION('',(0.,0.,1.));
#17366 = DIRECTION('',(1.,0.,-0.));
#17367 = ( GEOMETRIC_REPRESENTATION_CONTEXT(3) 
GLOBAL_UNCERTAINTY_ASSIGNED_CONTEXT((#17371)) 
GLOBAL_UNIT_ASSIGNED_CONTEXT((#17368,#17369,#17370)) 
REPRESENTATION_CONTEXT('Context #1',
  '3D Context with UNIT and UNCERTAINTY') );
#17368 = ( LENGTH_UNIT() NAMED_UNIT(*) SI_UNIT(.MILLI.,.METRE.) );
#17369 = ( NAMED_UNIT(*) PLANE_ANGLE_UNIT() SI_UNIT($,.RADIAN.) );
#17370 = ( NAMED_UNIT(*) SI_UNIT($,.STERADIAN.) SOLID_ANGLE_UNIT() );
#17371 = UNCERTAINTY_MEASURE_WITH_UNIT(LENGTH_MEASURE(1.E-07),#17368,
  'distance_accuracy_value','confusion accuracy');
#17372 = CONTEXT_DEPENDENT_SHAPE_REPRESENTATION(#17373,#17375);
#17373 = ( REPRESENTATION_RELATIONSHIP('','',#17362,#10) 
REPRESENTATION_RELATIONSHIP_WITH_TRANSFORMATION(#17374) 
SHAPE_REPRESENTATION_RELATIONSHIP() );
#17374 = ITEM_DEFINED_TRANSFORMATION('','',#11,#119);
#17375 = PRODUCT_DEFINITION_SHAPE('Placement','Placement of an item',
  #17376);
#17376 = NEXT_ASSEMBLY_USAGE_OCCURRENCE('47','','',#5,#17357,$);
#17377 = PRODUCT_RELATED_PRODUCT_CATEGORY('part',$,(#17359));
#17378 = CONTEXT_DEPENDENT_SHAPE_REPRESENTATION(#17379,#17381);
#17379 = ( REPRESENTATION_RELATIONSHIP('','',#15851,#17362) 
REPRESENTATION_RELATIONSHIP_WITH_TRANSFORMATION(#17380) 
SHAPE_REPRESENTATION_RELATIONSHIP() );
#17380 = ITEM_DEFINED_TRANSFORMATION('','',#11,#17363);
#17381 = PRODUCT_DEFINITION_SHAPE('Placement','Placement of an item',
  #17382);
#17382 = NEXT_ASSEMBLY_USAGE_OCCURRENCE('46','','',#17357,#15846,$);
ENDSEC;
END-ISO-10303-21;
